,0
0,0
1,1
2,1
3,1
4,1
5,1
6,1
7,0
8,1
9,1
10,1
11,0
12,0
13,1
14,1
15,1
16,1
17,1
18,1
19,1
20,1
21,1
22,1
23,1
24,1
25,1
26,0
27,0
28,0
29,0
30,1
31,1
32,0
33,1
34,1
35,1
36,0
37,1
38,1
39,1
40,1
41,1
42,1
43,1
44,1
45,1
46,0
47,1
48,1
49,1
50,1
51,1
52,1
53,1
54,1
55,0
56,0
57,1
58,1
59,1
60,1
61,1
62,0
63,0
64,1
65,1
66,0
67,1
68,1
69,1
70,1
71,1
72,1
73,1
74,1
75,0
76,1
77,0
78,0
79,1
80,1
81,0
82,1
83,1
84,1
85,0
86,0
87,1
88,1
89,1
90,0
91,1
92,0
93,0
94,1
95,1
96,1
97,1
98,1
99,0
100,0
101,1
102,1
103,1
104,1
105,1
106,1
107,1
108,1
109,0
110,1
111,1
112,0
113,1
114,0
115,1
116,1
117,0
118,1
119,1
120,1
121,1
122,0
123,0
124,1
125,0
126,0
127,1
128,1
129,0
130,1
131,1
132,1
133,1
134,0
135,0
136,0
137,1
138,1
139,1
140,1
141,1
142,1
143,0
144,1
145,0
146,1
147,0
148,1
149,1
150,1
151,0
152,1
153,1
154,0
155,0
156,0
157,1
158,1
159,1
160,1
161,0
162,0
163,0
164,1
165,0
166,1
167,0
168,1
169,1
170,0
171,1
172,1
173,0
174,1
175,1
176,1
177,1
178,1
179,0
180,1
181,1
182,1
183,1
184,0
185,1
186,1
187,1
188,1
189,1
190,1
191,1
192,1
193,1
194,0
195,0
196,1
197,0
198,1
199,1
200,1
201,0
202,1
203,1
204,1
205,1
206,0
207,0
208,1
209,1
210,1
211,1
212,1
213,1
214,0
215,0
216,1
217,1
218,0
219,0
220,1
221,1
222,1
223,1
224,0
225,1
226,0
227,1
228,1
229,0
230,1
231,1
232,1
233,1
234,1
235,1
236,1
237,1
238,0
239,1
240,0
241,1
242,0
243,0
244,1
245,1
246,0
247,0
248,0
249,1
250,1
251,1
252,1
253,0
254,1
255,0
256,1
257,0
258,0
259,1
260,1
261,1
262,1
263,1
264,0
265,0
266,1
267,1
268,0
269,1
270,1
271,0
272,0
273,1
274,1
275,1
276,1
277,0
278,0
279,1
280,1
281,1
282,0
283,1
284,1
285,1
286,1
287,1
288,1
289,0
290,1
291,1
292,0
293,0
294,1
295,1
296,0
297,0
298,1
299,1
300,0
301,1
302,0
303,1
304,0
305,1
306,1
307,1
308,1
309,1
310,1
311,1
312,1
313,1
314,1
315,1
316,1
317,1
318,1
319,1
320,1
321,0
322,0
323,0
324,0
325,1
326,1
327,1
328,0
329,1
330,0
331,1
332,1
333,1
334,1
335,1
336,1
337,1
338,1
339,0
340,1
341,0
342,0
343,0
344,1
345,0
346,1
347,1
348,1
349,0
350,1
351,1
352,1
353,1
354,1
355,1
356,1
357,0
358,0
359,1
360,1
361,1
362,1
363,1
364,1
365,1
366,0
367,1
368,0
369,1
370,1
371,1
372,0
373,1
374,0
375,1
376,1
377,0
378,1
379,1
380,1
381,1
382,1
383,1
384,1
385,1
386,0
387,0
388,0
389,0
390,1
391,1
392,1
393,1
394,1
395,1
396,1
397,1
398,1
399,1
400,1
401,1
402,1
403,1
404,0
405,0
406,1
407,1
408,1
409,1
410,1
411,1
412,0
413,1
414,0
415,1
416,0
417,1
418,1
419,1
420,1
421,1
422,0
423,1
424,0
425,1
426,1
427,0
428,1
429,1
430,1
431,0
432,1
433,0
434,1
435,1
436,0
437,1
438,0
439,0
440,0
441,1
442,1
443,0
444,1
445,1
446,1
447,0
448,1
449,1
450,1
451,1
452,0
453,1
454,1
455,1
456,0
457,1
458,1
459,1
460,0
461,1
462,1
463,1
464,1
465,1
466,1
467,1
468,1
469,1
470,0
471,1
472,1
473,0
474,1
475,1
476,0
477,1
478,1
479,1
480,1
481,1
482,1
483,0
484,1
485,1
486,1
487,1
488,1
489,0
490,0
491,0
492,0
493,0
494,0
495,0
496,1
497,1
498,0
499,1
500,1
501,1
502,1
503,1
504,0
505,1
506,1
507,0
508,1
509,1
510,0
511,1
512,1
513,1
514,1
515,0
516,1
517,0
518,1
519,1
520,1
521,0
522,1
523,0
524,0
525,1
526,1
527,0
528,0
529,1
530,0
531,1
532,1
533,0
534,1
535,1
536,1
537,1
538,1
539,0
540,1
541,0
542,1
543,1
544,0
545,1
546,1
547,1
548,1
549,1
550,1
551,1
552,1
553,1
554,0
555,0
556,1
557,0
558,1
559,0
560,0
561,1
562,1
563,1
564,1
565,1
566,1
567,1
568,1
569,1
570,0
571,1
572,1
573,1
574,0
575,1
576,1
577,1
578,0
579,1
580,1
581,0
582,1
583,1
584,1
585,1
586,0
587,1
588,1
589,1
590,1
591,1
592,1
593,1
594,0
595,1
596,1
597,1
598,1
599,0
600,1
601,0
602,1
603,1
604,1
605,0
606,1
607,1
608,1
609,0
610,1
611,1
612,1
613,1
614,1
615,1
616,1
617,1
618,1
619,1
620,0
621,1
622,1
623,1
624,0
625,0
626,1
627,0
628,0
629,0
630,1
631,1
632,1
633,0
634,1
635,0
636,1
637,1
638,0
639,1
640,0
641,1
642,1
643,1
644,1
645,1
646,1
647,1
648,1
649,1
650,1
651,1
652,1
653,1
654,0
655,1
656,1
657,1
658,1
659,1
660,0
661,0
662,1
663,0
664,0
665,1
666,0
667,1
668,1
669,0
670,1
671,1
672,0
673,1
674,1
675,0
676,1
677,1
678,1
679,1
680,1
681,0
682,0
683,1
684,1
685,1
686,1
687,0
688,1
689,0
690,1
691,0
692,1
693,0
694,0
695,1
696,1
697,1
698,0
699,1
700,1
701,1
702,1
703,0
704,1
705,0
706,1
707,1
708,1
709,1
710,1
711,0
712,1
713,1
714,0
715,1
716,1
717,0
718,1
719,0
720,1
721,1
722,0
723,0
724,1
725,1
726,1
727,0
728,1
729,0
730,1
731,1
732,1
733,1
734,1
735,1
736,0
737,0
738,1
739,1
740,1
741,1
742,0
743,0
744,1
745,1
746,1
747,0
748,1
749,1
750,1
751,0
752,1
753,0
754,1
755,1
756,0
757,0
758,1
759,0
760,1
761,1
762,0
763,0
764,1
765,1
766,1
767,1
768,1
769,1
770,1
771,1
772,1
773,1
774,0
775,1
776,1
777,0
778,1
779,0
780,1
781,1
782,0
783,0
784,1
785,1
786,1
787,1
788,0
789,1
790,1
791,1
792,1
793,1
794,0
795,1
796,1
797,1
798,0
799,1
800,1
801,1
802,1
803,1
804,0
805,0
806,1
807,1
808,0
809,1
810,1
811,0
812,1
813,1
814,1
815,1
816,1
817,1
818,1
819,1
820,1
821,1
822,0
823,1
824,1
825,1
826,1
827,1
828,1
829,1
830,1
831,1
832,1
833,0
834,1
835,1
836,1
837,0
838,1
839,1
840,1
841,1
842,1
843,0
844,1
845,1
846,1
847,0
848,1
849,1
850,1
851,1
852,1
853,0
854,1
855,0
856,1
857,0
858,1
859,1
860,1
861,0
862,1
863,1
864,0
865,1
866,1
867,1
868,1
869,1
870,1
871,0
872,0
873,1
874,0
875,1
876,1
877,1
878,1
879,1
880,1
881,1
882,1
883,1
884,1
885,0
886,0
887,0
888,1
889,1
890,1
891,1
892,1
893,1
894,0
895,0
896,1
897,1
898,1
899,1
900,1
901,0
902,0
903,0
904,0
905,1
906,1
907,0
908,1
909,1
910,0
911,0
912,1
913,1
914,0
915,1
916,1
917,0
918,1
919,1
920,1
921,1
922,1
923,1
924,1
925,1
926,1
927,1
928,0
929,1
930,0
931,0
932,1
933,1
934,0
935,1
936,1
937,1
938,1
939,0
940,1
941,0
942,1
943,1
944,1
945,1
946,0
947,0
948,1
949,1
950,1
951,0
952,1
953,1
954,0
955,1
956,1
957,1
958,1
959,1
960,1
961,1
962,1
963,1
964,0
965,1
966,0
967,1
968,0
969,0
970,1
971,0
972,0
973,1
974,1
975,1
976,1
977,0
978,0
979,1
980,1
981,1
982,1
983,1
984,1
985,1
986,1
987,1
988,0
989,1
990,1
991,1
992,0
993,1
994,1
995,0
996,1
997,1
998,1
999,1
1000,1
1001,1
1002,1
1003,1
1004,1
1005,1
1006,1
1007,0
1008,1
1009,0
1010,0
1011,1
1012,0
1013,1
1014,1
1015,1
1016,0
1017,0
1018,0
1019,1
1020,1
1021,0
1022,1
1023,1
1024,1
1025,1
1026,1
1027,1
1028,0
1029,1
1030,0
1031,0
1032,1
1033,1
1034,0
1035,1
1036,0
1037,1
1038,1
1039,1
1040,1
1041,1
1042,0
1043,1
1044,0
1045,1
1046,1
1047,1
1048,0
1049,1
1050,1
1051,1
1052,1
1053,1
1054,1
1055,1
1056,1
1057,1
1058,1
1059,0
1060,1
1061,1
1062,0
1063,1
1064,1
1065,1
1066,0
1067,1
1068,1
1069,0
1070,1
1071,1
1072,1
1073,1
1074,1
1075,0
1076,0
1077,1
1078,0
1079,1
1080,1
1081,1
1082,1
1083,1
1084,1
1085,1
1086,1
1087,1
1088,1
1089,1
1090,1
1091,1
1092,1
1093,1
1094,1
1095,1
1096,1
1097,1
1098,0
1099,1
1100,0
1101,1
1102,1
1103,0
1104,1
1105,1
1106,1
1107,1
1108,1
1109,1
1110,1
1111,1
1112,1
1113,1
1114,1
1115,1
1116,1
1117,1
1118,1
1119,1
1120,1
1121,1
1122,1
1123,1
1124,1
1125,1
1126,1
1127,1
1128,0
1129,1
1130,1
1131,0
1132,0
1133,1
1134,1
1135,0
1136,0
1137,1
1138,1
1139,1
1140,0
1141,1
1142,0
1143,1
1144,1
1145,1
1146,1
1147,1
1148,1
1149,0
1150,0
1151,1
1152,1
1153,0
1154,1
1155,0
1156,1
1157,1
1158,1
1159,1
1160,1
1161,0
1162,0
1163,1
1164,1
1165,1
1166,1
1167,1
1168,0
1169,1
1170,1
1171,1
1172,1
1173,1
1174,1
1175,0
1176,0
1177,1
1178,1
1179,0
1180,1
1181,1
1182,1
1183,1
1184,1
1185,1
1186,0
1187,1
1188,1
1189,1
1190,0
1191,0
1192,0
1193,1
1194,0
1195,1
1196,0
1197,1
1198,1
1199,0
1200,1
1201,1
1202,1
1203,0
1204,1
1205,1
1206,0
1207,1
1208,0
1209,1
1210,1
1211,1
1212,1
1213,0
1214,0
1215,1
1216,1
1217,1
1218,1
1219,0
1220,0
1221,1
1222,1
1223,1
1224,0
1225,0
1226,1
1227,0
1228,1
1229,1
1230,1
1231,0
1232,0
1233,0
1234,1
1235,0
1236,1
1237,1
1238,0
1239,1
1240,0
1241,0
1242,1
1243,1
1244,1
1245,1
1246,1
1247,0
1248,0
1249,0
1250,1
1251,0
1252,1
1253,0
1254,1
1255,1
1256,1
1257,1
1258,0
1259,1
1260,1
1261,1
1262,0
1263,1
1264,1
1265,1
1266,0
1267,1
1268,1
1269,0
1270,1
1271,1
1272,0
1273,1
1274,1
1275,1
1276,1
1277,1
1278,0
1279,1
1280,1
1281,1
1282,1
1283,0
1284,0
1285,1
1286,1
1287,1
1288,1
1289,1
1290,1
1291,1
1292,0
1293,1
1294,0
1295,0
1296,1
1297,1
1298,0
1299,1
1300,0
1301,0
1302,0
1303,1
1304,1
1305,1
1306,0
1307,1
1308,1
1309,1
1310,1
1311,0
1312,1
1313,1
1314,1
1315,1
1316,0
1317,1
1318,1
1319,1
1320,1
1321,1
1322,1
1323,1
1324,1
1325,1
1326,1
1327,1
1328,0
1329,1
1330,1
1331,1
1332,1
1333,1
1334,1
1335,1
1336,1
1337,0
1338,0
1339,1
1340,0
1341,1
1342,0
1343,0
1344,1
1345,1
1346,1
1347,0
1348,1
1349,1
1350,0
1351,0
1352,1
1353,1
1354,1
1355,0
1356,0
1357,1
1358,0
1359,1
1360,0
1361,0
1362,1
1363,0
1364,1
1365,1
1366,1
1367,1
1368,1
1369,0
1370,0
1371,1
1372,1
1373,0
1374,1
1375,0
1376,1
1377,1
1378,1
1379,1
1380,1
1381,1
1382,0
1383,1
1384,1
1385,1
1386,0
1387,1
1388,1
1389,0
1390,0
1391,1
1392,0
1393,1
1394,0
1395,1
1396,1
1397,1
1398,1
1399,1
1400,0
1401,0
1402,1
1403,1
1404,1
1405,1
1406,1
1407,0
1408,1
1409,1
1410,0
1411,1
1412,0
1413,1
1414,0
1415,1
1416,1
1417,1
1418,1
1419,1
1420,1
1421,1
1422,0
1423,1
1424,1
1425,1
1426,1
1427,1
1428,1
1429,1
1430,1
1431,1
1432,1
1433,1
1434,1
1435,0
1436,1
1437,1
1438,1
1439,0
1440,1
1441,0
1442,1
1443,0
1444,1
1445,1
1446,1
1447,1
1448,1
1449,1
1450,1
1451,0
1452,0
1453,1
1454,0
1455,1
1456,0
1457,0
1458,0
1459,1
1460,1
1461,1
1462,1
1463,0
1464,1
1465,1
1466,1
1467,1
1468,1
1469,1
1470,1
1471,1
1472,1
1473,1
1474,1
1475,1
1476,1
1477,1
1478,1
1479,0
1480,1
1481,1
1482,0
1483,1
1484,1
1485,1
1486,1
1487,1
1488,0
1489,0
1490,1
1491,1
1492,0
1493,1
1494,1
1495,1
1496,1
1497,1
1498,1
1499,0
1500,1
1501,0
1502,1
1503,0
1504,1
1505,1
1506,1
1507,1
1508,1
1509,1
1510,0
1511,0
1512,1
1513,1
1514,1
1515,0
1516,1
1517,0
1518,0
1519,0
1520,0
1521,0
1522,1
1523,1
1524,1
1525,1
1526,1
1527,0
1528,1
1529,0
1530,1
1531,1
1532,1
1533,1
1534,1
1535,0
1536,1
1537,1
1538,0
1539,1
1540,1
1541,1
1542,0
1543,1
1544,0
1545,0
1546,0
1547,0
1548,1
1549,1
1550,1
1551,1
1552,1
1553,1
1554,1
1555,0
1556,0
1557,0
1558,1
1559,1
1560,1
1561,1
1562,0
1563,1
1564,0
1565,1
1566,1
1567,0
1568,1
1569,1
1570,1
1571,1
1572,1
1573,1
1574,1
1575,1
1576,1
1577,0
1578,0
1579,1
1580,1
1581,1
1582,1
1583,1
1584,1
1585,0
1586,0
1587,1
1588,1
1589,0
1590,1
1591,1
1592,1
1593,1
1594,0
1595,1
1596,0
1597,1
1598,1
1599,1
1600,1
1601,1
1602,1
1603,1
1604,0
1605,1
1606,0
1607,1
1608,1
1609,1
1610,1
1611,0
1612,0
1613,0
1614,1
1615,1
1616,1
1617,1
1618,1
1619,1
1620,0
1621,1
1622,1
1623,0
1624,1
1625,1
1626,1
1627,1
1628,1
1629,1
1630,1
1631,1
1632,1
1633,1
1634,1
1635,1
1636,1
1637,1
1638,0
1639,1
1640,1
1641,1
1642,1
1643,1
1644,1
1645,0
1646,1
1647,0
1648,0
1649,0
1650,1
1651,1
1652,1
1653,0
1654,1
1655,0
1656,1
1657,1
1658,1
1659,1
1660,0
1661,0
1662,0
1663,1
1664,1
1665,0
1666,0
1667,1
1668,1
1669,0
1670,1
1671,1
1672,1
1673,0
1674,1
1675,1
1676,1
1677,0
1678,1
1679,1
1680,1
1681,1
1682,0
1683,1
1684,1
1685,0
1686,1
1687,0
1688,1
1689,1
1690,1
1691,1
1692,1
1693,1
1694,1
1695,0
1696,0
1697,1
1698,1
1699,1
1700,0
1701,0
1702,1
1703,1
1704,1
1705,1
1706,0
1707,1
1708,1
1709,1
1710,0
1711,1
1712,1
1713,1
1714,1
1715,1
1716,1
1717,1
1718,1
1719,1
1720,1
1721,1
1722,1
1723,1
1724,0
1725,0
1726,1
1727,1
1728,1
1729,1
1730,1
1731,1
1732,1
1733,1
1734,1
1735,1
1736,1
1737,1
1738,0
1739,1
1740,1
1741,0
1742,1
1743,0
1744,1
1745,1
1746,0
1747,1
1748,1
1749,1
1750,0
1751,1
1752,0
1753,1
1754,0
1755,0
1756,1
1757,0
1758,1
1759,1
1760,1
1761,1
1762,1
1763,0
1764,0
1765,1
1766,1
1767,1
1768,0
1769,1
1770,1
1771,1
1772,1
1773,0
1774,1
1775,1
1776,1
1777,1
1778,1
1779,1
1780,1
1781,1
1782,0
1783,1
1784,1
1785,1
1786,1
1787,1
1788,0
1789,1
1790,0
1791,0
1792,1
1793,0
1794,0
1795,1
1796,1
1797,0
1798,1
1799,1
1800,1
1801,1
1802,1
1803,1
1804,1
1805,1
1806,0
1807,0
1808,1
1809,1
1810,1
1811,1
1812,0
1813,1
1814,1
1815,1
1816,1
1817,1
1818,0
1819,1
1820,0
1821,1
1822,1
1823,0
1824,0
1825,1
1826,1
1827,1
1828,1
1829,1
1830,1
1831,1
1832,1
1833,1
1834,1
1835,1
1836,1
1837,1
1838,1
1839,1
1840,1
1841,1
1842,1
1843,1
1844,1
1845,1
1846,0
1847,1
1848,1
1849,1
1850,1
1851,1
1852,1
1853,1
1854,1
1855,1
1856,0
1857,1
1858,1
1859,0
1860,1
1861,1
1862,1
1863,1
1864,1
1865,1
1866,1
1867,1
1868,1
1869,1
1870,1
1871,1
1872,1
1873,1
1874,0
1875,0
1876,1
1877,1
1878,0
1879,1
1880,0
1881,0
1882,1
1883,1
1884,1
1885,1
1886,0
1887,1
1888,1
1889,1
1890,1
1891,0
1892,0
1893,1
1894,0
1895,0
1896,1
1897,1
1898,0
1899,0
1900,1
1901,1
1902,1
1903,1
1904,1
1905,1
1906,0
1907,1
1908,1
1909,1
1910,1
1911,1
1912,1
1913,1
1914,1
1915,0
1916,0
1917,1
1918,1
1919,1
1920,1
1921,1
1922,1
1923,0
1924,1
1925,0
1926,1
1927,1
1928,1
1929,0
1930,1
1931,1
1932,1
1933,0
1934,1
1935,0
1936,1
1937,1
1938,0
1939,0
1940,1
1941,0
1942,1
1943,1
1944,1
1945,0
1946,1
1947,1
1948,0
1949,1
1950,1
1951,0
1952,1
1953,1
1954,1
1955,1
1956,1
1957,1
1958,1
1959,1
1960,0
1961,1
1962,1
1963,1
1964,1
1965,1
1966,1
1967,1
1968,0
1969,1
1970,1
1971,1
1972,0
1973,0
1974,1
1975,1
1976,1
1977,1
1978,1
1979,0
1980,1
1981,0
1982,0
1983,1
1984,1
1985,0
1986,1
1987,1
1988,1
1989,1
1990,0
1991,0
1992,0
1993,1
1994,0
1995,1
1996,1
1997,0
1998,0
1999,0
2000,1
2001,1
2002,0
2003,1
2004,0
2005,1
2006,0
2007,1
2008,1
2009,0
2010,0
2011,1
2012,1
2013,1
2014,1
2015,1
2016,0
2017,1
2018,1
2019,1
2020,0
2021,1
2022,0
2023,1
2024,0
2025,1
2026,1
2027,0
2028,1
2029,1
2030,0
2031,1
2032,1
2033,0
2034,0
2035,0
2036,0
2037,0
2038,1
2039,1
2040,1
2041,1
2042,1
2043,0
2044,0
2045,1
2046,1
2047,0
2048,0
2049,1
2050,1
2051,0
2052,1
2053,1
2054,1
2055,1
2056,1
2057,1
2058,1
2059,0
2060,1
2061,0
2062,1
2063,1
2064,1
2065,1
2066,1
2067,0
2068,0
2069,1
2070,0
2071,1
2072,1
2073,1
2074,0
2075,1
2076,1
2077,1
2078,0
2079,1
2080,0
2081,1
2082,0
2083,0
2084,0
2085,0
2086,1
2087,1
2088,1
2089,1
2090,1
2091,1
2092,0
2093,1
2094,1
2095,1
2096,0
2097,0
2098,1
2099,0
2100,0
2101,1
2102,0
2103,1
2104,1
2105,1
2106,1
2107,1
2108,0
2109,0
2110,0
2111,0
2112,1
2113,1
2114,0
2115,1
2116,0
2117,1
2118,1
2119,0
2120,1
2121,1
2122,0
2123,0
2124,0
2125,0
2126,1
2127,1
2128,1
2129,1
2130,1
2131,1
2132,1
2133,1
2134,1
2135,1
2136,1
2137,0
2138,1
2139,1
2140,1
2141,1
2142,1
2143,1
2144,1
2145,0
2146,1
2147,1
2148,1
2149,0
2150,1
2151,0
2152,1
2153,1
2154,1
2155,1
2156,1
2157,1
2158,1
2159,1
2160,0
2161,0
2162,0
2163,1
2164,1
2165,1
2166,1
2167,0
2168,0
2169,1
2170,0
2171,1
2172,0
2173,1
2174,1
2175,1
2176,0
2177,1
2178,0
2179,1
2180,0
2181,0
2182,0
2183,1
2184,1
2185,0
2186,1
2187,1
2188,1
2189,1
2190,1
2191,1
2192,0
2193,1
2194,0
2195,1
2196,1
2197,1
2198,0
2199,1
2200,1
2201,1
2202,1
2203,1
2204,1
2205,1
2206,0
2207,1
2208,1
2209,1
2210,1
2211,1
2212,1
2213,1
2214,1
2215,0
2216,0
2217,0
2218,0
2219,0
2220,1
2221,1
2222,1
2223,1
2224,0
2225,0
2226,1
2227,0
2228,1
2229,1
2230,1
2231,1
2232,1
2233,1
2234,1
2235,1
2236,0
2237,0
2238,1
2239,0
2240,1
2241,1
2242,1
2243,0
2244,1
2245,1
2246,1
2247,0
2248,1
2249,1
2250,1
2251,1
2252,1
2253,1
2254,1
2255,0
2256,1
2257,1
2258,1
2259,0
2260,1
2261,0
2262,0
2263,1
2264,1
2265,1
2266,1
2267,0
2268,1
2269,0
2270,1
2271,1
2272,1
2273,1
2274,1
2275,1
2276,1
2277,1
2278,0
2279,1
2280,1
2281,0
2282,1
2283,1
2284,1
2285,1
2286,0
2287,1
2288,0
2289,0
2290,1
2291,0
2292,1
2293,1
2294,1
2295,1
2296,0
2297,1
2298,0
2299,0
2300,1
2301,1
2302,0
2303,1
2304,1
2305,0
2306,1
2307,0
2308,1
2309,1
2310,0
2311,1
2312,1
2313,1
2314,0
2315,1
2316,1
2317,1
2318,1
2319,1
2320,1
2321,1
2322,1
2323,0
2324,0
2325,1
2326,1
2327,1
2328,0
2329,1
2330,1
2331,1
2332,1
2333,1
2334,0
2335,1
2336,1
2337,0
2338,1
2339,1
2340,1
2341,1
2342,1
2343,0
2344,1
2345,0
2346,1
2347,1
2348,0
2349,1
2350,1
2351,1
2352,0
2353,0
2354,1
2355,1
2356,1
2357,0
2358,1
2359,1
2360,1
2361,0
2362,0
2363,0
2364,1
2365,1
2366,0
2367,1
2368,1
2369,1
2370,0
2371,1
2372,1
2373,0
2374,1
2375,1
2376,0
2377,1
2378,1
2379,1
2380,1
2381,1
2382,0
2383,1
2384,1
2385,1
2386,1
2387,1
2388,1
2389,0
2390,1
2391,0
2392,1
2393,1
2394,1
2395,1
2396,1
2397,1
2398,1
2399,1
2400,1
2401,0
2402,1
2403,0
2404,1
2405,0
2406,1
2407,1
2408,1
2409,0
2410,1
2411,1
2412,0
2413,0
2414,1
2415,1
2416,0
2417,1
2418,1
2419,1
2420,1
2421,1
2422,0
2423,1
2424,1
2425,0
2426,1
2427,1
2428,0
2429,1
2430,0
2431,1
2432,0
2433,1
2434,1
2435,0
2436,0
2437,1
2438,1
2439,1
2440,1
2441,0
2442,1
2443,1
2444,0
2445,1
2446,1
2447,0
2448,1
2449,1
2450,0
2451,0
2452,1
2453,1
2454,1
2455,0
2456,1
2457,1
2458,0
2459,1
2460,1
2461,1
2462,1
2463,1
2464,0
2465,0
2466,0
2467,1
2468,1
2469,1
2470,1
2471,1
2472,1
2473,1
2474,1
2475,1
2476,0
2477,0
2478,1
2479,1
2480,0
2481,1
2482,0
2483,1
2484,1
2485,1
2486,1
2487,0
2488,0
2489,1
2490,0
2491,0
2492,1
2493,1
2494,1
2495,1
2496,1
2497,0
2498,1
2499,0
2500,1
2501,1
2502,1
2503,1
2504,1
2505,1
2506,1
2507,0
2508,1
2509,0
2510,1
2511,0
2512,1
2513,1
2514,0
2515,1
2516,1
2517,1
2518,1
2519,1
2520,0
2521,1
2522,0
2523,1
2524,0
2525,1
2526,1
2527,1
2528,0
2529,1
2530,1
2531,0
2532,0
2533,1
2534,1
2535,1
2536,1
2537,1
2538,1
2539,1
2540,0
2541,1
2542,1
2543,1
2544,1
2545,1
2546,1
2547,1
2548,1
2549,1
2550,1
2551,0
2552,1
2553,0
2554,1
2555,1
2556,1
2557,1
2558,1
2559,1
2560,0
2561,1
2562,1
2563,1
2564,1
2565,0
2566,1
2567,1
2568,1
2569,0
2570,1
2571,1
2572,1
2573,1
2574,1
2575,1
2576,1
2577,0
2578,1
2579,1
2580,1
2581,1
2582,1
2583,1
2584,1
2585,0
2586,1
2587,1
2588,0
2589,1
2590,0
2591,1
2592,1
2593,0
2594,1
2595,0
2596,1
2597,1
2598,1
2599,1
2600,1
2601,1
2602,1
2603,1
2604,1
2605,0
2606,0
2607,1
2608,1
2609,1
2610,1
2611,1
2612,0
2613,1
2614,1
2615,0
2616,1
2617,0
2618,1
2619,1
2620,1
2621,1
2622,0
2623,0
2624,0
2625,1
2626,0
2627,1
2628,1
2629,1
2630,0
2631,0
2632,1
2633,1
2634,1
2635,0
2636,0
2637,1
2638,0
2639,1
2640,1
2641,0
2642,1
2643,1
2644,0
2645,0
2646,1
2647,0
2648,1
2649,1
2650,1
2651,1
2652,1
2653,0
2654,0
2655,0
2656,1
2657,1
2658,1
2659,1
2660,1
2661,1
2662,0
2663,1
2664,1
2665,0
2666,0
2667,1
2668,1
2669,1
2670,1
2671,1
2672,1
2673,1
2674,1
2675,1
2676,1
2677,1
2678,0
2679,1
2680,1
2681,1
2682,1
2683,0
2684,1
2685,1
2686,1
2687,1
2688,1
2689,1
2690,0
2691,1
2692,1
2693,1
2694,1
2695,0
2696,1
2697,1
2698,1
2699,0
2700,1
2701,1
2702,1
2703,1
2704,1
2705,1
2706,1
2707,1
2708,1
2709,1
2710,0
2711,1
2712,1
2713,1
2714,1
2715,0
2716,1
2717,1
2718,0
2719,1
2720,1
2721,1
2722,1
2723,0
2724,1
2725,0
2726,1
2727,1
2728,1
2729,1
2730,1
2731,1
2732,1
2733,1
2734,1
2735,1
2736,1
2737,1
2738,0
2739,0
2740,1
2741,1
2742,1
2743,1
2744,1
2745,1
2746,1
2747,0
2748,1
2749,0
2750,1
2751,1
2752,1
2753,1
2754,1
2755,0
2756,1
2757,1
2758,1
2759,1
2760,1
2761,1
2762,1
2763,1
2764,1
2765,0
2766,1
2767,1
2768,1
2769,1
2770,0
2771,1
2772,1
2773,1
2774,1
2775,1
2776,1
2777,0
2778,1
2779,1
2780,1
2781,0
2782,1
2783,1
2784,1
2785,1
2786,0
2787,1
2788,0
2789,0
2790,1
2791,1
2792,1
2793,0
2794,0
2795,0
2796,0
2797,0
2798,0
2799,0
2800,1
2801,0
2802,0
2803,1
2804,1
2805,1
2806,0
2807,1
2808,0
2809,1
2810,1
2811,1
2812,0
2813,0
2814,1
2815,0
2816,1
2817,1
2818,1
2819,1
2820,1
2821,0
2822,1
2823,1
2824,1
2825,1
2826,0
2827,1
2828,1
2829,0
2830,1
2831,0
2832,1
2833,0
2834,1
2835,1
2836,0
2837,1
2838,1
2839,1
2840,1
2841,0
2842,1
2843,0
2844,1
2845,1
2846,1
2847,1
2848,1
2849,0
2850,1
2851,0
2852,1
2853,1
2854,1
2855,1
2856,0
2857,1
2858,0
2859,0
2860,1
2861,1
2862,1
2863,1
2864,0
2865,1
2866,1
2867,1
2868,1
2869,1
2870,1
2871,1
2872,1
2873,1
2874,0
2875,0
2876,1
2877,1
2878,0
2879,1
2880,0
2881,0
2882,1
2883,0
2884,0
2885,1
2886,0
2887,0
2888,1
2889,0
2890,1
2891,1
2892,1
2893,1
2894,1
2895,1
2896,0
2897,1
2898,1
2899,1
2900,1
2901,1
2902,0
2903,0
2904,0
2905,1
2906,1
2907,1
2908,1
2909,0
2910,1
2911,1
2912,1
2913,1
2914,1
2915,1
2916,0
2917,1
2918,1
2919,1
2920,1
2921,0
2922,1
2923,1
2924,1
2925,1
2926,1
2927,1
2928,0
2929,0
2930,1
2931,1
2932,1
2933,1
2934,1
2935,1
2936,1
2937,1
2938,1
2939,1
2940,0
2941,1
2942,1
2943,1
2944,1
2945,0
2946,0
2947,1
2948,1
2949,1
2950,1
2951,1
2952,1
2953,0
2954,1
2955,1
2956,0
2957,1
2958,1
2959,0
2960,1
2961,1
2962,1
2963,1
2964,1
2965,1
2966,0
2967,0
2968,0
2969,0
2970,1
2971,1
2972,1
2973,1
2974,0
2975,0
2976,0
2977,1
2978,0
2979,0
2980,1
2981,1
2982,0
2983,1
2984,1
2985,1
2986,1
2987,1
2988,1
2989,1
2990,1
2991,1
2992,0
2993,1
2994,0
2995,1
2996,1
2997,1
2998,1
2999,1
3000,1
3001,1
3002,1
3003,0
3004,0
3005,1
3006,1
3007,1
3008,1
3009,1
3010,0
3011,0
3012,1
3013,1
3014,1
3015,1
3016,1
3017,1
3018,1
3019,1
3020,1
3021,1
3022,0
3023,0
3024,1
3025,0
3026,1
3027,1
3028,1
3029,0
3030,1
3031,1
3032,1
3033,1
3034,1
3035,1
3036,1
3037,0
3038,1
3039,0
3040,1
3041,1
3042,0
3043,0
3044,1
3045,0
3046,1
3047,1
3048,0
3049,1
3050,1
3051,1
3052,1
3053,1
3054,1
3055,1
3056,1
3057,1
3058,1
3059,1
3060,1
3061,1
3062,0
3063,1
3064,0
3065,1
3066,0
3067,0
3068,1
3069,1
3070,1
3071,1
3072,1
3073,0
3074,1
3075,0
3076,1
3077,1
3078,1
3079,0
3080,1
3081,1
3082,1
3083,1
3084,1
3085,1
3086,0
3087,1
3088,1
3089,1
3090,1
3091,1
3092,1
3093,1
3094,0
3095,0
3096,1
3097,0
3098,1
3099,1
3100,1
3101,1
3102,1
3103,0
3104,1
3105,0
3106,1
3107,1
3108,0
3109,1
3110,0
3111,0
3112,1
3113,1
3114,0
3115,1
3116,1
3117,1
3118,0
3119,0
3120,1
3121,1
3122,1
3123,1
3124,1
3125,1
3126,1
3127,1
3128,1
3129,1
3130,1
3131,1
3132,0
3133,1
3134,1
3135,0
3136,0
3137,1
3138,1
3139,0
3140,1
3141,1
3142,1
3143,1
3144,1
3145,1
3146,0
3147,1
3148,1
3149,1
3150,1
3151,1
3152,0
3153,1
3154,1
3155,1
3156,0
3157,1
3158,1
3159,1
3160,1
3161,1
3162,1
3163,1
3164,1
3165,1
3166,1
3167,1
3168,1
3169,0
3170,1
3171,1
3172,1
3173,0
3174,1
3175,1
3176,1
3177,1
3178,1
3179,1
3180,1
3181,1
3182,0
3183,1
3184,1
3185,1
3186,1
3187,1
3188,1
3189,1
3190,1
3191,1
3192,1
3193,1
3194,1
3195,1
3196,1
3197,1
3198,0
3199,0
3200,1
3201,1
3202,1
3203,1
3204,1
3205,1
3206,1
3207,1
3208,1
3209,1
3210,1
3211,1
3212,0
3213,1
3214,1
3215,0
3216,1
3217,1
3218,1
3219,1
3220,0
3221,1
3222,1
3223,1
3224,1
3225,1
3226,0
3227,1
3228,0
3229,1
3230,0
3231,1
3232,1
3233,0
3234,1
3235,1
3236,1
3237,1
3238,0
3239,0
3240,1
3241,1
3242,1
3243,1
3244,1
3245,1
3246,0
3247,0
3248,0
3249,1
3250,1
3251,1
3252,1
3253,0
3254,0
3255,1
3256,0
3257,0
3258,1
3259,0
3260,1
3261,1
3262,1
3263,0
3264,1
3265,0
3266,1
3267,1
3268,0
3269,0
3270,1
3271,1
3272,1
3273,0
3274,1
3275,1
3276,1
3277,0
3278,0
3279,1
3280,1
3281,1
3282,1
3283,1
3284,0
3285,1
3286,0
3287,1
3288,1
3289,1
3290,1
3291,1
3292,1
3293,1
3294,0
3295,1
3296,0
3297,1
3298,1
3299,0
3300,1
3301,1
3302,1
3303,1
3304,0
3305,1
3306,0
3307,1
3308,1
3309,1
3310,1
3311,0
3312,1
3313,1
3314,1
3315,1
3316,0
3317,0
3318,1
3319,1
3320,0
3321,1
3322,1
3323,1
3324,0
3325,1
3326,0
3327,1
3328,0
3329,1
3330,0
3331,1
3332,1
3333,1
3334,1
3335,1
3336,1
3337,0
3338,1
3339,1
3340,1
3341,1
3342,1
3343,1
3344,1
3345,1
3346,1
3347,1
3348,1
3349,1
3350,1
3351,1
3352,1
3353,0
3354,1
3355,1
3356,1
3357,0
3358,0
3359,1
3360,1
3361,0
3362,0
3363,1
3364,0
3365,1
3366,1
3367,1
3368,1
3369,1
3370,1
3371,0
3372,0
3373,1
3374,1
3375,1
3376,0
3377,1
3378,1
3379,1
3380,1
3381,0
3382,1
3383,1
3384,0
3385,1
3386,0
3387,0
3388,1
3389,1
3390,0
3391,1
3392,0
3393,0
3394,1
3395,0
3396,1
3397,1
3398,1
3399,1
3400,1
3401,1
3402,1
3403,1
3404,1
3405,0
3406,1
3407,1
3408,0
3409,0
3410,1
3411,1
3412,1
3413,0
3414,1
3415,1
3416,1
3417,1
3418,1
3419,1
3420,1
3421,1
3422,1
3423,1
3424,1
3425,1
3426,1
3427,1
3428,1
3429,1
3430,1
3431,1
3432,1
3433,1
3434,0
3435,1
3436,0
3437,1
3438,0
3439,1
3440,0
3441,0
3442,1
3443,1
3444,1
3445,1
3446,1
3447,0
3448,1
3449,1
3450,0
3451,1
3452,1
3453,1
3454,1
3455,1
3456,1
3457,1
3458,1
3459,1
3460,1
3461,1
3462,0
3463,1
3464,1
3465,0
3466,1
3467,0
3468,1
3469,1
3470,1
3471,1
3472,1
3473,0
3474,1
3475,0
3476,1
3477,1
3478,1
3479,1
3480,1
3481,0
3482,1
3483,1
3484,1
3485,0
3486,1
3487,0
3488,1
3489,0
3490,0
3491,1
3492,1
3493,1
3494,0
3495,1
3496,0
3497,1
3498,1
3499,1
3500,1
3501,0
3502,1
3503,0
3504,1
3505,0
3506,0
3507,1
3508,1
3509,1
3510,0
3511,1
3512,1
3513,1
3514,1
3515,1
3516,1
3517,1
3518,1
3519,0
3520,0
3521,1
3522,0
3523,1
3524,1
3525,0
3526,0
3527,1
3528,1
3529,1
3530,1
3531,1
3532,1
3533,0
3534,1
3535,0
3536,0
3537,1
3538,1
3539,1
3540,0
3541,1
3542,1
3543,1
3544,1
3545,1
3546,0
3547,1
3548,1
3549,1
3550,1
3551,0
3552,0
3553,1
3554,0
3555,0
3556,1
3557,0
3558,1
3559,1
3560,1
3561,1
3562,1
3563,1
3564,0
3565,1
3566,1
3567,1
3568,0
3569,1
3570,1
3571,1
3572,1
3573,1
3574,1
3575,0
3576,1
3577,1
3578,0
3579,1
3580,1
3581,1
3582,1
3583,1
3584,1
3585,1
3586,0
3587,1
3588,1
3589,0
3590,0
3591,1
3592,0
3593,1
3594,0
3595,1
3596,1
3597,1
3598,1
3599,1
3600,1
3601,1
3602,1
3603,1
3604,1
3605,1
3606,1
3607,1
3608,0
3609,1
3610,0
3611,0
3612,1
3613,1
3614,0
3615,1
3616,1
3617,0
3618,1
3619,0
3620,1
3621,0
3622,1
3623,1
3624,1
3625,1
3626,0
3627,1
3628,1
3629,1
3630,0
3631,1
3632,1
3633,1
3634,1
3635,0
3636,1
3637,1
3638,1
3639,1
3640,1
3641,1
3642,0
3643,1
3644,1
3645,0
3646,1
3647,0
3648,0
3649,1
3650,1
3651,1
3652,0
3653,0
3654,1
3655,1
3656,0
3657,1
3658,0
3659,0
3660,0
3661,1
3662,1
3663,1
3664,0
3665,1
3666,1
3667,1
3668,0
3669,1
3670,0
3671,1
3672,1
3673,1
3674,1
3675,1
3676,1
3677,1
3678,1
3679,1
3680,1
3681,1
3682,1
3683,1
3684,1
3685,0
3686,1
3687,1
3688,0
3689,0
3690,1
3691,1
3692,1
3693,1
3694,1
3695,1
3696,1
3697,0
3698,1
3699,1
3700,0
3701,0
3702,1
3703,1
3704,1
3705,0
3706,1
3707,1
3708,1
3709,1
3710,1
3711,1
3712,1
3713,1
3714,1
3715,1
3716,0
3717,1
3718,1
3719,1
3720,1
3721,1
3722,0
3723,1
3724,1
3725,1
3726,0
3727,1
3728,1
3729,1
3730,1
3731,1
3732,1
3733,1
3734,0
3735,0
3736,1
3737,1
3738,0
3739,1
3740,0
3741,1
3742,1
3743,1
3744,1
3745,1
3746,1
3747,1
3748,1
3749,1
3750,1
3751,0
3752,0
3753,1
3754,0
3755,1
3756,1
3757,1
3758,1
3759,1
3760,1
3761,1
3762,1
3763,1
3764,0
3765,0
3766,0
3767,0
3768,1
3769,1
3770,1
3771,1
3772,1
3773,1
3774,1
3775,1
3776,1
3777,1
3778,1
3779,0
3780,0
3781,1
3782,1
3783,1
3784,0
3785,0
3786,1
3787,1
3788,1
3789,1
3790,0
3791,1
3792,1
3793,1
3794,1
3795,1
3796,1
3797,1
3798,1
3799,1
3800,1
3801,1
3802,1
3803,1
3804,0
3805,1
3806,1
3807,0
3808,1
3809,1
3810,1
3811,1
3812,1
3813,1
3814,0
3815,1
3816,0
3817,1
3818,0
3819,0
3820,1
3821,1
3822,1
3823,1
3824,1
3825,1
3826,0
3827,1
3828,1
3829,1
3830,1
3831,1
3832,1
3833,1
3834,1
3835,1
3836,1
3837,1
3838,1
3839,1
3840,0
3841,1
3842,1
3843,0
3844,1
3845,1
3846,1
3847,0
3848,1
3849,0
3850,1
3851,1
3852,1
3853,1
3854,0
3855,1
3856,0
3857,1
3858,1
3859,1
3860,1
3861,1
3862,1
3863,1
3864,1
3865,1
3866,1
3867,0
3868,1
3869,1
3870,0
3871,1
3872,0
3873,1
3874,0
3875,0
3876,0
3877,0
3878,0
3879,1
3880,1
3881,0
3882,1
3883,1
3884,0
3885,1
3886,1
3887,1
3888,1
3889,0
3890,1
3891,0
3892,1
3893,1
3894,1
3895,1
3896,0
3897,1
3898,1
3899,0
3900,1
3901,1
3902,0
3903,1
3904,0
3905,0
3906,1
3907,1
3908,0
3909,1
3910,1
3911,1
3912,1
3913,1
3914,1
3915,0
3916,1
3917,0
3918,1
3919,1
3920,1
3921,1
3922,1
3923,1
3924,0
3925,1
3926,1
3927,1
3928,0
3929,1
3930,1
3931,1
3932,1
3933,0
3934,0
3935,0
3936,1
3937,0
3938,0
3939,1
3940,1
3941,1
3942,1
3943,0
3944,1
3945,0
3946,1
3947,0
3948,1
3949,1
3950,1
3951,0
3952,1
3953,1
3954,1
3955,0
3956,0
3957,1
3958,1
3959,0
3960,1
3961,0
3962,1
3963,0
3964,1
3965,0
3966,0
3967,1
3968,1
3969,0
3970,1
3971,1
3972,1
3973,0
3974,0
3975,1
3976,0
3977,1
3978,1
3979,1
3980,1
3981,0
3982,1
3983,0
3984,1
3985,1
3986,1
3987,0
3988,0
3989,0
3990,1
3991,1
3992,1
3993,1
3994,0
3995,1
3996,1
3997,1
3998,1
3999,1
4000,1
4001,1
4002,0
4003,0
4004,1
4005,1
4006,1
4007,1
4008,1
4009,0
4010,1
4011,1
4012,1
4013,1
4014,0
4015,1
4016,1
4017,0
4018,0
4019,1
4020,1
4021,0
4022,1
4023,0
4024,0
4025,1
4026,1
4027,1
4028,0
4029,1
4030,1
4031,1
4032,1
4033,1
4034,0
4035,0
4036,1
4037,1
4038,1
4039,1
4040,1
4041,0
4042,0
4043,1
4044,1
4045,0
4046,0
4047,1
4048,1
4049,1
4050,1
4051,0
4052,1
4053,0
4054,0
4055,0
4056,1
4057,1
4058,1
4059,1
4060,0
4061,0
4062,1
4063,0
4064,1
4065,1
4066,1
4067,1
4068,0
4069,0
4070,1
4071,1
4072,1
4073,1
4074,1
4075,0
4076,1
4077,1
4078,1
4079,1
4080,1
4081,0
4082,0
4083,1
4084,1
4085,1
4086,1
4087,1
4088,1
4089,1
4090,1
4091,0
4092,1
4093,0
4094,1
4095,1
4096,1
4097,1
4098,0
4099,1
4100,1
4101,0
4102,1
4103,0
4104,1
4105,1
4106,1
4107,1
4108,1
4109,1
4110,1
4111,1
4112,1
4113,0
4114,1
4115,0
4116,1
4117,1
4118,1
4119,1
4120,1
4121,1
4122,1
4123,0
4124,0
4125,1
4126,0
4127,1
4128,1
4129,1
4130,1
4131,0
4132,0
4133,1
4134,1
4135,1
4136,0
4137,0
4138,0
4139,0
4140,0
4141,1
4142,1
4143,1
4144,1
4145,1
4146,1
4147,1
4148,1
4149,1
4150,1
4151,0
4152,1
4153,1
4154,1
4155,1
4156,1
4157,1
4158,0
4159,1
4160,0
4161,0
4162,1
4163,1
4164,1
4165,1
4166,0
4167,1
4168,1
4169,0
4170,1
4171,1
4172,0
4173,0
4174,1
4175,1
4176,1
4177,0
4178,1
4179,0
4180,1
4181,1
4182,1
4183,1
4184,1
4185,1
4186,1
4187,1
4188,1
4189,0
4190,1
4191,1
4192,1
4193,1
4194,0
4195,1
4196,1
4197,1
4198,1
4199,1
4200,0
4201,0
4202,1
4203,1
4204,1
4205,1
4206,1
4207,1
4208,0
4209,1
4210,1
4211,1
4212,0
4213,0
4214,0
4215,0
4216,1
4217,1
4218,1
4219,1
4220,1
4221,0
4222,1
4223,1
4224,0
4225,1
4226,1
4227,0
4228,1
4229,0
4230,0
4231,1
4232,1
4233,1
4234,1
4235,1
4236,1
4237,0
4238,1
4239,1
4240,0
4241,0
4242,0
4243,0
4244,1
4245,1
4246,1
4247,1
4248,1
4249,0
4250,0
4251,1
4252,0
4253,1
4254,1
4255,0
4256,0
4257,1
4258,1
4259,1
4260,0
4261,1
4262,1
4263,1
4264,1
4265,1
4266,1
4267,0
4268,0
4269,1
4270,1
4271,1
4272,1
4273,1
4274,1
4275,1
4276,1
4277,1
4278,1
4279,0
4280,1
4281,0
4282,1
4283,1
4284,1
4285,1
4286,0
4287,1
4288,0
4289,1
4290,1
4291,1
4292,1
4293,0
4294,1
4295,1
4296,1
4297,0
4298,1
4299,1
4300,1
4301,1
4302,0
4303,0
4304,1
4305,1
4306,1
4307,1
4308,1
4309,1
4310,1
4311,1
4312,1
4313,0
4314,1
4315,1
4316,1
4317,0
4318,1
4319,1
4320,1
4321,0
4322,0
4323,1
4324,0
4325,1
4326,1
4327,0
4328,1
4329,1
4330,0
4331,0
4332,1
4333,1
4334,0
4335,0
4336,1
4337,0
4338,0
4339,1
4340,1
4341,1
4342,0
4343,0
4344,1
4345,1
4346,1
4347,1
4348,1
4349,1
4350,1
4351,0
4352,0
4353,0
4354,1
4355,1
4356,0
4357,1
4358,0
4359,1
4360,1
4361,0
4362,1
4363,0
4364,1
4365,1
4366,1
4367,1
4368,0
4369,0
4370,0
4371,1
4372,1
4373,1
4374,1
4375,0
4376,1
4377,0
4378,0
4379,1
4380,1
4381,1
4382,0
4383,1
4384,1
4385,1
4386,0
4387,1
4388,0
4389,0
4390,1
4391,0
4392,1
4393,1
4394,1
4395,1
4396,1
4397,1
4398,1
4399,1
4400,1
4401,1
4402,0
4403,1
4404,1
4405,1
4406,1
4407,1
4408,0
4409,1
4410,1
4411,1
4412,0
4413,1
4414,1
4415,1
4416,1
4417,1
4418,1
4419,1
4420,0
4421,1
4422,1
4423,0
4424,0
4425,1
4426,1
4427,1
4428,1
4429,1
4430,0
4431,1
4432,1
4433,1
4434,1
4435,1
4436,1
4437,1
4438,1
4439,0
4440,0
4441,1
4442,1
4443,1
4444,0
4445,1
4446,1
4447,0
4448,0
4449,1
4450,1
4451,0
4452,1
4453,1
4454,0
4455,0
4456,0
4457,0
4458,1
4459,1
4460,1
4461,0
4462,1
4463,1
4464,1
4465,1
4466,1
4467,1
4468,0
4469,1
4470,0
4471,0
4472,1
4473,1
4474,0
4475,0
4476,1
4477,0
4478,0
4479,1
4480,0
4481,1
4482,1
4483,1
4484,1
4485,0
4486,1
4487,1
4488,1
4489,1
4490,1
4491,1
4492,0
4493,1
4494,0
4495,1
4496,0
4497,1
4498,1
4499,0
4500,1
4501,0
4502,1
4503,1
4504,1
4505,1
4506,1
4507,1
4508,1
4509,0
4510,1
4511,1
4512,1
4513,1
4514,1
4515,1
4516,1
4517,0
4518,1
4519,1
4520,0
4521,1
4522,0
4523,1
4524,0
4525,0
4526,1
4527,0
4528,1
4529,1
4530,1
4531,1
4532,1
4533,1
4534,0
4535,0
4536,1
4537,1
4538,0
4539,0
4540,1
4541,1
4542,1
4543,1
4544,1
4545,0
4546,1
4547,1
4548,1
4549,1
4550,1
4551,0
4552,1
4553,0
4554,1
4555,1
4556,1
4557,0
4558,1
4559,1
4560,1
4561,1
4562,1
4563,1
4564,1
4565,0
4566,1
4567,1
4568,1
4569,1
4570,1
4571,0
4572,0
4573,0
4574,1
4575,0
4576,1
4577,1
4578,1
4579,0
4580,1
4581,1
4582,0
4583,1
4584,1
4585,0
4586,1
4587,1
4588,1
4589,1
4590,1
4591,1
4592,0
4593,0
4594,1
4595,1
4596,0
4597,0
4598,1
4599,1
4600,1
4601,1
4602,1
4603,1
4604,1
4605,1
4606,1
4607,0
4608,0
4609,1
4610,0
4611,1
4612,0
4613,0
4614,1
4615,1
4616,1
4617,0
4618,1
4619,1
4620,1
4621,1
4622,1
4623,1
4624,1
4625,0
4626,1
4627,1
4628,1
4629,0
4630,0
4631,0
4632,1
4633,1
4634,1
4635,1
4636,1
4637,0
4638,1
4639,1
4640,0
4641,1
4642,0
4643,1
4644,1
4645,0
4646,1
4647,1
4648,1
4649,1
4650,1
4651,0
4652,0
4653,0
4654,0
4655,0
4656,1
4657,0
4658,1
4659,0
4660,1
4661,1
4662,0
4663,1
4664,0
4665,1
4666,0
4667,0
4668,1
4669,1
4670,1
4671,1
4672,1
4673,1
4674,1
4675,1
4676,1
4677,1
4678,1
4679,1
4680,1
4681,1
4682,1
4683,1
4684,1
4685,1
4686,1
4687,1
4688,1
4689,1
4690,1
4691,0
4692,1
4693,1
4694,0
4695,0
4696,1
4697,1
4698,0
4699,1
4700,1
4701,1
4702,0
4703,0
4704,0
4705,1
4706,1
4707,1
4708,1
4709,0
4710,1
4711,1
4712,1
4713,1
4714,0
4715,1
4716,1
4717,0
4718,1
4719,1
4720,1
4721,1
4722,1
4723,1
4724,1
4725,1
4726,1
4727,1
4728,0
4729,1
4730,1
4731,1
4732,1
4733,0
4734,1
4735,0
4736,1
4737,1
4738,1
4739,0
4740,1
4741,1
4742,1
4743,1
4744,1
4745,1
4746,1
4747,1
4748,1
4749,1
4750,0
4751,1
4752,1
4753,1
4754,0
4755,1
4756,0
4757,1
4758,0
4759,0
4760,1
4761,1
4762,1
4763,1
4764,1
4765,0
4766,1
4767,0
4768,1
4769,0
4770,1
4771,1
4772,1
4773,1
4774,0
4775,1
4776,1
4777,0
4778,1
4779,0
4780,1
4781,1
4782,0
4783,1
4784,0
4785,1
4786,1
4787,1
4788,1
4789,0
4790,1
4791,1
4792,0
4793,1
4794,1
4795,1
4796,1
4797,1
4798,0
4799,1
4800,1
4801,1
4802,1
4803,0
4804,1
4805,1
4806,0
4807,1
4808,0
4809,1
4810,1
4811,1
4812,0
4813,0
4814,1
4815,1
4816,0
4817,0
4818,1
4819,0
4820,1
4821,1
4822,0
4823,1
4824,1
4825,0
4826,1
4827,0
4828,0
4829,1
4830,1
4831,0
4832,1
4833,1
4834,1
4835,1
4836,1
4837,1
4838,1
4839,1
4840,0
4841,1
4842,0
4843,0
4844,1
4845,1
4846,1
4847,0
4848,1
4849,1
4850,1
4851,0
4852,0
4853,0
4854,0
4855,1
4856,0
4857,0
4858,1
4859,0
4860,1
4861,1
4862,1
4863,1
4864,1
4865,0
4866,1
4867,1
4868,1
4869,1
4870,0
4871,1
4872,1
4873,1
4874,0
4875,0
4876,1
4877,1
4878,1
4879,1
4880,1
4881,1
4882,1
4883,1
4884,1
4885,1
4886,1
4887,1
4888,1
4889,1
4890,1
4891,1
4892,0
4893,1
4894,1
4895,0
4896,1
4897,1
4898,1
4899,1
4900,1
4901,1
4902,1
4903,1
4904,1
4905,0
4906,0
4907,1
4908,1
4909,1
4910,1
4911,0
4912,0
4913,1
4914,0
4915,1
4916,1
4917,0
4918,1
4919,1
4920,1
4921,1
4922,1
4923,1
4924,0
4925,0
4926,1
4927,1
4928,1
4929,1
4930,1
4931,1
4932,0
4933,0
4934,1
4935,1
4936,1
4937,0
4938,1
4939,0
4940,1
4941,1
4942,1
4943,0
4944,1
4945,1
4946,1
4947,1
4948,1
4949,0
4950,1
4951,0
4952,1
4953,1
4954,0
4955,1
4956,1
4957,1
4958,0
4959,0
4960,1
4961,1
4962,1
4963,0
4964,1
4965,1
4966,1
4967,1
4968,1
4969,0
4970,1
4971,1
4972,1
4973,1
4974,0
4975,1
4976,1
4977,0
4978,1
4979,0
4980,0
4981,0
4982,1
4983,1
4984,1
4985,1
4986,1
4987,0
4988,1
4989,0
4990,1
4991,1
4992,1
4993,1
4994,0
4995,1
4996,0
4997,0
4998,1
4999,1
5000,1
5001,0
5002,1
5003,0
5004,1
5005,1
5006,0
5007,1
5008,1
5009,1
5010,0
5011,1
5012,1
5013,0
5014,1
5015,1
5016,0
5017,1
5018,1
5019,1
5020,0
5021,1
5022,1
5023,1
5024,0
5025,1
5026,0
5027,1
5028,1
5029,1
5030,1
5031,1
5032,0
5033,0
5034,1
5035,1
5036,0
5037,1
5038,0
5039,0
5040,1
5041,0
5042,0
5043,1
5044,0
5045,0
5046,1
5047,1
5048,1
5049,1
5050,1
5051,0
5052,1
5053,1
5054,0
5055,0
5056,1
5057,0
5058,1
5059,1
5060,1
5061,1
5062,0
5063,1
5064,1
5065,1
5066,0
5067,0
5068,1
5069,1
5070,0
5071,1
5072,1
5073,0
5074,1
5075,1
5076,1
5077,1
5078,1
5079,1
5080,1
5081,0
5082,1
5083,1
5084,1
5085,0
5086,0
5087,1
5088,0
5089,1
5090,1
5091,0
5092,1
5093,1
5094,1
5095,1
5096,1
5097,1
5098,1
5099,1
5100,1
5101,1
5102,1
5103,1
5104,1
5105,1
5106,1
5107,1
5108,0
5109,1
5110,1
5111,1
5112,1
5113,0
5114,1
5115,0
5116,1
5117,0
5118,1
5119,0
5120,0
5121,1
5122,1
5123,1
5124,1
5125,0
5126,1
5127,1
5128,1
5129,1
5130,0
5131,0
5132,1
5133,0
5134,0
5135,0
5136,0
5137,1
5138,1
5139,1
5140,1
5141,1
5142,0
5143,1
5144,1
5145,1
5146,0
5147,0
5148,0
5149,0
5150,0
5151,1
5152,1
5153,1
5154,1
5155,0
5156,1
5157,1
5158,1
5159,0
5160,0
5161,0
5162,0
5163,0
5164,1
5165,1
5166,1
5167,1
5168,1
5169,1
5170,0
5171,1
5172,1
5173,1
5174,0
5175,0
5176,1
5177,0
5178,0
5179,1
5180,1
5181,1
5182,1
5183,1
5184,0
5185,1
5186,1
5187,1
5188,1
5189,1
5190,0
5191,1
5192,1
5193,1
5194,0
5195,1
5196,1
5197,1
5198,1
5199,1
5200,0
5201,1
5202,0
5203,1
5204,1
5205,0
5206,0
5207,1
5208,1
5209,0
5210,0
5211,1
5212,1
5213,1
5214,0
5215,1
5216,1
5217,1
5218,1
5219,1
5220,1
5221,1
5222,1
5223,0
5224,1
5225,1
5226,0
5227,1
5228,0
5229,1
5230,1
5231,1
5232,1
5233,0
5234,0
5235,1
5236,0
5237,1
5238,1
5239,0
5240,1
5241,1
5242,1
5243,1
5244,0
5245,0
5246,1
5247,1
5248,0
5249,1
5250,0
5251,1
5252,1
5253,1
5254,0
5255,1
5256,1
5257,1
5258,1
5259,1
5260,1
5261,0
5262,1
5263,0
5264,0
5265,1
5266,0
5267,1
5268,1
5269,1
5270,1
5271,0
5272,1
5273,0
5274,0
5275,1
5276,1
5277,0
5278,1
5279,1
5280,1
5281,1
5282,1
5283,0
5284,1
5285,1
5286,1
5287,1
5288,1
5289,1
5290,0
5291,0
5292,1
5293,1
5294,1
5295,0
5296,1
5297,1
5298,1
5299,1
5300,1
5301,0
5302,1
5303,1
5304,1
5305,1
5306,0
5307,0
5308,1
5309,1
5310,1
5311,1
5312,1
5313,0
5314,1
5315,1
5316,0
5317,1
5318,1
5319,0
5320,0
5321,1
5322,1
5323,1
5324,1
5325,1
5326,1
5327,1
5328,1
5329,1
5330,1
5331,0
5332,1
5333,1
5334,0
5335,1
5336,0
5337,0
5338,0
5339,0
5340,1
5341,0
5342,0
5343,1
5344,1
5345,1
5346,1
5347,1
5348,1
5349,0
5350,1
5351,1
5352,1
5353,1
5354,0
5355,1
5356,1
5357,1
5358,1
5359,0
5360,0
5361,1
5362,1
5363,0
5364,1
5365,1
5366,0
5367,1
5368,1
5369,0
5370,1
5371,1
5372,0
5373,0
5374,1
5375,1
5376,1
5377,0
5378,0
5379,0
5380,1
5381,1
5382,0
5383,0
5384,1
5385,1
5386,0
5387,0
5388,1
5389,0
5390,1
5391,1
5392,0
5393,1
5394,0
5395,0
5396,1
5397,0
5398,0
5399,1
5400,0
5401,1
5402,1
5403,1
5404,0
5405,1
5406,1
5407,0
5408,1
5409,1
5410,1
5411,0
5412,1
5413,0
5414,0
5415,1
5416,0
5417,1
5418,1
5419,1
5420,0
5421,0
5422,1
5423,0
5424,1
5425,1
5426,1
5427,1
5428,1
5429,0
5430,0
5431,1
5432,1
5433,1
5434,1
5435,1
5436,1
5437,0
5438,1
5439,1
5440,1
5441,1
5442,1
5443,1
5444,1
5445,1
5446,0
5447,1
5448,1
5449,1
5450,1
5451,0
5452,1
5453,1
5454,1
5455,1
5456,1
5457,0
5458,1
5459,1
5460,1
5461,1
5462,0
5463,0
5464,1
5465,0
5466,0
5467,1
5468,0
5469,0
5470,1
5471,1
5472,1
5473,1
5474,1
5475,1
5476,0
5477,0
5478,1
5479,0
5480,1
5481,1
5482,1
5483,1
5484,1
5485,0
5486,1
5487,1
5488,1
5489,1
5490,1
5491,1
5492,1
5493,1
5494,1
5495,0
5496,1
5497,1
5498,0
5499,1
5500,1
5501,1
5502,1
5503,1
5504,1
5505,1
5506,1
5507,0
5508,1
5509,1
5510,1
5511,1
5512,1
5513,1
5514,1
5515,0
5516,1
5517,1
5518,0
5519,1
5520,1
5521,1
5522,1
5523,0
5524,0
5525,0
5526,0
5527,0
5528,1
5529,1
5530,1
5531,1
5532,1
5533,0
5534,1
5535,1
5536,1
5537,1
5538,1
5539,1
5540,1
5541,1
5542,1
5543,1
5544,1
5545,1
5546,0
5547,1
5548,0
5549,1
5550,1
5551,1
5552,0
5553,1
5554,0
5555,0
5556,0
5557,1
5558,1
5559,1
5560,1
5561,1
5562,1
5563,1
5564,1
5565,0
5566,1
5567,1
5568,1
5569,1
5570,1
5571,1
5572,0
5573,0
5574,1
5575,1
5576,1
5577,1
5578,1
5579,1
5580,0
5581,0
5582,0
5583,1
5584,1
5585,1
5586,0
5587,1
5588,1
5589,1
5590,0
5591,1
5592,1
5593,0
5594,1
5595,1
5596,1
5597,0
5598,0
5599,1
5600,1
5601,0
5602,1
5603,1
5604,1
5605,1
5606,0
5607,1
5608,1
5609,1
5610,1
5611,1
5612,0
5613,1
5614,0
5615,1
5616,1
5617,1
5618,1
5619,0
5620,0
5621,1
5622,0
5623,0
5624,1
5625,1
5626,1
5627,0
5628,1
5629,1
5630,0
5631,1
5632,1
5633,1
5634,1
5635,1
5636,1
5637,0
5638,1
5639,0
5640,0
5641,0
5642,1
5643,1
5644,1
5645,0
5646,1
5647,1
5648,1
5649,1
5650,0
5651,1
5652,1
5653,1
5654,0
5655,0
5656,0
5657,1
5658,1
5659,1
5660,0
5661,0
5662,0
5663,1
5664,1
5665,1
5666,0
5667,1
5668,1
5669,1
5670,1
5671,1
5672,1
5673,0
5674,1
5675,1
5676,1
5677,1
5678,1
5679,1
5680,1
5681,1
5682,0
5683,1
5684,1
5685,1
5686,1
5687,1
5688,0
5689,1
5690,1
5691,1
5692,0
5693,0
5694,1
5695,1
5696,0
5697,1
5698,0
5699,1
5700,1
5701,1
5702,0
5703,0
5704,0
5705,1
5706,0
5707,0
5708,0
5709,0
5710,1
5711,1
5712,1
5713,1
5714,0
5715,0
5716,1
5717,1
5718,1
5719,1
5720,1
5721,0
5722,1
5723,1
5724,0
5725,1
5726,1
5727,0
5728,1
5729,0
5730,1
5731,0
5732,0
5733,1
5734,1
5735,1
5736,1
5737,0
5738,1
5739,1
5740,1
5741,1
5742,1
5743,1
5744,1
5745,1
5746,1
5747,1
5748,1
5749,1
5750,1
5751,1
5752,0
5753,1
5754,1
5755,0
5756,0
5757,0
5758,1
5759,1
5760,0
5761,1
5762,1
5763,1
5764,1
5765,1
5766,0
5767,1
5768,0
5769,0
5770,1
5771,1
5772,1
5773,0
5774,1
5775,0
5776,0
5777,1
5778,1
5779,1
5780,1
5781,1
5782,1
5783,0
5784,1
5785,1
5786,1
5787,0
5788,0
5789,0
5790,1
5791,1
5792,1
5793,1
5794,0
5795,1
5796,1
5797,1
5798,0
5799,0
5800,1
5801,1
5802,1
5803,1
5804,1
5805,1
5806,1
5807,1
5808,1
5809,0
5810,1
5811,1
5812,0
5813,1
5814,1
5815,0
5816,1
5817,1
5818,1
5819,1
5820,1
5821,1
5822,1
5823,1
5824,0
5825,1
5826,0
5827,1
5828,0
5829,0
5830,1
5831,1
5832,1
5833,0
5834,0
5835,0
5836,1
5837,1
5838,0
5839,0
5840,1
5841,1
5842,1
5843,0
5844,1
5845,0
5846,1
5847,1
5848,1
5849,1
5850,1
5851,1
5852,1
5853,1
5854,0
5855,1
5856,1
5857,0
5858,1
5859,1
5860,1
5861,1
5862,0
5863,1
5864,1
5865,1
5866,0
5867,1
5868,1
5869,1
5870,0
5871,1
5872,1
5873,1
5874,0
5875,0
5876,1
5877,1
5878,1
5879,1
5880,1
5881,1
5882,0
5883,1
5884,1
5885,1
5886,1
5887,1
5888,1
5889,0
5890,1
5891,1
5892,1
5893,0
5894,0
5895,1
5896,1
5897,0
5898,1
5899,0
5900,0
5901,1
5902,0
5903,1
5904,1
5905,1
5906,0
5907,1
5908,0
5909,1
5910,0
5911,1
5912,0
5913,0
5914,0
5915,1
5916,1
5917,0
5918,1
5919,1
5920,1
5921,0
5922,1
5923,0
5924,1
5925,1
5926,1
5927,1
5928,1
5929,0
5930,1
5931,1
5932,0
5933,1
5934,1
5935,1
5936,1
5937,1
5938,1
5939,1
5940,1
5941,0
5942,1
5943,0
5944,1
5945,1
5946,1
5947,1
5948,0
5949,1
5950,1
5951,1
5952,0
5953,1
5954,1
5955,0
5956,0
5957,1
5958,1
5959,1
5960,1
5961,1
5962,0
5963,1
5964,1
5965,1
5966,1
5967,1
5968,1
5969,1
5970,1
5971,1
5972,1
5973,0
5974,0
5975,1
5976,1
5977,0
5978,1
5979,1
5980,1
5981,1
5982,0
5983,1
5984,0
5985,1
5986,0
5987,1
5988,1
5989,1
5990,1
5991,1
5992,1
5993,1
5994,0
5995,1
5996,1
5997,1
5998,0
5999,1
6000,1
6001,1
6002,1
6003,1
6004,1
6005,1
6006,1
6007,1
6008,1
6009,0
6010,1
6011,1
6012,0
6013,1
6014,1
6015,0
6016,1
6017,1
6018,1
6019,1
6020,1
6021,1
6022,1
6023,0
6024,1
6025,1
6026,1
6027,1
6028,1
6029,0
6030,1
6031,1
6032,1
6033,0
6034,0
6035,0
6036,1
6037,1
6038,1
6039,1
6040,1
6041,0
6042,1
6043,1
6044,1
6045,1
6046,1
6047,1
6048,1
6049,1
6050,1
6051,0
6052,1
6053,1
6054,0
6055,1
6056,1
6057,1
6058,1
6059,0
6060,1
6061,1
6062,0
6063,0
6064,0
6065,1
6066,0
6067,1
6068,1
6069,1
6070,1
6071,1
6072,1
6073,0
6074,1
6075,1
6076,1
6077,1
6078,1
6079,1
6080,1
6081,0
6082,0
6083,1
6084,1
6085,1
6086,1
6087,1
6088,1
6089,1
6090,1
6091,0
6092,1
6093,0
6094,1
6095,1
6096,0
6097,0
6098,0
6099,1
6100,1
6101,1
6102,1
6103,1
6104,1
6105,1
6106,1
6107,1
6108,1
6109,1
6110,1
6111,1
6112,1
6113,1
6114,1
6115,1
6116,0
6117,1
6118,1
6119,0
6120,1
6121,0
6122,0
6123,1
6124,1
6125,1
6126,0
6127,0
6128,1
6129,0
6130,0
6131,1
6132,1
6133,1
6134,1
6135,1
6136,1
6137,0
6138,1
6139,1
6140,1
6141,1
6142,1
6143,1
6144,0
6145,1
6146,0
6147,1
6148,1
6149,0
6150,0
6151,1
6152,0
6153,0
6154,0
6155,1
6156,1
6157,0
6158,0
6159,1
6160,0
6161,1
6162,1
6163,0
6164,0
6165,1
6166,1
6167,1
6168,1
6169,1
6170,1
6171,0
6172,0
6173,1
6174,1
6175,0
6176,1
6177,1
6178,1
6179,1
6180,1
6181,1
6182,1
6183,1
6184,1
6185,0
6186,0
6187,1
6188,1
6189,0
6190,0
6191,0
6192,1
6193,1
6194,1
6195,0
6196,0
6197,1
6198,1
6199,1
6200,1
6201,1
6202,1
6203,1
6204,1
6205,0
6206,1
6207,1
6208,1
6209,1
6210,0
6211,0
6212,0
6213,1
6214,1
6215,0
6216,1
6217,0
6218,0
6219,0
6220,1
6221,0
6222,1
6223,1
6224,0
6225,1
6226,1
6227,0
6228,1
6229,1
6230,1
6231,0
6232,1
6233,0
6234,1
6235,1
6236,1
6237,0
6238,1
6239,1
6240,0
6241,1
6242,1
6243,1
6244,0
6245,1
6246,1
6247,1
6248,1
6249,0
6250,1
6251,0
6252,1
6253,0
6254,1
6255,1
6256,1
6257,1
6258,1
6259,1
6260,1
6261,0
6262,1
6263,1
6264,1
6265,1
6266,1
6267,1
6268,0
6269,1
6270,0
6271,1
6272,0
6273,1
6274,1
6275,1
6276,0
6277,0
6278,1
6279,1
6280,0
6281,0
6282,1
6283,1
6284,0
6285,1
6286,0
6287,1
6288,1
6289,1
6290,1
6291,0
6292,1
6293,1
6294,1
6295,1
6296,1
6297,0
6298,1
6299,0
6300,1
6301,0
6302,0
6303,0
6304,0
6305,0
6306,1
6307,1
6308,1
6309,1
6310,1
6311,0
6312,0
6313,1
6314,0
6315,0
6316,1
6317,1
6318,1
6319,1
6320,1
6321,1
6322,0
6323,0
6324,1
6325,0
6326,1
6327,0
6328,1
6329,1
6330,1
6331,1
6332,1
6333,0
6334,0
6335,0
6336,1
6337,1
6338,1
6339,1
6340,1
6341,1
6342,1
6343,0
6344,1
6345,1
6346,1
6347,1
6348,0
6349,1
6350,1
6351,0
6352,1
6353,1
6354,1
6355,1
6356,1
6357,1
6358,1
6359,1
6360,0
6361,1
6362,1
6363,0
6364,1
6365,1
6366,0
6367,1
6368,0
6369,1
6370,1
6371,0
6372,1
6373,1
6374,0
6375,1
6376,1
6377,0
6378,1
6379,1
6380,1
6381,1
6382,1
6383,1
6384,1
6385,0
6386,1
6387,0
6388,1
6389,1
6390,1
6391,1
6392,0
6393,1
6394,1
6395,1
6396,1
6397,1
6398,1
6399,1
6400,1
6401,1
6402,0
6403,1
6404,0
6405,0
6406,1
6407,0
6408,1
6409,1
6410,1
6411,1
6412,1
6413,1
6414,0
6415,0
6416,1
6417,1
6418,1
6419,1
6420,1
6421,1
6422,0
6423,1
6424,1
6425,0
6426,1
6427,1
6428,1
6429,1
6430,0
6431,1
6432,1
6433,1
6434,1
6435,1
6436,1
6437,1
6438,0
6439,1
6440,1
6441,1
6442,1
6443,1
6444,1
6445,1
6446,1
6447,1
6448,0
6449,1
6450,1
6451,0
6452,1
6453,1
6454,0
6455,1
6456,1
6457,0
6458,0
6459,1
6460,1
6461,0
6462,1
6463,1
6464,0
6465,1
6466,1
6467,0
6468,0
6469,1
6470,1
6471,1
6472,1
6473,0
6474,0
6475,1
6476,1
6477,1
6478,1
6479,1
6480,0
6481,0
6482,0
6483,1
6484,1
6485,1
6486,1
6487,0
6488,0
6489,1
6490,1
6491,1
6492,1
6493,0
6494,0
6495,0
6496,0
6497,1
6498,1
6499,0
6500,1
6501,1
6502,0
6503,0
6504,1
6505,0
6506,1
6507,1
6508,1
6509,0
6510,1
6511,1
6512,0
6513,1
6514,1
6515,1
6516,1
6517,0
6518,1
6519,1
6520,1
6521,0
6522,1
6523,1
6524,1
6525,1
6526,1
6527,1
6528,1
6529,0
6530,0
6531,0
6532,1
6533,1
6534,0
6535,0
6536,0
6537,0
6538,1
6539,1
6540,1
6541,1
6542,0
6543,1
6544,0
6545,1
6546,0
6547,1
6548,1
6549,1
6550,1
6551,0
6552,0
6553,0
6554,1
6555,1
6556,1
6557,1
6558,0
6559,1
6560,0
6561,1
6562,1
6563,0
6564,1
6565,1
6566,1
6567,1
6568,1
6569,1
6570,0
6571,0
6572,1
6573,1
6574,0
6575,1
6576,1
6577,1
6578,1
6579,1
6580,1
6581,0
6582,1
6583,0
6584,1
6585,1
6586,1
6587,1
6588,1
6589,1
6590,0
6591,1
6592,0
6593,0
6594,0
6595,0
6596,1
6597,1
6598,1
6599,0
6600,1
6601,1
6602,0
6603,1
6604,1
6605,1
6606,1
6607,1
6608,1
6609,1
6610,0
6611,0
6612,0
6613,1
6614,0
6615,0
6616,1
6617,1
6618,0
6619,1
6620,0
6621,1
6622,1
6623,1
6624,1
6625,1
6626,0
6627,1
6628,1
6629,1
6630,0
6631,0
6632,0
6633,1
6634,1
6635,1
6636,1
6637,0
6638,1
6639,1
6640,1
6641,1
6642,1
6643,0
6644,1
6645,0
6646,0
6647,1
6648,1
6649,1
6650,1
6651,0
6652,1
6653,1
6654,1
6655,1
6656,1
6657,1
6658,1
6659,0
6660,1
6661,0
6662,1
6663,1
6664,0
6665,1
6666,1
6667,0
6668,1
6669,1
6670,1
6671,1
6672,1
6673,1
6674,1
6675,0
6676,1
6677,1
6678,1
6679,1
6680,0
6681,1
6682,0
6683,1
6684,1
6685,1
6686,1
6687,1
6688,0
6689,0
6690,0
6691,1
6692,0
6693,0
6694,1
6695,0
6696,0
6697,1
6698,1
6699,0
6700,0
6701,1
6702,1
6703,1
6704,1
6705,0
6706,1
6707,1
6708,0
6709,1
6710,1
6711,1
6712,0
6713,1
6714,1
6715,0
6716,1
6717,0
6718,0
6719,1
6720,1
6721,1
6722,1
6723,1
6724,1
6725,0
6726,1
6727,1
6728,1
6729,1
6730,1
6731,0
6732,1
6733,1
6734,1
6735,0
6736,0
6737,0
6738,1
6739,0
6740,1
6741,1
6742,0
6743,1
6744,1
6745,1
6746,1
6747,1
6748,1
6749,1
6750,1
6751,0
6752,0
6753,1
6754,1
6755,1
6756,1
6757,0
6758,1
6759,0
6760,1
6761,1
6762,1
6763,1
6764,1
6765,1
6766,0
6767,0
6768,0
6769,1
6770,0
6771,1
6772,0
6773,1
6774,0
6775,1
6776,1
6777,1
6778,0
6779,1
6780,1
6781,1
6782,1
6783,0
6784,1
6785,1
6786,1
6787,1
6788,0
6789,0
6790,1
6791,1
6792,1
6793,1
6794,1
6795,0
6796,1
6797,0
6798,0
6799,1
6800,0
6801,1
6802,1
6803,0
6804,1
6805,0
6806,0
6807,1
6808,0
6809,1
6810,1
6811,1
6812,1
6813,0
6814,0
6815,1
6816,0
6817,1
6818,1
6819,0
6820,1
6821,0
6822,0
6823,1
6824,0
6825,0
6826,0
6827,1
6828,0
6829,0
6830,0
6831,1
6832,1
6833,1
6834,0
6835,1
6836,1
6837,1
6838,1
6839,1
6840,1
6841,1
6842,0
6843,1
6844,1
6845,1
6846,0
6847,1
6848,1
6849,1
6850,1
6851,1
6852,1
6853,0
6854,1
6855,1
6856,1
6857,1
6858,0
6859,0
6860,1
6861,1
6862,1
6863,1
6864,1
6865,1
6866,1
6867,1
6868,1
6869,1
6870,0
6871,1
6872,1
6873,1
6874,0
6875,1
6876,1
6877,1
6878,0
6879,1
6880,1
6881,1
6882,0
6883,0
6884,1
6885,1
6886,0
6887,1
6888,1
6889,1
6890,1
6891,1
6892,1
6893,0
6894,0
6895,1
6896,1
6897,1
6898,1
6899,0
6900,0
6901,1
6902,1
6903,0
6904,1
6905,1
6906,1
6907,1
6908,1
6909,1
6910,1
6911,0
6912,1
6913,1
6914,0
6915,1
6916,1
6917,0
6918,1
6919,1
6920,1
6921,1
6922,0
6923,1
6924,1
6925,1
6926,1
6927,1
6928,0
6929,1
6930,1
6931,1
6932,1
6933,0
6934,1
6935,0
6936,1
6937,1
6938,1
6939,1
6940,1
6941,1
6942,0
6943,1
6944,1
6945,1
6946,1
6947,1
6948,1
6949,1
6950,1
6951,1
6952,1
6953,1
6954,0
6955,1
6956,0
6957,1
6958,1
6959,1
6960,0
6961,1
6962,0
6963,1
6964,1
6965,1
6966,1
6967,1
6968,1
6969,1
6970,0
6971,1
6972,1
6973,1
6974,1
6975,1
6976,0
6977,1
6978,1
6979,1
6980,0
6981,1
6982,1
6983,1
6984,1
6985,0
6986,0
6987,0
6988,1
6989,1
6990,1
6991,1
6992,1
6993,1
6994,1
6995,1
6996,0
6997,1
6998,1
6999,1
7000,0
7001,1
7002,0
7003,0
7004,0
7005,0
7006,0
7007,1
7008,1
7009,1
7010,0
7011,1
7012,1
7013,1
7014,1
7015,1
7016,0
7017,0
7018,1
7019,0
7020,0
7021,1
7022,1
7023,0
7024,1
7025,1
7026,1
7027,0
7028,1
7029,1
7030,1
7031,1
7032,1
7033,1
7034,1
7035,1
7036,0
7037,0
7038,1
7039,1
7040,0
7041,1
7042,0
7043,1
7044,1
7045,1
7046,1
7047,1
7048,1
7049,1
7050,1
7051,0
7052,0
7053,1
7054,1
7055,1
7056,0
7057,1
7058,0
7059,1
7060,1
7061,1
7062,1
7063,0
7064,1
7065,0
7066,1
7067,1
7068,0
7069,1
7070,0
7071,1
7072,1
7073,0
7074,0
7075,0
7076,1
7077,0
7078,1
7079,0
7080,1
7081,0
7082,0
7083,1
7084,1
7085,1
7086,1
7087,0
7088,1
7089,1
7090,1
7091,1
7092,1
7093,1
7094,1
7095,1
7096,1
7097,1
7098,1
7099,1
7100,1
7101,1
7102,1
7103,1
7104,0
7105,1
7106,1
7107,1
7108,1
7109,1
7110,1
7111,1
7112,0
7113,1
7114,0
7115,1
7116,1
7117,1
7118,1
7119,0
7120,0
7121,0
7122,1
7123,0
7124,1
7125,0
7126,0
7127,1
7128,0
7129,1
7130,0
7131,1
7132,1
7133,1
7134,1
7135,0
7136,0
7137,1
7138,0
7139,1
7140,1
7141,1
7142,1
7143,0
7144,1
7145,0
7146,1
7147,1
7148,0
7149,0
7150,1
7151,1
7152,1
7153,0
7154,0
7155,1
7156,1
7157,0
7158,1
7159,1
7160,1
7161,1
7162,1
7163,0
7164,1
7165,1
7166,1
7167,1
7168,1
7169,1
7170,1
7171,1
7172,1
7173,1
7174,1
7175,0
7176,1
7177,0
7178,1
7179,0
7180,1
7181,0
7182,1
7183,1
7184,1
7185,1
7186,1
7187,1
7188,1
7189,0
7190,0
7191,0
7192,0
7193,1
7194,1
7195,0
7196,1
7197,1
7198,1
7199,1
7200,1
7201,0
7202,1
7203,1
7204,1
7205,0
7206,1
7207,1
7208,1
7209,0
7210,1
7211,1
7212,1
7213,1
7214,1
7215,1
7216,1
7217,0
7218,0
7219,1
7220,1
7221,0
7222,1
7223,0
7224,0
7225,0
7226,1
7227,0
7228,1
7229,0
7230,0
7231,1
7232,1
7233,1
7234,1
7235,1
7236,1
7237,1
7238,1
7239,1
7240,0
7241,0
7242,1
7243,1
7244,1
7245,1
7246,1
7247,1
7248,1
7249,0
7250,0
7251,0
7252,1
7253,1
7254,0
7255,1
7256,1
7257,1
7258,0
7259,0
7260,1
7261,1
7262,1
7263,1
7264,1
7265,0
7266,1
7267,1
7268,0
7269,0
7270,1
7271,1
7272,0
7273,1
7274,1
7275,0
7276,1
7277,1
7278,1
7279,1
7280,1
7281,0
7282,1
7283,1
7284,1
7285,1
7286,1
7287,1
7288,1
7289,1
7290,0
7291,1
7292,1
7293,1
7294,0
7295,1
7296,1
7297,0
7298,0
7299,0
7300,1
7301,1
7302,0
7303,1
7304,1
7305,1
7306,1
7307,1
7308,0
7309,1
7310,0
7311,1
7312,1
7313,1
7314,0
7315,1
7316,1
7317,1
7318,1
7319,0
7320,1
7321,1
7322,0
7323,0
7324,0
7325,0
7326,1
7327,1
7328,1
7329,0
7330,0
7331,1
7332,1
7333,0
7334,0
7335,1
7336,0
7337,1
7338,0
7339,1
7340,1
7341,1
7342,1
7343,1
7344,0
7345,1
7346,1
7347,1
7348,1
7349,1
7350,1
7351,0
7352,1
7353,1
7354,1
7355,0
7356,1
7357,1
7358,0
7359,0
7360,1
7361,0
7362,1
7363,1
7364,1
7365,1
7366,1
7367,1
7368,1
7369,1
7370,1
7371,1
7372,0
7373,0
7374,1
7375,0
7376,1
7377,0
7378,1
7379,1
7380,1
7381,0
7382,0
7383,1
7384,1
7385,1
7386,0
7387,0
7388,1
7389,1
7390,1
7391,0
7392,1
7393,1
7394,1
7395,0
7396,0
7397,1
7398,1
7399,1
7400,1
7401,0
7402,0
7403,0
7404,1
7405,0
7406,0
7407,1
7408,1
7409,1
7410,1
7411,1
7412,1
7413,1
7414,1
7415,1
7416,1
7417,0
7418,1
7419,0
7420,1
7421,1
7422,1
7423,1
7424,1
7425,1
7426,1
7427,1
7428,0
7429,1
7430,1
7431,1
7432,1
7433,1
7434,1
7435,1
7436,1
7437,1
7438,1
7439,1
7440,1
7441,0
7442,1
7443,0
7444,1
7445,1
7446,1
7447,1
7448,1
7449,1
7450,0
7451,0
7452,0
7453,1
7454,1
7455,0
7456,0
7457,1
7458,1
7459,0
7460,0
7461,1
7462,0
7463,0
7464,1
7465,1
7466,1
7467,1
7468,1
7469,1
7470,0
7471,1
7472,1
7473,1
7474,1
7475,1
7476,1
7477,0
7478,1
7479,1
7480,1
7481,1
7482,1
7483,0
7484,1
7485,1
7486,0
7487,0
7488,1
7489,0
7490,1
7491,1
7492,0
7493,1
7494,1
7495,1
7496,1
7497,1
7498,0
7499,1
7500,0
7501,1
7502,1
7503,1
7504,1
7505,1
7506,1
7507,1
7508,1
7509,1
7510,1
7511,1
7512,0
7513,0
7514,1
7515,0
7516,0
7517,0
7518,0
7519,1
7520,1
7521,0
7522,1
7523,1
7524,1
7525,0
7526,0
7527,0
7528,1
7529,1
7530,1
7531,0
7532,1
7533,1
7534,0
7535,1
7536,1
7537,1
7538,0
7539,1
7540,1
7541,1
7542,1
7543,1
7544,1
7545,1
7546,1
7547,1
7548,0
7549,1
7550,0
7551,0
7552,1
7553,1
7554,0
7555,1
7556,0
7557,0
7558,1
7559,1
7560,1
7561,1
7562,0
7563,1
7564,1
7565,0
7566,1
7567,1
7568,1
7569,0
7570,1
7571,1
7572,0
7573,0
7574,1
7575,1
7576,1
7577,1
7578,1
7579,0
7580,0
7581,1
7582,1
7583,1
7584,0
7585,0
7586,1
7587,1
7588,1
7589,1
7590,1
7591,0
7592,1
7593,1
7594,1
7595,1
7596,1
7597,0
7598,0
7599,0
7600,1
7601,1
7602,1
7603,1
7604,1
7605,0
7606,1
7607,1
7608,0
7609,1
7610,0
7611,1
7612,1
7613,1
7614,0
7615,0
7616,1
7617,1
7618,1
7619,0
7620,1
7621,1
7622,1
7623,0
7624,1
7625,1
7626,1
7627,1
7628,1
7629,1
7630,1
7631,1
7632,1
7633,1
7634,1
7635,0
7636,1
7637,1
7638,1
7639,0
7640,1
7641,1
7642,1
7643,1
7644,1
7645,1
7646,1
7647,1
7648,0
7649,1
7650,0
7651,1
7652,1
7653,1
7654,1
7655,0
7656,1
7657,0
7658,1
7659,0
7660,1
7661,1
7662,0
7663,1
7664,1
7665,1
7666,0
7667,0
7668,1
7669,1
7670,1
7671,0
7672,1
7673,1
7674,1
7675,0
7676,1
7677,0
7678,0
7679,0
7680,1
7681,1
7682,0
7683,0
7684,1
7685,0
7686,0
7687,1
7688,1
7689,0
7690,1
7691,1
7692,0
7693,1
7694,1
7695,1
7696,0
7697,1
7698,0
7699,1
7700,0
7701,1
7702,1
7703,0
7704,1
7705,1
7706,1
7707,1
7708,0
7709,1
7710,1
7711,1
7712,1
7713,1
7714,1
7715,1
7716,0
7717,1
7718,1
7719,1
7720,1
7721,1
7722,1
7723,0
7724,1
7725,1
7726,1
7727,1
7728,1
7729,1
7730,1
7731,0
7732,0
7733,0
7734,0
7735,0
7736,1
7737,1
7738,1
7739,1
7740,1
7741,1
7742,0
7743,1
7744,1
7745,1
7746,1
7747,1
7748,1
7749,1
7750,1
7751,1
7752,1
7753,1
7754,1
7755,0
7756,0
7757,0
7758,0
7759,1
7760,0
7761,1
7762,1
7763,0
7764,1
7765,1
7766,1
7767,1
7768,1
7769,0
7770,0
7771,1
7772,0
7773,1
7774,1
7775,1
7776,1
7777,1
7778,0
7779,1
7780,0
7781,0
7782,0
7783,1
7784,1
7785,1
7786,0
7787,1
7788,1
7789,1
7790,1
7791,1
7792,1
7793,1
7794,0
7795,1
7796,1
7797,1
7798,1
7799,1
7800,0
7801,1
7802,0
7803,1
7804,0
7805,1
7806,1
7807,1
7808,0
7809,1
7810,1
7811,0
7812,1
7813,1
7814,0
7815,0
7816,1
7817,1
7818,0
7819,0
7820,0
7821,1
7822,1
7823,0
7824,0
7825,1
7826,1
7827,1
7828,1
7829,1
7830,1
7831,1
7832,1
7833,1
7834,1
7835,1
7836,1
7837,0
7838,1
7839,1
7840,0
7841,0
7842,1
7843,0
7844,1
7845,1
7846,1
7847,1
7848,1
7849,0
7850,0
7851,1
7852,1
7853,1
7854,0
7855,1
7856,0
7857,1
7858,1
7859,1
7860,1
7861,1
7862,1
7863,1
7864,1
7865,0
7866,1
7867,1
7868,0
7869,1
7870,1
7871,0
7872,1
7873,1
7874,1
7875,1
7876,1
7877,1
7878,1
7879,1
7880,1
7881,1
7882,1
7883,1
7884,1
7885,1
7886,1
7887,1
7888,0
7889,1
7890,1
7891,0
7892,0
7893,1
7894,1
7895,1
7896,1
7897,0
7898,1
7899,1
7900,1
7901,1
7902,1
7903,0
7904,1
7905,0
7906,1
7907,1
7908,1
7909,0
7910,1
7911,0
7912,1
7913,1
7914,1
7915,0
7916,1
7917,0
7918,0
7919,1
7920,0
7921,1
7922,1
7923,0
7924,1
7925,0
7926,1
7927,1
7928,0
7929,1
7930,0
7931,0
7932,0
7933,1
7934,1
7935,1
7936,1
7937,1
7938,1
7939,1
7940,1
7941,0
7942,1
7943,1
7944,1
7945,0
7946,1
7947,0
7948,0
7949,1
7950,1
7951,0
7952,1
7953,0
7954,1
7955,1
7956,1
7957,1
7958,0
7959,1
7960,1
7961,0
7962,1
7963,1
7964,0
7965,0
7966,1
7967,1
7968,1
7969,1
7970,0
7971,1
7972,0
7973,1
7974,1
7975,1
7976,1
7977,1
7978,1
7979,0
7980,0
7981,1
7982,1
7983,0
7984,1
7985,0
7986,0
7987,1
7988,0
7989,1
7990,1
7991,1
7992,1
7993,1
7994,0
7995,1
7996,1
7997,1
7998,0
7999,1
8000,1
8001,1
8002,1
8003,0
8004,0
8005,1
8006,1
8007,1
8008,1
8009,1
8010,1
8011,1
8012,1
8013,1
8014,0
8015,1
8016,0
8017,1
8018,1
8019,1
8020,0
8021,1
8022,0
8023,1
8024,0
8025,1
8026,1
8027,1
8028,0
8029,0
8030,1
8031,1
8032,1
8033,1
8034,1
8035,1
8036,0
8037,1
8038,1
8039,1
8040,1
8041,1
8042,0
8043,1
8044,1
8045,1
8046,1
8047,1
8048,0
8049,1
8050,0
8051,0
8052,0
8053,1
8054,0
8055,0
8056,0
8057,1
8058,1
8059,1
8060,1
8061,1
8062,0
8063,0
8064,1
8065,1
8066,1
8067,1
8068,1
8069,1
8070,1
8071,1
8072,0
8073,1
8074,0
8075,1
8076,1
8077,1
8078,1
8079,1
8080,1
8081,1
8082,0
8083,0
8084,0
8085,0
8086,1
8087,1
8088,1
8089,1
8090,0
8091,1
8092,1
8093,0
8094,1
8095,1
8096,1
8097,1
8098,1
8099,1
8100,0
8101,1
8102,0
8103,0
8104,1
8105,1
8106,1
8107,1
8108,1
8109,1
8110,1
8111,1
8112,1
8113,1
8114,1
8115,1
8116,0
8117,1
8118,0
8119,1
8120,1
8121,1
8122,0
8123,1
8124,0
8125,0
8126,1
8127,0
8128,0
8129,1
8130,1
8131,1
8132,0
8133,0
8134,1
8135,1
8136,1
8137,1
8138,1
8139,0
8140,1
8141,1
8142,1
8143,1
8144,1
8145,1
8146,1
8147,0
8148,0
8149,1
8150,1
8151,0
8152,1
8153,1
8154,0
8155,1
8156,0
8157,0
8158,1
8159,1
8160,0
8161,0
8162,0
8163,0
8164,1
8165,1
8166,0
8167,0
8168,0
8169,1
8170,1
8171,0
8172,1
8173,1
8174,1
8175,0
8176,1
8177,1
8178,1
8179,0
8180,1
8181,1
8182,0
8183,1
8184,0
8185,1
8186,0
8187,1
8188,1
8189,0
8190,0
8191,1
8192,1
8193,0
8194,1
8195,0
8196,0
8197,0
8198,0
8199,1
8200,1
8201,0
8202,1
8203,0
8204,0
8205,1
8206,0
8207,1
8208,1
8209,1
8210,1
8211,1
8212,1
8213,1
8214,1
8215,1
8216,0
8217,1
8218,1
8219,1
8220,1
8221,1
8222,0
8223,1
8224,0
8225,1
8226,1
8227,1
8228,1
8229,1
8230,0
8231,1
8232,1
8233,1
8234,1
8235,1
8236,1
8237,0
8238,1
8239,1
8240,0
8241,1
8242,1
8243,1
8244,1
8245,1
8246,0
8247,0
8248,1
8249,0
8250,0
8251,0
8252,1
8253,0
8254,0
8255,0
8256,1
8257,1
8258,1
8259,1
8260,1
8261,0
8262,1
8263,1
8264,1
8265,1
8266,1
8267,0
8268,0
8269,0
8270,1
8271,1
8272,1
8273,1
8274,1
8275,1
8276,0
8277,1
8278,1
8279,1
8280,1
8281,1
8282,1
8283,1
8284,0
8285,1
8286,1
8287,1
8288,1
8289,1
8290,0
8291,1
8292,1
8293,0
8294,1
8295,1
8296,1
8297,1
8298,0
8299,1
8300,1
8301,1
8302,0
8303,1
8304,0
8305,1
8306,1
8307,1
8308,1
8309,1
8310,1
8311,1
8312,1
8313,1
8314,1
8315,1
8316,1
8317,1
8318,1
8319,1
8320,1
8321,1
8322,1
8323,1
8324,1
8325,1
8326,0
8327,1
8328,1
8329,0
8330,0
8331,1
8332,1
8333,0
8334,0
8335,1
8336,0
8337,1
8338,0
8339,1
8340,1
8341,0
8342,1
8343,1
8344,0
8345,1
8346,1
8347,1
8348,1
8349,1
8350,0
8351,0
8352,1
8353,0
8354,1
8355,1
8356,1
8357,1
8358,0
8359,1
8360,1
8361,0
8362,0
8363,1
8364,0
8365,1
8366,1
8367,1
8368,1
8369,0
8370,1
8371,0
8372,0
8373,1
8374,1
8375,1
8376,1
8377,0
8378,1
8379,1
8380,1
8381,0
8382,1
8383,1
8384,1
8385,1
8386,1
8387,1
8388,1
8389,1
8390,1
8391,1
8392,1
8393,1
8394,1
8395,1
8396,1
8397,1
8398,0
8399,1
8400,0
8401,0
8402,0
8403,0
8404,0
8405,1
8406,1
8407,0
8408,1
8409,1
8410,1
8411,0
8412,1
8413,1
8414,0
8415,1
8416,1
8417,1
8418,0
8419,1
8420,1
8421,1
8422,0
8423,1
8424,0
8425,1
8426,1
8427,0
8428,0
8429,0
8430,1
8431,1
8432,1
8433,1
8434,1
8435,1
8436,1
8437,1
8438,0
8439,1
8440,1
8441,1
8442,1
8443,1
8444,0
8445,1
8446,1
8447,0
8448,1
8449,1
8450,1
8451,1
8452,1
8453,1
8454,0
8455,1
8456,0
8457,1
8458,0
8459,0
8460,1
8461,0
8462,1
8463,1
8464,0
8465,1
8466,0
8467,1
8468,1
8469,1
8470,0
8471,1
8472,0
8473,0
8474,1
8475,1
8476,1
8477,0
8478,0
8479,1
8480,0
8481,1
8482,1
8483,0
8484,0
8485,1
8486,1
8487,1
8488,1
8489,1
8490,1
8491,1
8492,0
8493,1
8494,1
8495,0
8496,0
8497,1
8498,0
8499,1
8500,1
8501,0
8502,1
8503,1
8504,1
8505,1
8506,1
8507,1
8508,1
8509,1
8510,1
8511,0
8512,1
8513,0
8514,0
8515,1
8516,0
8517,1
8518,1
8519,1
8520,0
8521,0
8522,1
8523,1
8524,0
8525,0
8526,1
8527,0
8528,1
8529,1
8530,1
8531,1
8532,1
8533,1
8534,1
8535,1
8536,0
8537,1
8538,1
8539,0
8540,1
8541,0
8542,0
8543,1
8544,1
8545,1
8546,0
8547,1
8548,0
8549,1
8550,1
8551,1
8552,1
8553,0
8554,1
8555,0
8556,0
8557,1
8558,1
8559,1
8560,1
8561,0
8562,0
8563,1
8564,0
8565,1
8566,1
8567,1
8568,0
8569,1
8570,1
8571,1
8572,1
8573,1
8574,1
8575,1
8576,1
8577,0
8578,1
8579,1
8580,1
8581,1
8582,1
8583,0
8584,1
8585,1
8586,1
8587,1
8588,0
8589,1
8590,1
8591,1
8592,1
8593,1
8594,1
8595,1
8596,1
8597,0
8598,0
8599,1
8600,1
8601,1
8602,1
8603,1
8604,1
8605,0
8606,1
8607,1
8608,1
8609,0
8610,0
8611,1
8612,1
8613,0
8614,1
8615,1
8616,0
8617,1
8618,1
8619,1
8620,1
8621,1
8622,1
8623,0
8624,1
8625,1
8626,0
8627,0
8628,1
8629,1
8630,1
8631,1
8632,1
8633,0
8634,1
8635,1
8636,1
8637,1
8638,0
8639,1
8640,0
8641,1
8642,1
8643,1
8644,1
8645,1
8646,0
8647,1
8648,1
8649,1
8650,0
8651,1
8652,1
8653,0
8654,1
8655,1
8656,1
8657,1
8658,1
8659,1
8660,1
8661,1
8662,1
8663,0
8664,1
8665,1
8666,0
8667,1
8668,1
8669,1
8670,1
8671,1
8672,1
8673,0
8674,0
8675,1
8676,1
8677,1
8678,1
8679,1
8680,1
8681,0
8682,1
8683,0
8684,0
8685,1
8686,1
8687,1
8688,1
8689,1
8690,1
8691,0
8692,0
8693,1
8694,1
8695,1
8696,1
8697,1
8698,0
8699,1
8700,0
8701,0
8702,0
8703,1
8704,1
8705,1
8706,0
8707,1
8708,1
8709,0
8710,1
8711,1
8712,1
8713,1
8714,0
8715,0
8716,1
8717,1
8718,1
8719,1
8720,0
8721,0
8722,1
8723,0
8724,0
8725,0
8726,1
8727,1
8728,1
8729,1
8730,1
8731,1
8732,1
8733,1
8734,1
8735,1
8736,1
8737,1
8738,1
8739,1
8740,1
8741,1
8742,0
8743,1
8744,1
8745,1
8746,1
8747,1
8748,0
8749,1
8750,0
8751,0
8752,1
8753,1
8754,1
8755,0
8756,1
8757,0
8758,0
8759,0
8760,0
8761,1
8762,1
8763,0
8764,1
8765,1
8766,1
8767,0
8768,1
8769,1
8770,0
8771,1
8772,1
8773,1
8774,1
8775,1
8776,1
8777,1
8778,1
8779,1
8780,1
8781,1
8782,1
8783,0
8784,0
8785,1
8786,1
8787,1
8788,1
8789,0
8790,1
8791,1
8792,0
8793,1
8794,0
8795,1
8796,1
8797,1
8798,1
8799,1
8800,0
8801,1
8802,1
8803,1
8804,0
8805,1
8806,1
8807,1
8808,0
8809,1
8810,0
8811,0
8812,1
8813,1
8814,1
8815,1
8816,1
8817,1
8818,1
8819,1
8820,1
8821,0
8822,1
8823,0
8824,1
8825,1
8826,1
8827,0
8828,0
8829,1
8830,1
8831,1
8832,0
8833,1
8834,1
8835,0
8836,1
8837,0
8838,0
8839,1
8840,1
8841,1
8842,1
8843,0
8844,0
8845,0
8846,0
8847,0
8848,0
8849,1
8850,0
8851,1
8852,1
8853,1
8854,0
8855,1
8856,1
8857,1
8858,1
8859,0
8860,0
8861,1
8862,1
8863,0
8864,1
8865,1
8866,1
8867,0
8868,1
8869,1
8870,0
8871,1
8872,1
8873,1
8874,1
8875,1
8876,0
8877,1
8878,1
8879,1
8880,0
8881,0
8882,1
8883,1
8884,1
8885,0
8886,1
8887,1
8888,1
8889,1
8890,1
8891,1
8892,0
8893,1
8894,1
8895,1
8896,1
8897,1
8898,1
8899,1
8900,1
8901,1
8902,1
8903,0
8904,0
8905,1
8906,1
8907,1
8908,0
8909,0
8910,0
8911,1
8912,1
8913,1
8914,1
8915,1
8916,1
8917,0
8918,1
8919,1
8920,1
8921,0
8922,1
8923,1
8924,0
8925,1
8926,0
8927,1
8928,1
8929,1
8930,0
8931,1
8932,1
8933,1
8934,0
8935,1
8936,1
8937,1
8938,0
8939,1
8940,0
8941,0
8942,1
8943,1
8944,1
8945,1
8946,1
8947,1
8948,1
8949,0
8950,1
8951,1
8952,1
8953,1
8954,1
8955,1
8956,1
8957,1
8958,0
8959,1
8960,1
8961,1
8962,1
8963,1
8964,0
8965,1
8966,1
8967,1
8968,1
8969,1
8970,1
8971,1
8972,1
8973,0
8974,1
8975,1
8976,0
8977,1
8978,1
8979,1
8980,0
8981,0
8982,1
8983,1
8984,1
8985,1
8986,1
8987,1
8988,0
8989,1
8990,1
8991,1
8992,0
8993,1
8994,0
8995,0
8996,1
8997,1
8998,1
8999,1
9000,1
9001,1
9002,1
9003,0
9004,1
9005,1
9006,0
9007,1
9008,1
9009,1
9010,0
9011,1
9012,1
9013,1
9014,1
9015,0
9016,1
9017,1
9018,0
9019,1
9020,1
9021,1
9022,0
9023,0
9024,0
9025,1
9026,0
9027,1
9028,1
9029,1
9030,1
9031,1
9032,1
9033,0
9034,1
9035,1
9036,1
9037,0
9038,1
9039,0
9040,0
9041,1
9042,1
9043,1
9044,1
9045,1
9046,1
9047,0
9048,1
9049,1
9050,1
9051,0
9052,0
9053,0
9054,1
9055,1
9056,1
9057,0
9058,0
9059,0
9060,0
9061,0
9062,1
9063,1
9064,1
9065,1
9066,1
9067,1
9068,1
9069,0
9070,1
9071,0
9072,1
9073,0
9074,1
9075,1
9076,0
9077,1
9078,1
9079,1
9080,1
9081,0
9082,1
9083,1
9084,1
9085,0
9086,1
9087,1
9088,1
9089,1
9090,1
9091,1
9092,1
9093,1
9094,1
9095,0
9096,1
9097,0
9098,0
9099,1
9100,1
9101,1
9102,1
9103,1
9104,1
9105,1
9106,1
9107,1
9108,0
9109,1
9110,1
9111,0
9112,1
9113,0
9114,0
9115,1
9116,0
9117,1
9118,1
9119,0
9120,1
9121,1
9122,0
9123,0
9124,0
9125,1
9126,1
9127,1
9128,0
9129,0
9130,0
9131,0
9132,0
9133,1
9134,0
9135,0
9136,0
9137,0
9138,1
9139,1
9140,1
9141,1
9142,1
9143,0
9144,1
9145,1
9146,0
9147,1
9148,1
9149,1
9150,0
9151,0
9152,1
9153,1
9154,1
9155,1
9156,1
9157,0
9158,0
9159,1
9160,1
9161,0
9162,1
9163,0
9164,0
9165,1
9166,0
9167,1
9168,0
9169,1
9170,0
9171,1
9172,1
9173,0
9174,1
9175,1
9176,0
9177,1
9178,1
9179,1
9180,1
9181,0
9182,1
9183,1
9184,0
9185,1
9186,1
9187,0
9188,1
9189,0
9190,1
9191,0
9192,0
9193,1
9194,0
9195,0
9196,0
9197,1
9198,1
9199,1
9200,1
9201,1
9202,1
9203,1
9204,0
9205,1
9206,0
9207,0
9208,0
9209,1
9210,1
9211,1
9212,0
9213,1
9214,1
9215,1
9216,1
9217,0
9218,1
9219,1
9220,1
9221,1
9222,1
9223,0
9224,0
9225,0
9226,1
9227,1
9228,0
9229,1
9230,0
9231,1
9232,0
9233,0
9234,0
9235,1
9236,1
9237,0
9238,1
9239,1
9240,1
9241,1
9242,1
9243,0
9244,1
9245,1
9246,1
9247,1
9248,0
9249,1
9250,0
9251,1
9252,1
9253,1
9254,1
9255,1
9256,1
9257,1
9258,1
9259,1
9260,1
9261,1
9262,1
9263,0
9264,0
9265,0
9266,0
9267,1
9268,1
9269,1
9270,0
9271,1
9272,1
9273,1
9274,1
9275,1
9276,1
9277,1
9278,1
9279,0
9280,1
9281,1
9282,1
9283,0
9284,1
9285,1
9286,1
9287,0
9288,1
9289,1
9290,1
9291,1
9292,1
9293,1
9294,1
9295,1
9296,0
9297,1
9298,1
9299,1
9300,1
9301,0
9302,1
9303,1
9304,1
9305,0
9306,1
9307,0
9308,1
9309,1
9310,0
9311,1
9312,1
9313,1
9314,0
9315,1
9316,1
9317,1
9318,0
9319,1
9320,0
9321,1
9322,0
9323,1
9324,1
9325,1
9326,1
9327,1
9328,1
9329,1
9330,0
9331,0
9332,1
9333,1
9334,0
9335,1
9336,1
9337,1
9338,1
9339,0
9340,1
9341,1
9342,1
9343,1
9344,0
9345,1
9346,1
9347,0
9348,1
9349,0
9350,0
9351,1
9352,1
9353,1
9354,1
9355,1
9356,1
9357,0
9358,0
9359,0
9360,0
9361,1
9362,0
9363,0
9364,1
9365,0
9366,1
9367,1
9368,0
9369,1
9370,1
9371,0
9372,0
9373,1
9374,1
9375,0
9376,1
9377,1
9378,1
9379,0
9380,1
9381,1
9382,0
9383,0
9384,0
9385,0
9386,1
9387,1
9388,0
9389,0
9390,1
9391,0
9392,1
9393,1
9394,0
9395,1
9396,1
9397,1
9398,1
9399,1
9400,1
9401,0
9402,1
9403,1
9404,0
9405,0
9406,1
9407,1
9408,1
9409,0
9410,1
9411,0
9412,1
9413,0
9414,1
9415,1
9416,1
9417,1
9418,1
9419,1
9420,1
9421,0
9422,1
9423,1
9424,0
9425,1
9426,0
9427,1
9428,1
9429,1
9430,1
9431,1
9432,1
9433,1
9434,1
9435,1
9436,1
9437,1
9438,1
9439,0
9440,1
9441,0
9442,1
9443,1
9444,0
9445,0
9446,1
9447,1
9448,0
9449,1
9450,1
9451,1
9452,1
9453,1
9454,1
9455,1
9456,0
9457,1
9458,0
9459,1
9460,1
9461,1
9462,1
9463,1
9464,1
9465,1
9466,1
9467,0
9468,1
9469,1
9470,0
9471,1
9472,1
9473,1
9474,0
9475,1
9476,1
9477,0
9478,1
9479,0
9480,1
9481,0
9482,1
9483,1
9484,1
9485,0
9486,1
9487,0
9488,1
9489,0
9490,0
9491,1
9492,0
9493,0
9494,1
9495,1
9496,1
9497,0
9498,1
9499,0
9500,1
9501,1
9502,0
9503,0
9504,1
9505,1
9506,0
9507,1
9508,0
9509,0
9510,1
9511,0
9512,0
9513,1
9514,0
9515,1
9516,1
9517,0
9518,1
9519,1
9520,1
9521,1
9522,1
9523,1
9524,1
9525,0
9526,1
9527,1
9528,1
9529,1
9530,1
9531,0
9532,1
9533,0
9534,0
9535,1
9536,1
9537,0
9538,1
9539,0
9540,1
9541,1
9542,1
9543,1
9544,0
9545,1
9546,0
9547,1
9548,1
9549,0
9550,1
9551,1
9552,0
9553,0
9554,1
9555,0
9556,0
9557,0
9558,1
9559,1
9560,1
9561,1
9562,1
9563,1
9564,1
9565,1
9566,1
9567,1
9568,0
9569,1
9570,1
9571,0
9572,1
9573,0
9574,0
9575,0
9576,0
9577,1
9578,1
9579,1
9580,0
9581,1
9582,1
9583,1
9584,1
9585,1
9586,1
9587,1
9588,0
9589,1
9590,1
9591,1
9592,0
9593,0
9594,1
9595,0
9596,1
9597,1
9598,1
9599,1
9600,0
9601,1
9602,1
9603,1
9604,0
9605,1
9606,1
9607,1
9608,0
9609,1
9610,1
9611,0
9612,1
9613,1
9614,1
9615,1
9616,1
9617,0
9618,0
9619,1
9620,1
9621,1
9622,1
9623,1
9624,0
9625,1
9626,0
9627,1
9628,1
9629,0
9630,1
9631,1
9632,1
9633,1
9634,0
9635,1
9636,1
9637,1
9638,0
9639,1
9640,1
9641,1
9642,1
9643,1
9644,1
9645,0
9646,1
9647,0
9648,1
9649,1
9650,1
9651,1
9652,1
9653,1
9654,1
9655,1
9656,1
9657,1
9658,1
9659,1
9660,0
9661,1
9662,1
9663,0
9664,1
9665,1
9666,1
9667,1
9668,1
9669,1
9670,0
9671,0
9672,0
9673,1
9674,1
9675,1
9676,1
9677,1
9678,1
9679,1
9680,1
9681,0
9682,1
9683,1
9684,1
9685,1
9686,1
9687,0
9688,1
9689,0
9690,1
9691,0
9692,1
9693,1
9694,1
9695,1
9696,0
9697,0
9698,0
9699,1
9700,0
9701,1
9702,0
9703,1
9704,1
9705,0
9706,0
9707,1
9708,1
9709,1
9710,1
9711,0
9712,1
9713,0
9714,0
9715,0
9716,1
9717,1
9718,0
9719,1
9720,1
9721,1
9722,1
9723,1
9724,1
9725,0
9726,1
9727,1
9728,1
9729,0
9730,0
9731,1
9732,1
9733,1
9734,1
9735,0
9736,1
9737,1
9738,1
9739,1
9740,0
9741,1
9742,0
9743,0
9744,0
9745,0
9746,1
9747,1
9748,1
9749,0
9750,0
9751,1
9752,1
9753,1
9754,1
9755,1
9756,1
9757,0
9758,1
9759,1
9760,0
9761,0
9762,1
9763,1
9764,0
9765,1
9766,1
9767,1
9768,1
9769,1
9770,1
9771,1
9772,1
9773,1
9774,1
9775,0
9776,1
9777,1
9778,1
9779,1
9780,1
9781,1
9782,1
9783,1
9784,1
9785,1
9786,1
9787,1
9788,1
9789,1
9790,0
9791,1
9792,0
9793,1
9794,0
9795,1
9796,0
9797,0
9798,1
9799,1
9800,1
9801,1
9802,0
9803,1
9804,1
9805,0
9806,1
9807,0
9808,1
9809,1
9810,0
9811,1
9812,1
9813,1
9814,1
9815,1
9816,1
9817,1
9818,1
9819,0
9820,0
9821,0
9822,0
9823,1
9824,0
9825,1
9826,1
9827,1
9828,1
9829,1
9830,0
9831,0
9832,1
9833,1
9834,1
9835,1
9836,0
9837,1
9838,1
9839,1
9840,1
9841,1
9842,1
9843,1
9844,0
9845,0
9846,1
9847,0
9848,1
9849,1
9850,1
9851,1
9852,1
9853,0
9854,1
9855,1
9856,0
9857,0
9858,1
9859,1
9860,0
9861,0
9862,0
9863,0
9864,0
9865,1
9866,1
9867,1
9868,1
9869,1
9870,0
9871,1
9872,1
9873,1
9874,1
9875,0
9876,1
9877,1
9878,1
9879,1
9880,1
9881,1
9882,1
9883,0
9884,1
9885,1
9886,1
9887,0
9888,1
9889,1
9890,1
9891,1
9892,0
9893,1
9894,0
9895,1
9896,1
9897,1
9898,0
9899,0
9900,0
9901,0
9902,1
9903,0
9904,0
9905,1
9906,1
9907,0
9908,1
9909,1
9910,1
9911,1
9912,0
9913,1
9914,1
9915,1
9916,0
9917,0
9918,1
9919,1
9920,0
9921,1
9922,0
9923,1
9924,1
9925,1
9926,0
9927,1
9928,1
9929,0
9930,1
9931,0
9932,0
9933,0
9934,1
9935,1
9936,1
9937,1
9938,1
9939,1
9940,1
9941,0
9942,1
9943,1
9944,1
9945,1
9946,0
9947,1
9948,1
9949,1
9950,1
9951,1
9952,1
9953,1
9954,1
9955,1
9956,1
9957,1
9958,0
9959,1
9960,1
9961,1
9962,1
9963,1
9964,1
9965,1
9966,1
9967,0
9968,0
9969,1
9970,0
9971,0
9972,1
9973,0
9974,1
9975,1
9976,0
9977,1
9978,1
9979,1
9980,1
9981,1
9982,1
9983,1
9984,0
9985,0
9986,1
9987,0
9988,1
9989,1
9990,0
9991,0
9992,1
9993,0
9994,1
9995,1
9996,1
9997,1
9998,1
9999,1
10000,1
10001,0
10002,1
10003,0
10004,1
10005,1
10006,1
10007,1
10008,0
10009,1
10010,0
10011,0
10012,1
10013,1
10014,1
10015,0
10016,0
10017,1
10018,1
10019,0
10020,1
10021,0
10022,0
10023,1
10024,0
10025,1
10026,1
10027,0
10028,1
10029,1
10030,1
10031,1
10032,0
10033,1
10034,1
10035,1
10036,1
10037,1
10038,0
10039,0
10040,1
10041,0
10042,0
10043,1
10044,1
10045,0
10046,0
10047,1
10048,1
10049,1
10050,1
10051,1
10052,1
10053,1
10054,1
10055,1
10056,0
10057,0
10058,1
10059,1
10060,0
10061,1
10062,1
10063,1
10064,1
10065,1
10066,1
10067,1
10068,1
10069,0
10070,1
10071,1
10072,0
10073,1
10074,1
10075,1
10076,0
10077,1
10078,0
10079,0
10080,1
10081,0
10082,0
10083,1
10084,1
10085,1
10086,0
10087,0
10088,0
10089,1
10090,1
10091,1
10092,1
10093,1
10094,1
10095,1
10096,1
10097,0
10098,1
10099,0
10100,1
10101,1
10102,0
10103,1
10104,0
10105,1
10106,0
10107,1
10108,0
10109,1
10110,1
10111,1
10112,1
10113,0
10114,0
10115,1
10116,1
10117,1
10118,1
10119,1
10120,1
10121,0
10122,1
10123,1
10124,0
10125,1
10126,0
10127,1
10128,1
10129,1
10130,0
10131,1
10132,1
10133,1
10134,1
10135,1
10136,1
10137,0
10138,0
10139,1
10140,1
10141,0
10142,1
10143,0
10144,1
10145,1
10146,1
10147,1
10148,1
10149,1
10150,1
10151,1
10152,1
10153,1
10154,1
10155,1
10156,1
10157,1
10158,1
10159,0
10160,1
10161,0
10162,1
10163,0
10164,1
10165,0
10166,1
10167,1
10168,0
10169,1
10170,0
10171,0
10172,1
10173,1
10174,1
10175,1
10176,1
10177,1
10178,0
10179,1
10180,1
10181,0
10182,1
10183,0
10184,1
10185,1
10186,0
10187,1
10188,1
10189,0
10190,0
10191,1
10192,1
10193,1
10194,0
10195,1
10196,1
10197,0
10198,1
10199,1
10200,1
10201,1
10202,1
10203,0
10204,0
10205,0
10206,1
10207,1
10208,1
10209,0
10210,1
10211,0
10212,1
10213,1
10214,1
10215,1
10216,0
10217,1
10218,1
10219,1
10220,1
10221,1
10222,0
10223,0
10224,1
10225,0
10226,1
10227,1
10228,1
10229,0
10230,1
10231,0
10232,0
10233,0
10234,0
10235,0
10236,0
10237,1
10238,1
10239,1
10240,1
10241,1
10242,0
10243,1
10244,1
10245,0
10246,1
10247,1
10248,1
10249,1
10250,1
10251,1
10252,1
10253,0
10254,1
10255,1
10256,1
10257,1
10258,1
10259,0
10260,1
10261,1
10262,0
10263,1
10264,0
10265,1
10266,0
10267,1
10268,1
10269,1
10270,1
10271,1
10272,1
10273,1
10274,1
10275,1
10276,1
10277,0
10278,0
10279,0
10280,0
10281,0
10282,0
10283,1
10284,1
10285,0
10286,0
10287,1
10288,1
10289,1
10290,1
10291,1
10292,1
10293,0
10294,0
10295,1
10296,1
10297,0
10298,1
10299,1
10300,1
10301,1
10302,1
10303,0
10304,0
10305,1
10306,1
10307,1
10308,0
10309,1
10310,1
10311,1
10312,0
10313,1
10314,0
10315,0
10316,0
10317,1
10318,1
10319,0
10320,1
10321,1
10322,1
10323,1
10324,1
10325,0
10326,1
10327,0
10328,1
10329,1
10330,1
10331,0
10332,1
10333,1
10334,1
10335,1
10336,1
10337,1
10338,0
10339,1
10340,1
10341,1
10342,1
10343,1
10344,1
10345,1
10346,1
10347,1
10348,1
10349,1
10350,1
10351,1
10352,0
10353,1
10354,1
10355,0
10356,1
10357,1
10358,0
10359,1
10360,1
10361,1
10362,0
10363,0
10364,0
10365,1
10366,1
10367,1
10368,0
10369,1
10370,1
10371,0
10372,0
10373,0
10374,1
10375,1
10376,0
10377,0
10378,0
10379,1
10380,1
10381,1
10382,1
10383,1
10384,0
10385,0
10386,0
10387,1
10388,0
10389,1
10390,1
10391,0
10392,1
10393,1
10394,1
10395,0
10396,1
10397,1
10398,1
10399,1
10400,0
10401,0
10402,1
10403,0
10404,1
10405,1
10406,1
10407,1
10408,1
10409,0
10410,0
10411,1
10412,1
10413,0
10414,1
10415,1
10416,1
10417,1
10418,0
10419,0
10420,0
10421,1
10422,0
10423,1
10424,0
10425,1
10426,0
10427,0
10428,0
10429,0
10430,1
10431,1
10432,0
10433,1
10434,1
10435,1
10436,1
10437,0
10438,1
10439,1
10440,1
10441,1
10442,1
10443,1
10444,1
10445,1
10446,1
10447,1
10448,1
10449,0
10450,1
10451,1
10452,1
10453,1
10454,1
10455,1
10456,0
10457,1
10458,1
10459,1
10460,0
10461,1
10462,1
10463,0
10464,0
10465,1
10466,1
10467,1
10468,1
10469,1
10470,1
10471,1
10472,1
10473,0
10474,0
10475,1
10476,1
10477,0
10478,0
10479,1
10480,1
10481,1
10482,0
10483,1
10484,1
10485,0
10486,0
10487,1
10488,1
10489,0
10490,1
10491,1
10492,1
10493,1
10494,0
10495,1
10496,0
10497,0
10498,1
10499,1
10500,1
10501,0
10502,0
10503,1
10504,0
10505,1
10506,1
10507,0
10508,1
10509,1
10510,1
10511,1
10512,1
10513,0
10514,1
10515,0
10516,0
10517,0
10518,1
10519,1
10520,1
10521,0
10522,1
10523,1
10524,0
10525,0
10526,0
10527,0
10528,1
10529,1
10530,0
10531,1
10532,1
10533,0
10534,0
10535,1
10536,1
10537,1
10538,1
10539,0
10540,1
10541,1
10542,1
10543,1
10544,1
10545,1
10546,1
10547,1
10548,1
10549,1
10550,1
10551,1
10552,0
10553,1
10554,0
10555,1
10556,1
10557,0
10558,1
10559,0
10560,1
10561,1
10562,1
10563,1
10564,1
10565,1
10566,0
10567,0
10568,1
10569,1
10570,1
10571,1
10572,0
10573,0
10574,1
10575,1
10576,1
10577,1
10578,1
10579,1
10580,0
10581,1
10582,1
10583,0
10584,1
10585,1
10586,0
10587,0
10588,1
10589,0
10590,1
10591,1
10592,1
10593,1
10594,1
10595,1
10596,1
10597,0
10598,1
10599,1
10600,1
10601,0
10602,1
10603,1
10604,0
10605,0
10606,1
10607,1
10608,1
10609,1
10610,1
10611,1
10612,0
10613,1
10614,0
10615,1
10616,1
10617,1
10618,1
10619,1
10620,0
10621,1
10622,0
10623,1
10624,0
10625,1
10626,1
10627,1
10628,0
10629,1
10630,1
10631,1
10632,1
10633,1
10634,1
10635,0
10636,1
10637,0
10638,1
10639,1
10640,1
10641,1
10642,1
10643,1
10644,1
10645,1
10646,1
10647,1
10648,1
10649,1
10650,0
10651,1
10652,1
10653,1
10654,0
10655,1
10656,0
10657,0
10658,1
10659,1
10660,1
10661,1
10662,1
10663,1
10664,1
10665,1
10666,0
10667,1
10668,0
10669,1
10670,0
10671,0
10672,1
10673,0
10674,1
10675,0
10676,1
10677,1
10678,1
10679,1
10680,1
10681,1
10682,0
10683,1
10684,1
10685,1
10686,1
10687,1
10688,0
10689,0
10690,1
10691,1
10692,1
10693,1
10694,0
10695,0
10696,1
10697,1
10698,1
10699,1
10700,1
10701,0
10702,1
10703,0
10704,1
10705,0
10706,1
10707,0
10708,0
10709,0
10710,1
10711,1
10712,1
10713,1
10714,0
10715,1
10716,0
10717,0
10718,1
10719,1
10720,0
10721,1
10722,0
10723,1
10724,1
10725,0
10726,0
10727,1
10728,1
10729,1
10730,1
10731,1
10732,1
10733,1
10734,1
10735,1
10736,0
10737,1
10738,0
10739,0
10740,1
10741,1
10742,0
10743,0
10744,1
10745,0
10746,1
10747,0
10748,1
10749,1
10750,0
10751,1
10752,0
10753,1
10754,0
10755,0
10756,1
10757,0
10758,1
10759,1
10760,1
10761,1
10762,1
10763,1
10764,0
10765,1
10766,0
10767,0
10768,1
10769,1
10770,1
10771,1
10772,1
10773,0
10774,1
10775,1
10776,1
10777,1
10778,1
10779,1
10780,0
10781,0
10782,1
10783,1
10784,0
10785,0
10786,0
10787,1
10788,1
10789,1
10790,1
10791,1
10792,1
10793,0
10794,1
10795,1
10796,1
10797,1
10798,0
10799,1
10800,1
10801,1
10802,0
10803,1
10804,1
10805,1
10806,0
10807,1
10808,1
10809,1
10810,1
10811,1
10812,1
10813,1
10814,0
10815,1
10816,1
10817,0
10818,1
10819,1
10820,0
10821,0
10822,1
10823,1
10824,1
10825,0
10826,1
10827,0
10828,1
10829,1
10830,1
10831,0
10832,1
10833,1
10834,1
10835,0
10836,0
10837,1
10838,1
10839,1
10840,1
10841,0
10842,0
10843,1
10844,1
10845,1
10846,0
10847,1
10848,0
10849,0
10850,1
10851,1
10852,1
10853,1
10854,1
10855,0
10856,0
10857,1
10858,1
10859,1
10860,1
10861,1
10862,1
10863,1
10864,1
10865,1
10866,0
10867,0
10868,1
10869,1
10870,1
10871,1
10872,0
10873,1
10874,1
10875,1
10876,0
10877,0
10878,1
10879,0
10880,1
10881,0
10882,1
10883,1
10884,1
10885,0
10886,1
10887,1
10888,1
10889,1
10890,1
10891,1
10892,1
10893,1
10894,1
10895,1
10896,0
10897,0
10898,1
10899,1
10900,1
10901,1
10902,1
10903,0
10904,1
10905,0
10906,0
10907,0
10908,1
10909,0
10910,1
10911,1
10912,1
10913,1
10914,1
10915,1
10916,1
10917,1
10918,0
10919,1
10920,0
10921,1
10922,1
10923,1
10924,1
10925,0
10926,1
10927,1
10928,0
10929,1
10930,0
10931,1
10932,1
10933,0
10934,0
10935,1
10936,0
10937,1
10938,0
10939,1
10940,0
10941,1
10942,0
10943,1
10944,1
10945,1
10946,1
10947,1
10948,1
10949,1
10950,0
10951,0
10952,0
10953,1
10954,1
10955,1
10956,0
10957,1
10958,1
10959,1
10960,1
10961,1
10962,0
10963,1
10964,0
10965,0
10966,1
10967,1
10968,1
10969,1
10970,1
10971,1
10972,1
10973,0
10974,1
10975,1
10976,1
10977,1
10978,1
10979,0
10980,1
10981,1
10982,1
10983,1
10984,1
10985,1
10986,1
10987,1
10988,1
10989,1
10990,1
10991,0
10992,1
10993,1
10994,1
10995,1
10996,1
10997,1
10998,1
10999,1
11000,1
11001,1
11002,1
11003,0
11004,1
11005,1
11006,0
11007,1
11008,1
11009,1
11010,1
11011,1
11012,0
11013,1
11014,0
11015,1
11016,1
11017,1
11018,0
11019,1
11020,1
11021,0
11022,1
11023,1
11024,1
11025,1
11026,1
11027,0
11028,1
11029,1
11030,1
11031,1
11032,1
11033,0
11034,1
11035,0
11036,1
11037,1
11038,0
11039,1
11040,1
11041,0
11042,1
11043,0
11044,1
11045,1
11046,0
11047,1
11048,1
11049,1
11050,1
11051,1
11052,1
11053,1
11054,0
11055,1
11056,0
11057,1
11058,1
11059,1
11060,1
11061,1
11062,1
11063,1
11064,1
11065,1
11066,0
11067,1
11068,1
11069,0
11070,1
11071,0
11072,1
11073,0
11074,1
11075,0
11076,1
11077,1
11078,0
11079,1
11080,0
11081,1
11082,1
11083,1
11084,0
11085,1
11086,1
11087,1
11088,1
11089,1
11090,1
11091,1
11092,1
11093,1
11094,1
11095,1
11096,1
11097,0
11098,1
11099,0
11100,0
11101,1
11102,1
11103,0
11104,0
11105,0
11106,1
11107,0
11108,0
11109,1
11110,1
11111,1
11112,1
11113,1
11114,1
11115,0
11116,1
11117,1
11118,1
11119,1
11120,0
11121,0
11122,1
11123,0
11124,1
11125,1
11126,1
11127,1
11128,1
11129,1
11130,1
11131,1
11132,1
11133,1
11134,1
11135,1
11136,1
11137,0
11138,1
11139,0
11140,0
11141,0
11142,1
11143,0
11144,1
11145,0
11146,0
11147,1
11148,1
11149,1
11150,1
11151,1
11152,1
11153,1
11154,0
11155,0
11156,1
11157,1
11158,0
11159,0
11160,0
11161,1
11162,1
11163,0
11164,0
11165,1
11166,0
11167,1
11168,1
11169,0
11170,0
11171,1
11172,1
11173,1
11174,1
11175,1
11176,1
11177,0
11178,0
11179,1
11180,1
11181,0
11182,1
11183,0
11184,1
11185,0
11186,1
11187,0
11188,0
11189,1
11190,0
11191,1
11192,1
11193,0
11194,1
11195,0
11196,0
11197,1
11198,1
11199,1
11200,0
11201,1
11202,1
11203,1
11204,0
11205,1
11206,1
11207,1
11208,1
11209,0
11210,1
11211,0
11212,0
11213,1
11214,0
11215,1
11216,0
11217,0
11218,1
11219,1
11220,0
11221,0
11222,0
11223,1
11224,1
11225,0
11226,1
11227,0
11228,1
11229,1
11230,1
11231,0
11232,1
11233,1
11234,1
11235,1
11236,1
11237,1
11238,1
11239,1
11240,0
11241,1
11242,0
11243,0
11244,1
11245,1
11246,0
11247,0
11248,1
11249,1
11250,1
11251,1
11252,1
11253,1
11254,1
11255,1
11256,1
11257,1
11258,1
11259,1
11260,0
11261,1
11262,1
11263,0
11264,0
11265,1
11266,1
11267,1
11268,1
11269,0
11270,1
11271,1
11272,1
11273,1
11274,1
11275,0
11276,1
11277,0
11278,1
11279,1
11280,1
11281,1
11282,1
11283,1
11284,1
11285,1
11286,1
11287,1
11288,1
11289,1
11290,1
11291,1
11292,1
11293,1
11294,1
11295,1
11296,1
11297,1
11298,0
11299,1
11300,1
11301,1
11302,0
11303,1
11304,1
11305,0
11306,0
11307,1
11308,1
11309,1
11310,1
11311,0
11312,0
11313,0
11314,1
11315,1
11316,0
11317,1
11318,1
11319,1
11320,1
11321,1
11322,1
11323,1
11324,1
11325,1
11326,0
11327,0
11328,1
11329,1
11330,1
11331,1
11332,1
11333,1
11334,1
11335,0
11336,1
11337,1
11338,0
11339,1
11340,1
11341,1
11342,0
11343,1
11344,1
11345,1
11346,1
11347,1
11348,1
11349,0
11350,1
11351,0
11352,1
11353,0
11354,1
11355,1
11356,0
11357,0
11358,1
11359,0
11360,0
11361,1
11362,1
11363,1
11364,0
11365,0
11366,1
11367,0
11368,1
11369,1
11370,1
11371,1
11372,0
11373,0
11374,1
11375,1
11376,1
11377,1
11378,1
11379,0
11380,1
11381,1
11382,1
11383,1
11384,1
11385,1
11386,1
11387,1
11388,1
11389,1
11390,1
11391,0
11392,0
11393,1
11394,0
11395,1
11396,1
11397,1
11398,1
11399,1
11400,1
11401,1
11402,1
11403,0
11404,1
11405,0
11406,1
11407,1
11408,1
11409,1
11410,1
11411,1
11412,1
11413,1
11414,1
11415,0
11416,1
11417,1
11418,1
11419,1
11420,0
11421,0
11422,0
11423,0
11424,1
11425,0
11426,1
11427,1
11428,1
11429,1
11430,1
11431,0
11432,1
11433,1
11434,0
11435,0
11436,1
11437,1
11438,1
11439,1
11440,1
11441,1
11442,1
11443,1
11444,1
11445,1
11446,0
11447,1
11448,0
11449,1
11450,1
11451,1
11452,0
11453,0
11454,1
11455,1
11456,0
11457,0
11458,1
11459,1
11460,1
11461,1
11462,1
11463,0
11464,1
11465,1
11466,0
11467,1
11468,1
11469,1
11470,1
11471,1
11472,1
11473,1
11474,1
11475,1
11476,1
11477,0
11478,1
11479,1
11480,1
11481,0
11482,1
11483,1
11484,0
11485,0
11486,1
11487,0
11488,0
11489,0
11490,1
11491,0
11492,1
11493,1
11494,1
11495,0
11496,1
11497,0
11498,1
11499,1
11500,1
11501,1
11502,0
11503,0
11504,1
11505,1
11506,1
11507,1
11508,0
11509,1
11510,1
11511,0
11512,1
11513,0
11514,1
11515,1
11516,1
11517,0
11518,0
11519,1
11520,0
11521,0
11522,0
11523,1
11524,0
11525,0
11526,0
11527,0
11528,0
11529,1
11530,0
11531,1
11532,1
11533,0
11534,0
11535,0
11536,1
11537,0
11538,1
11539,0
11540,1
11541,1
11542,0
11543,0
11544,1
11545,0
11546,1
11547,1
11548,1
11549,1
11550,1
11551,0
11552,1
11553,1
11554,0
11555,1
11556,1
11557,0
11558,0
11559,1
11560,1
11561,0
11562,0
11563,1
11564,1
11565,1
11566,1
11567,1
11568,1
11569,1
11570,0
11571,1
11572,1
11573,1
11574,1
11575,0
11576,1
11577,1
11578,1
11579,0
11580,1
11581,1
11582,0
11583,1
11584,1
11585,0
11586,0
11587,0
11588,1
11589,1
11590,0
11591,1
11592,1
11593,0
11594,0
11595,1
11596,1
11597,1
11598,1
11599,1
11600,1
11601,1
11602,1
11603,1
11604,1
11605,0
11606,1
11607,1
11608,0
11609,1
11610,0
11611,0
11612,0
11613,1
11614,1
11615,1
11616,1
11617,1
11618,1
11619,0
11620,0
11621,0
11622,0
11623,1
11624,0
11625,1
11626,1
11627,1
11628,0
11629,0
11630,1
11631,0
11632,1
11633,1
11634,0
11635,1
11636,0
11637,1
11638,1
11639,1
11640,0
11641,1
11642,0
11643,1
11644,1
11645,1
11646,1
11647,0
11648,1
11649,0
11650,0
11651,1
11652,1
11653,1
11654,0
11655,1
11656,0
11657,1
11658,1
11659,1
11660,0
11661,1
11662,1
11663,0
11664,1
11665,1
11666,0
11667,1
11668,1
11669,1
11670,1
11671,1
11672,1
11673,0
11674,1
11675,1
11676,1
11677,1
11678,1
11679,1
11680,0
11681,1
11682,1
11683,1
11684,1
11685,1
11686,1
11687,0
11688,1
11689,1
11690,1
11691,1
11692,1
11693,1
11694,0
11695,0
11696,1
11697,1
11698,1
11699,1
11700,1
11701,1
11702,1
11703,1
11704,1
11705,0
11706,1
11707,1
11708,1
11709,1
11710,1
11711,1
11712,1
11713,1
11714,1
11715,0
11716,1
11717,1
11718,0
11719,1
11720,1
11721,1
11722,1
11723,0
11724,1
11725,0
11726,1
11727,1
11728,0
11729,1
11730,1
11731,1
11732,1
11733,1
11734,1
11735,1
11736,1
11737,0
11738,1
11739,1
11740,1
11741,1
11742,1
11743,1
11744,1
11745,0
11746,1
11747,1
11748,0
11749,0
11750,1
11751,0
11752,0
11753,0
11754,1
11755,1
11756,1
11757,1
11758,1
11759,1
11760,1
11761,0
11762,1
11763,1
11764,1
11765,1
11766,1
11767,0
11768,0
11769,0
11770,1
11771,1
11772,1
11773,0
11774,1
11775,1
11776,1
11777,1
11778,0
11779,1
11780,1
11781,1
11782,0
11783,1
11784,1
11785,1
11786,1
11787,1
11788,1
11789,1
11790,1
11791,1
11792,1
11793,1
11794,1
11795,1
11796,1
11797,0
11798,0
11799,1
11800,0
11801,1
11802,0
11803,1
11804,1
11805,1
11806,0
11807,1
11808,1
11809,1
11810,0
11811,1
11812,1
11813,1
11814,1
11815,0
11816,1
11817,1
11818,1
11819,1
11820,1
11821,1
11822,1
11823,0
11824,0
11825,1
11826,0
11827,1
11828,1
11829,0
11830,0
11831,1
11832,0
11833,0
11834,0
11835,1
11836,0
11837,1
11838,0
11839,1
11840,1
11841,0
11842,1
11843,1
11844,0
11845,1
11846,1
11847,0
11848,1
11849,1
11850,0
11851,1
11852,1
11853,1
11854,0
11855,1
11856,0
11857,1
11858,1
11859,1
11860,1
11861,1
11862,0
11863,1
11864,1
11865,1
11866,1
11867,1
11868,1
11869,1
11870,0
11871,0
11872,1
11873,0
11874,1
11875,1
11876,1
11877,1
11878,0
11879,1
11880,0
11881,1
11882,0
11883,1
11884,1
11885,1
11886,1
11887,1
11888,1
11889,1
11890,1
11891,1
11892,1
11893,1
11894,1
11895,1
11896,1
11897,0
11898,1
11899,1
11900,1
11901,0
11902,0
11903,1
11904,1
11905,0
11906,1
11907,1
11908,1
11909,1
11910,1
11911,1
11912,1
11913,0
11914,0
11915,1
11916,1
11917,1
11918,0
11919,0
11920,1
11921,0
11922,1
11923,1
11924,1
11925,1
11926,0
11927,0
11928,1
11929,1
11930,1
11931,1
11932,1
11933,1
11934,1
11935,1
11936,1
11937,1
11938,1
11939,1
11940,1
11941,0
11942,1
11943,1
11944,1
11945,1
11946,1
11947,1
11948,1
11949,1
11950,1
11951,0
11952,1
11953,1
11954,1
11955,1
11956,1
11957,0
11958,1
11959,0
11960,1
11961,0
11962,0
11963,1
11964,1
11965,1
11966,1
11967,1
11968,1
11969,0
11970,0
11971,1
11972,1
11973,0
11974,1
11975,0
11976,1
11977,1
11978,1
11979,1
11980,1
11981,1
11982,0
11983,1
11984,0
11985,1
11986,1
11987,0
11988,1
11989,0
11990,0
11991,0
11992,0
11993,1
11994,1
11995,1
11996,1
11997,1
11998,1
11999,1
12000,1
12001,0
12002,1
12003,1
12004,1
12005,1
12006,1
12007,1
12008,1
12009,1
12010,0
12011,1
12012,1
12013,0
12014,1
12015,0
12016,1
12017,1
12018,0
12019,1
12020,0
12021,0
12022,0
12023,1
12024,1
12025,1
12026,1
12027,1
12028,0
12029,1
12030,0
12031,1
12032,1
12033,1
12034,1
12035,0
12036,0
12037,1
12038,0
12039,1
12040,1
12041,1
12042,0
12043,0
12044,0
12045,0
12046,1
12047,0
12048,0
12049,0
12050,1
12051,1
12052,0
12053,1
12054,1
12055,0
12056,1
12057,0
12058,1
12059,0
12060,0
12061,0
12062,1
12063,1
12064,0
12065,0
12066,1
12067,1
12068,0
12069,0
12070,0
12071,1
12072,1
12073,1
12074,1
12075,1
12076,1
12077,0
12078,0
12079,1
12080,1
12081,1
12082,1
12083,1
12084,1
12085,1
12086,1
12087,1
12088,0
12089,0
12090,0
12091,1
12092,1
12093,0
12094,1
12095,1
12096,1
12097,0
12098,0
12099,1
12100,0
12101,1
12102,1
12103,1
12104,1
12105,1
12106,1
12107,1
12108,1
12109,1
12110,0
12111,1
12112,1
12113,0
12114,1
12115,1
12116,1
12117,1
12118,1
12119,1
12120,1
12121,0
12122,1
12123,0
12124,1
12125,0
12126,1
12127,0
12128,0
12129,0
12130,0
12131,1
12132,1
12133,1
12134,1
12135,0
12136,0
12137,1
12138,0
12139,1
12140,1
12141,1
12142,1
12143,1
12144,1
12145,1
12146,1
12147,1
12148,1
12149,1
12150,1
12151,1
12152,1
12153,1
12154,0
12155,0
12156,0
12157,1
12158,1
12159,0
12160,0
12161,1
12162,1
12163,0
12164,1
12165,1
12166,1
12167,1
12168,1
12169,0
12170,1
12171,0
12172,0
12173,1
12174,1
12175,1
12176,1
12177,1
12178,0
12179,1
12180,1
12181,1
12182,0
12183,1
12184,0
12185,1
12186,1
12187,1
12188,1
12189,1
12190,0
12191,1
12192,1
12193,1
12194,0
12195,1
12196,1
12197,0
12198,1
12199,1
12200,1
12201,1
12202,1
12203,1
12204,0
12205,1
12206,0
12207,1
12208,1
12209,1
12210,1
12211,0
12212,1
12213,1
12214,1
12215,1
12216,1
12217,1
12218,1
12219,1
12220,1
12221,1
12222,1
12223,0
12224,1
12225,1
12226,0
12227,1
12228,1
12229,1
12230,1
12231,1
12232,1
12233,1
12234,1
12235,1
12236,1
12237,0
12238,0
12239,1
12240,1
12241,0
12242,0
12243,1
12244,1
12245,0
12246,1
12247,1
12248,1
12249,1
12250,1
12251,1
12252,1
12253,1
12254,0
12255,1
12256,1
12257,1
12258,0
12259,0
12260,1
12261,1
12262,1
12263,0
12264,1
12265,1
12266,1
12267,1
12268,1
12269,1
12270,1
12271,0
12272,1
12273,0
12274,0
12275,1
12276,0
12277,1
12278,1
12279,0
12280,1
12281,1
12282,1
12283,1
12284,1
12285,1
12286,1
12287,1
12288,0
12289,1
12290,0
12291,0
12292,0
12293,0
12294,1
12295,1
12296,1
12297,0
12298,1
12299,1
12300,1
12301,1
12302,1
12303,1
12304,1
12305,1
12306,1
12307,1
12308,1
12309,1
12310,1
12311,1
12312,0
12313,1
12314,1
12315,0
12316,0
12317,1
12318,1
12319,1
12320,1
12321,1
12322,0
12323,0
12324,1
12325,1
12326,1
12327,1
12328,1
12329,1
12330,1
12331,1
12332,1
12333,1
12334,1
12335,1
12336,1
12337,0
12338,1
12339,0
12340,1
12341,0
12342,1
12343,1
12344,1
12345,0
12346,1
12347,0
12348,1
12349,1
12350,1
12351,1
12352,0
12353,1
12354,0
12355,1
12356,1
12357,0
12358,1
12359,1
12360,0
12361,0
12362,0
12363,0
12364,0
12365,0
12366,0
12367,1
12368,0
12369,1
12370,0
12371,1
12372,0
12373,1
12374,1
12375,0
12376,1
12377,0
12378,1
12379,0
12380,1
12381,1
12382,1
12383,1
12384,0
12385,0
12386,1
12387,1
12388,1
12389,1
12390,1
12391,0
12392,1
12393,0
12394,0
12395,0
12396,1
12397,1
12398,1
12399,1
12400,0
12401,1
12402,1
12403,1
12404,1
12405,0
12406,0
12407,1
12408,0
12409,1
12410,0
12411,0
12412,1
12413,1
12414,1
12415,1
12416,1
12417,0
12418,1
12419,1
12420,0
12421,1
12422,0
12423,1
12424,0
12425,1
12426,0
12427,1
12428,1
12429,0
12430,1
12431,1
12432,0
12433,1
12434,0
12435,1
12436,1
12437,0
12438,1
12439,0
12440,0
12441,0
12442,0
12443,1
12444,1
12445,1
12446,0
12447,0
12448,0
12449,1
12450,1
12451,1
12452,1
12453,1
12454,0
12455,1
12456,0
12457,1
12458,1
12459,1
12460,0
12461,1
12462,0
12463,0
12464,1
12465,0
12466,1
12467,1
12468,0
12469,1
12470,1
12471,0
12472,1
12473,1
12474,1
12475,1
12476,1
12477,1
12478,1
12479,1
12480,0
12481,0
12482,1
12483,0
12484,0
12485,1
12486,1
12487,0
12488,1
12489,1
12490,0
12491,0
12492,0
12493,1
12494,0
12495,0
12496,0
12497,1
12498,1
12499,1
12500,1
12501,1
12502,1
12503,0
12504,1
12505,0
12506,1
12507,1
12508,1
12509,1
12510,1
12511,1
12512,1
12513,1
12514,1
12515,1
12516,1
12517,0
12518,1
12519,1
12520,0
12521,0
12522,0
12523,1
12524,0
12525,1
12526,1
12527,1
12528,0
12529,1
12530,1
12531,1
12532,0
12533,1
12534,1
12535,1
12536,0
12537,1
12538,1
12539,0
12540,1
12541,1
12542,1
12543,1
12544,1
12545,1
12546,0
12547,0
12548,1
12549,1
12550,1
12551,1
12552,1
12553,1
12554,0
12555,1
12556,1
12557,0
12558,0
12559,0
12560,1
12561,1
12562,1
12563,1
12564,1
12565,1
12566,1
12567,1
12568,0
12569,1
12570,1
12571,1
12572,1
12573,1
12574,1
12575,0
12576,0
12577,1
12578,1
12579,1
12580,0
12581,1
12582,1
12583,1
12584,1
12585,1
12586,0
12587,0
12588,1
12589,1
12590,1
12591,1
12592,1
12593,1
12594,1
12595,0
12596,0
12597,1
12598,0
12599,1
12600,1
12601,0
12602,1
12603,1
12604,1
12605,0
12606,1
12607,1
12608,0
12609,1
12610,0
12611,1
12612,1
12613,1
12614,1
12615,1
12616,0
12617,0
12618,1
12619,0
12620,1
12621,1
12622,1
12623,1
12624,0
12625,1
12626,0
12627,1
12628,1
12629,1
12630,1
12631,1
12632,0
12633,0
12634,0
12635,0
12636,1
12637,1
12638,1
12639,0
12640,1
12641,1
12642,1
12643,1
12644,1
12645,1
12646,1
12647,0
12648,1
12649,1
12650,1
12651,1
12652,0
12653,1
12654,0
12655,0
12656,1
12657,1
12658,1
12659,1
12660,1
12661,0
12662,1
12663,1
12664,1
12665,1
12666,1
12667,0
12668,1
12669,0
12670,1
12671,0
12672,1
12673,0
12674,1
12675,0
12676,1
12677,0
12678,0
12679,1
12680,1
12681,0
12682,1
12683,1
12684,1
12685,1
12686,1
12687,1
12688,1
12689,1
12690,1
12691,1
12692,1
12693,1
12694,1
12695,0
12696,0
12697,0
12698,1
12699,1
12700,1
12701,1
12702,1
12703,0
12704,1
12705,1
12706,1
12707,1
12708,0
12709,1
12710,1
12711,0
12712,1
12713,0
12714,1
12715,0
12716,1
12717,1
12718,1
12719,1
12720,1
12721,1
12722,1
12723,1
12724,0
12725,1
12726,1
12727,1
12728,1
12729,1
12730,1
12731,1
12732,0
12733,1
12734,1
12735,1
12736,0
12737,1
12738,1
12739,1
12740,1
12741,1
12742,1
12743,1
12744,0
12745,0
12746,1
12747,0
12748,1
12749,0
12750,0
12751,0
12752,1
12753,0
12754,1
12755,1
12756,1
12757,1
12758,0
12759,1
12760,1
12761,1
12762,0
12763,0
12764,0
12765,1
12766,0
12767,1
12768,1
12769,1
12770,1
12771,1
12772,1
12773,1
12774,1
12775,0
12776,0
12777,0
12778,1
12779,0
12780,1
12781,1
12782,0
12783,1
12784,0
12785,1
12786,1
12787,1
12788,0
12789,1
12790,0
12791,1
12792,1
12793,1
12794,1
12795,0
12796,1
12797,0
12798,0
12799,1
12800,1
12801,1
12802,0
12803,1
12804,1
12805,1
12806,1
12807,1
12808,1
12809,1
12810,0
12811,1
12812,1
12813,1
12814,0
12815,1
12816,0
12817,1
12818,1
12819,1
12820,0
12821,0
12822,1
12823,1
12824,0
12825,0
12826,0
12827,1
12828,1
12829,1
12830,1
12831,1
12832,0
12833,1
12834,1
12835,1
12836,0
12837,0
12838,1
12839,1
12840,0
12841,1
12842,1
12843,1
12844,0
12845,1
12846,0
12847,0
12848,1
12849,1
12850,0
12851,1
12852,1
12853,1
12854,1
12855,0
12856,1
12857,0
12858,1
12859,1
12860,1
12861,1
12862,0
12863,0
12864,1
12865,1
12866,1
12867,1
12868,0
12869,0
12870,1
12871,0
12872,1
12873,1
12874,1
12875,1
12876,1
12877,1
12878,1
12879,1
12880,1
12881,0
12882,0
12883,1
12884,1
12885,1
12886,1
12887,1
12888,1
12889,1
12890,1
12891,0
12892,1
12893,1
12894,0
12895,1
12896,1
12897,1
12898,0
12899,0
12900,0
12901,0
12902,1
12903,0
12904,1
12905,1
12906,1
12907,1
12908,1
12909,0
12910,1
12911,1
12912,1
12913,1
12914,1
12915,1
12916,1
12917,1
12918,1
12919,1
12920,0
12921,0
12922,1
12923,0
12924,1
12925,0
12926,1
12927,0
12928,1
12929,0
12930,0
12931,1
12932,0
12933,1
12934,0
12935,0
12936,0
12937,1
12938,1
12939,1
12940,0
12941,1
12942,1
12943,1
12944,1
12945,0
12946,0
12947,1
12948,0
12949,0
12950,0
12951,1
12952,1
12953,0
12954,1
12955,1
12956,0
12957,1
12958,0
12959,1
12960,1
12961,1
12962,0
12963,1
12964,1
12965,1
12966,0
12967,1
12968,1
12969,0
12970,1
12971,1
12972,0
12973,1
12974,1
12975,1
12976,1
12977,0
12978,0
12979,1
12980,1
12981,1
12982,1
12983,1
12984,1
12985,1
12986,0
12987,0
12988,1
12989,1
12990,1
12991,1
12992,1
12993,1
12994,1
12995,1
12996,0
12997,0
12998,1
12999,0
13000,1
13001,1
13002,1
13003,1
13004,1
13005,0
13006,1
13007,1
13008,1
13009,1
13010,0
13011,1
13012,1
13013,1
13014,1
13015,1
13016,1
13017,0
13018,1
13019,0
13020,1
13021,0
13022,1
13023,1
13024,1
13025,1
13026,1
13027,1
13028,1
13029,1
13030,0
13031,1
13032,1
13033,0
13034,1
13035,1
13036,1
13037,1
13038,1
13039,1
13040,1
13041,1
13042,1
13043,1
13044,1
13045,1
13046,0
13047,0
13048,0
13049,1
13050,1
13051,1
13052,0
13053,0
13054,1
13055,1
13056,1
13057,1
13058,0
13059,1
13060,1
13061,1
13062,1
13063,0
13064,1
13065,0
13066,1
13067,0
13068,1
13069,1
13070,0
13071,1
13072,0
13073,1
13074,1
13075,1
13076,0
13077,1
13078,1
13079,0
13080,1
13081,1
13082,1
13083,0
13084,0
13085,0
13086,1
13087,1
13088,1
13089,1
13090,0
13091,1
13092,0
13093,1
13094,0
13095,0
13096,1
13097,1
13098,1
13099,1
13100,1
13101,1
13102,0
13103,1
13104,1
13105,1
13106,0
13107,1
13108,1
13109,1
13110,1
13111,0
13112,1
13113,1
13114,1
13115,1
13116,1
13117,0
13118,0
13119,0
13120,0
13121,1
13122,1
13123,1
13124,0
13125,1
13126,0
13127,1
13128,0
13129,0
13130,1
13131,1
13132,1
13133,1
13134,1
13135,1
13136,1
13137,0
13138,1
13139,1
13140,1
13141,1
13142,1
13143,0
13144,1
13145,0
13146,0
13147,1
13148,1
13149,0
13150,1
13151,1
13152,1
13153,1
13154,0
13155,1
13156,0
13157,1
13158,1
13159,0
13160,1
13161,1
13162,0
13163,1
13164,1
13165,1
13166,1
13167,1
13168,0
13169,0
13170,0
13171,0
13172,1
13173,0
13174,0
13175,0
13176,1
13177,0
13178,1
13179,0
13180,1
13181,0
13182,0
13183,0
13184,1
13185,0
13186,1
13187,0
13188,0
13189,0
13190,0
13191,1
13192,1
13193,1
13194,1
13195,0
13196,1
13197,1
13198,1
13199,1
13200,0
13201,0
13202,1
13203,1
13204,1
13205,1
13206,1
13207,1
13208,1
13209,1
13210,1
13211,1
13212,0
13213,1
13214,0
13215,1
13216,1
13217,1
13218,1
13219,0
13220,0
13221,1
13222,1
13223,1
13224,1
13225,1
13226,1
13227,1
13228,1
13229,1
13230,1
13231,1
13232,0
13233,1
13234,1
13235,1
13236,1
13237,0
13238,1
13239,1
13240,0
13241,1
13242,1
13243,1
13244,1
13245,1
13246,1
13247,1
13248,0
13249,0
13250,1
13251,1
13252,1
13253,0
13254,0
13255,1
13256,0
13257,1
13258,1
13259,1
13260,0
13261,1
13262,1
13263,1
13264,1
13265,1
13266,0
13267,0
13268,1
13269,0
13270,0
13271,1
13272,1
13273,0
13274,1
13275,0
13276,1
13277,1
13278,1
13279,1
13280,0
13281,0
13282,1
13283,0
13284,0
13285,0
13286,0
13287,0
13288,1
13289,1
13290,1
13291,1
13292,1
13293,1
13294,1
13295,0
13296,0
13297,1
13298,1
13299,0
13300,1
13301,1
13302,1
13303,0
13304,1
13305,1
13306,0
13307,1
13308,0
13309,0
13310,1
13311,1
13312,1
13313,1
13314,1
13315,1
13316,0
13317,1
13318,1
13319,1
13320,0
13321,1
13322,1
13323,1
13324,1
13325,0
13326,1
13327,1
13328,0
13329,1
13330,0
13331,1
13332,0
13333,1
13334,1
13335,1
13336,1
13337,0
13338,0
13339,1
13340,1
13341,1
13342,1
13343,1
13344,0
13345,1
13346,1
13347,0
13348,1
13349,0
13350,0
13351,0
13352,1
13353,1
13354,0
13355,1
13356,1
13357,1
13358,1
13359,0
13360,1
13361,1
13362,1
13363,1
13364,1
13365,1
13366,0
13367,1
13368,1
13369,1
13370,1
13371,0
13372,1
13373,1
13374,0
13375,1
13376,1
13377,1
13378,0
13379,0
13380,1
13381,1
13382,1
13383,0
13384,0
13385,1
13386,1
13387,0
13388,0
13389,1
13390,1
13391,0
13392,1
13393,1
13394,0
13395,1
13396,0
13397,1
13398,0
13399,1
13400,1
13401,1
13402,1
13403,1
13404,1
13405,1
13406,1
13407,0
13408,0
13409,1
13410,1
13411,1
13412,0
13413,1
13414,1
13415,1
13416,1
13417,1
13418,0
13419,0
13420,0
13421,1
13422,0
13423,1
13424,1
13425,1
13426,1
13427,1
13428,1
13429,1
13430,1
13431,0
13432,1
13433,0
13434,1
13435,0
13436,1
13437,0
13438,1
13439,1
13440,1
13441,0
13442,1
13443,1
13444,0
13445,1
13446,1
13447,1
13448,1
13449,1
13450,1
13451,1
13452,1
13453,1
13454,1
13455,1
13456,1
13457,1
13458,1
13459,1
13460,1
13461,0
13462,1
13463,1
13464,1
13465,1
13466,0
13467,0
13468,0
13469,1
13470,0
13471,1
13472,1
13473,1
13474,1
13475,0
13476,0
13477,1
13478,1
13479,1
13480,0
13481,1
13482,1
13483,0
13484,0
13485,1
13486,1
13487,0
13488,1
13489,0
13490,0
13491,1
13492,1
13493,1
13494,1
13495,1
13496,1
13497,1
13498,1
13499,1
13500,1
13501,0
13502,0
13503,1
13504,0
13505,1
13506,1
13507,1
13508,0
13509,1
13510,0
13511,0
13512,1
13513,1
13514,0
13515,1
13516,1
13517,1
13518,1
13519,1
13520,0
13521,1
13522,1
13523,1
13524,1
13525,1
13526,0
13527,1
13528,0
13529,0
13530,1
13531,1
13532,0
13533,1
13534,1
13535,1
13536,1
13537,1
13538,1
13539,1
13540,0
13541,0
13542,0
13543,0
13544,1
13545,1
13546,0
13547,1
13548,1
13549,1
13550,1
13551,1
13552,1
13553,0
13554,0
13555,1
13556,1
13557,1
13558,1
13559,1
13560,1
13561,0
13562,1
13563,0
13564,1
13565,1
13566,1
13567,0
13568,0
13569,0
13570,1
13571,1
13572,1
13573,1
13574,0
13575,1
13576,1
13577,1
13578,1
13579,1
13580,1
13581,0
13582,1
13583,1
13584,1
13585,1
13586,1
13587,0
13588,1
13589,0
13590,0
13591,1
13592,1
13593,1
13594,1
13595,0
13596,1
13597,1
13598,1
13599,1
13600,0
13601,1
13602,0
13603,0
13604,0
13605,1
13606,1
13607,1
13608,1
13609,0
13610,1
13611,0
13612,1
13613,1
13614,1
13615,1
13616,0
13617,1
13618,0
13619,1
13620,1
13621,1
13622,0
13623,1
13624,1
13625,1
13626,1
13627,1
13628,1
13629,1
13630,1
13631,1
13632,0
13633,1
13634,1
13635,1
13636,1
13637,1
13638,0
13639,1
13640,0
13641,1
13642,1
13643,1
13644,1
13645,0
13646,0
13647,1
13648,1
13649,1
13650,1
13651,1
13652,1
13653,1
13654,0
13655,0
13656,0
13657,1
13658,1
13659,0
13660,1
13661,0
13662,1
13663,1
13664,0
13665,1
13666,1
13667,1
13668,1
13669,1
13670,0
13671,0
13672,1
13673,1
13674,1
13675,1
13676,1
13677,1
13678,1
13679,0
13680,1
13681,1
13682,1
13683,1
13684,0
13685,1
13686,1
13687,1
13688,1
13689,1
13690,0
13691,1
13692,1
13693,1
13694,1
13695,0
13696,1
13697,1
13698,1
13699,1
13700,1
13701,1
13702,1
13703,1
13704,0
13705,1
13706,1
13707,0
13708,0
13709,1
13710,0
13711,0
13712,1
13713,1
13714,1
13715,0
13716,1
13717,0
13718,1
13719,1
13720,1
13721,0
13722,1
13723,0
13724,1
13725,1
13726,1
13727,0
13728,1
13729,1
13730,1
13731,1
13732,0
13733,1
13734,1
13735,1
13736,1
13737,1
13738,1
13739,0
13740,0
13741,1
13742,1
13743,0
13744,1
13745,1
13746,0
13747,0
13748,0
13749,1
13750,0
13751,1
13752,1
13753,1
13754,1
13755,1
13756,1
13757,0
13758,1
13759,1
13760,1
13761,1
13762,1
13763,1
13764,1
13765,1
13766,1
13767,1
13768,1
13769,1
13770,0
13771,1
13772,1
13773,1
13774,0
13775,1
13776,0
13777,1
13778,0
13779,1
13780,1
13781,1
13782,1
13783,0
13784,1
13785,1
13786,1
13787,1
13788,1
13789,1
13790,1
13791,1
13792,1
13793,1
13794,1
13795,1
13796,1
13797,1
13798,1
13799,1
13800,0
13801,1
13802,0
13803,1
13804,0
13805,0
13806,1
13807,1
13808,1
13809,1
13810,1
13811,1
13812,1
13813,0
13814,1
13815,1
13816,0
13817,1
13818,0
13819,0
13820,0
13821,1
13822,1
13823,1
13824,0
13825,0
13826,1
13827,1
13828,1
13829,1
13830,1
13831,1
13832,0
13833,1
13834,0
13835,1
13836,0
13837,0
13838,1
13839,1
13840,1
13841,1
13842,1
13843,1
13844,1
13845,1
13846,1
13847,1
13848,1
13849,1
13850,1
13851,1
13852,0
13853,1
13854,1
13855,1
13856,1
13857,0
13858,1
13859,1
13860,1
13861,1
13862,1
13863,1
13864,1
13865,1
13866,1
13867,1
13868,1
13869,0
13870,1
13871,1
13872,1
13873,1
13874,0
13875,1
13876,1
13877,1
13878,1
13879,0
13880,1
13881,0
13882,1
13883,0
13884,1
13885,1
13886,0
13887,1
13888,1
13889,1
13890,0
13891,1
13892,0
13893,1
13894,1
13895,1
13896,0
13897,1
13898,1
13899,1
13900,0
13901,0
13902,1
13903,1
13904,0
13905,1
13906,1
13907,1
13908,1
13909,1
13910,1
13911,1
13912,0
13913,1
13914,0
13915,0
13916,1
13917,0
13918,1
13919,1
13920,1
13921,1
13922,1
13923,1
13924,1
13925,1
13926,1
13927,1
13928,0
13929,1
13930,1
13931,1
13932,1
13933,1
13934,0
13935,1
13936,0
13937,0
13938,1
13939,0
13940,0
13941,1
13942,0
13943,1
13944,1
13945,0
13946,0
13947,0
13948,1
13949,0
13950,1
13951,1
13952,1
13953,0
13954,1
13955,1
13956,1
13957,0
13958,1
13959,0
13960,1
13961,1
13962,1
13963,1
13964,1
13965,1
13966,0
13967,1
13968,1
13969,0
13970,0
13971,1
13972,0
13973,0
13974,1
13975,1
13976,0
13977,0
13978,1
13979,1
13980,1
13981,0
13982,0
13983,0
13984,1
13985,0
13986,0
13987,0
13988,1
13989,1
13990,1
13991,1
13992,0
13993,1
13994,1
13995,0
13996,1
13997,1
13998,1
13999,1
14000,0
14001,1
14002,0
14003,1
14004,1
14005,1
14006,1
14007,0
14008,1
14009,1
14010,0
14011,0
14012,1
14013,1
14014,1
14015,1
14016,1
14017,0
14018,1
14019,1
14020,1
14021,0
14022,1
14023,0
14024,1
14025,1
14026,0
14027,1
14028,1
14029,1
14030,0
14031,1
14032,1
14033,1
14034,1
14035,1
14036,0
14037,1
14038,0
14039,1
14040,1
14041,1
14042,0
14043,1
14044,0
14045,1
14046,1
14047,1
14048,1
14049,0
14050,1
14051,1
14052,1
14053,1
14054,1
14055,0
14056,1
14057,1
14058,0
14059,1
14060,1
14061,1
14062,0
14063,0
14064,1
14065,0
14066,1
14067,1
14068,0
14069,1
14070,0
14071,1
14072,0
14073,1
14074,1
14075,0
14076,1
14077,1
14078,1
14079,1
14080,1
14081,0
14082,1
14083,1
14084,0
14085,1
14086,1
14087,1
14088,1
14089,1
14090,0
14091,1
14092,1
14093,1
14094,1
14095,1
14096,1
14097,0
14098,1
14099,1
14100,1
14101,0
14102,1
14103,1
14104,0
14105,1
14106,0
14107,1
14108,0
14109,1
14110,1
14111,1
14112,0
14113,0
14114,1
14115,1
14116,1
14117,1
14118,1
14119,0
14120,0
14121,0
14122,1
14123,0
14124,0
14125,1
14126,1
14127,1
14128,0
14129,1
14130,0
14131,1
14132,1
14133,1
14134,1
14135,1
14136,0
14137,1
14138,0
14139,1
14140,0
14141,0
14142,1
14143,0
14144,1
14145,1
14146,1
14147,0
14148,0
14149,1
14150,1
14151,0
14152,1
14153,1
14154,1
14155,1
14156,0
14157,0
14158,0
14159,0
14160,0
14161,1
14162,0
14163,1
14164,1
14165,1
14166,0
14167,1
14168,1
14169,1
14170,1
14171,1
14172,1
14173,0
14174,1
14175,0
14176,1
14177,1
14178,0
14179,0
14180,1
14181,1
14182,1
14183,0
14184,0
14185,1
14186,1
14187,1
14188,1
14189,1
14190,1
14191,1
14192,0
14193,1
14194,0
14195,1
14196,1
14197,0
14198,1
14199,1
14200,1
14201,1
14202,1
14203,1
14204,1
14205,1
14206,1
14207,1
14208,0
14209,1
14210,1
14211,1
14212,0
14213,0
14214,1
14215,1
14216,1
14217,1
14218,1
14219,1
14220,1
14221,1
14222,1
14223,1
14224,0
14225,0
14226,1
14227,1
14228,1
14229,0
14230,1
14231,1
14232,1
14233,1
14234,0
14235,0
14236,1
14237,1
14238,1
14239,0
14240,1
14241,1
14242,0
14243,1
14244,1
14245,1
14246,1
14247,1
14248,1
14249,0
14250,1
14251,1
14252,1
14253,1
14254,1
14255,1
14256,1
14257,0
14258,0
14259,1
14260,1
14261,1
14262,0
14263,1
14264,0
14265,1
14266,1
14267,1
14268,1
14269,1
14270,1
14271,1
14272,1
14273,0
14274,1
14275,1
14276,0
14277,1
14278,1
14279,0
14280,0
14281,1
14282,1
14283,1
14284,1
14285,0
14286,1
14287,1
14288,1
14289,1
14290,1
14291,1
14292,1
14293,1
14294,0
14295,1
14296,1
14297,1
14298,0
14299,1
14300,1
14301,1
14302,1
14303,0
14304,1
14305,0
14306,1
14307,1
14308,1
14309,0
14310,1
14311,1
14312,1
14313,0
14314,1
14315,0
14316,1
14317,0
14318,1
14319,0
14320,0
14321,1
14322,1
14323,1
14324,0
14325,1
14326,0
14327,0
14328,0
14329,0
14330,1
14331,1
14332,1
14333,0
14334,0
14335,0
14336,0
14337,0
14338,1
14339,1
14340,1
14341,1
14342,1
14343,1
14344,0
14345,1
14346,1
14347,1
14348,1
14349,1
14350,0
14351,1
14352,1
14353,1
14354,1
14355,1
14356,1
14357,1
14358,1
14359,0
14360,1
14361,0
14362,0
14363,1
14364,1
14365,1
14366,1
14367,0
14368,0
14369,0
14370,1
14371,1
14372,1
14373,1
14374,1
14375,1
14376,1
14377,0
14378,0
14379,1
14380,0
14381,0
14382,0
14383,1
14384,1
14385,1
14386,1
14387,1
14388,0
14389,0
14390,1
14391,1
14392,1
14393,1
14394,0
14395,1
14396,1
14397,1
14398,1
14399,1
14400,1
14401,0
14402,0
14403,1
14404,0
14405,1
14406,1
14407,1
14408,1
14409,0
14410,1
14411,1
14412,1
14413,0
14414,1
14415,1
14416,1
14417,1
14418,1
14419,1
14420,1
14421,0
14422,0
14423,0
14424,1
14425,1
14426,0
14427,0
14428,0
14429,1
14430,1
14431,0
14432,1
14433,1
14434,1
14435,1
14436,1
14437,1
14438,0
14439,1
14440,1
14441,0
14442,1
14443,1
14444,0
14445,0
14446,1
14447,1
14448,0
14449,1
14450,1
14451,1
14452,1
14453,0
14454,1
14455,1
14456,1
14457,1
14458,1
14459,0
14460,1
14461,0
14462,1
14463,1
14464,1
14465,0
14466,1
14467,1
14468,1
14469,0
14470,0
14471,1
14472,1
14473,1
14474,1
14475,1
14476,0
14477,1
14478,0
14479,1
14480,0
14481,0
14482,0
14483,1
14484,0
14485,1
14486,1
14487,1
14488,1
14489,1
14490,1
14491,1
14492,1
14493,1
14494,1
14495,0
14496,1
14497,1
14498,1
14499,1
14500,1
14501,1
14502,0
14503,1
14504,1
14505,1
14506,1
14507,0
14508,1
14509,0
14510,1
14511,1
14512,1
14513,1
14514,1
14515,0
14516,1
14517,1
14518,0
14519,1
14520,1
14521,1
14522,0
14523,1
14524,1
14525,1
14526,0
14527,1
14528,0
14529,0
14530,1
14531,0
14532,1
14533,1
14534,1
14535,1
14536,1
14537,1
14538,0
14539,0
14540,1
14541,1
14542,0
14543,1
14544,1
14545,1
14546,1
14547,1
14548,1
14549,0
14550,1
14551,0
14552,1
14553,1
14554,0
14555,0
14556,1
14557,1
14558,1
14559,0
14560,1
14561,1
14562,1
14563,1
14564,0
14565,1
14566,1
14567,0
14568,1
14569,1
14570,1
14571,1
14572,1
14573,0
14574,1
14575,0
14576,1
14577,1
14578,1
14579,1
14580,1
14581,1
14582,1
14583,1
14584,0
14585,1
14586,0
14587,1
14588,0
14589,1
14590,1
14591,1
14592,0
14593,1
14594,1
14595,1
14596,1
14597,1
14598,1
14599,1
14600,1
14601,1
14602,1
14603,1
14604,1
14605,0
14606,1
14607,1
14608,0
14609,0
14610,1
14611,1
14612,1
14613,1
14614,1
14615,1
14616,1
14617,1
14618,0
14619,1
14620,1
14621,0
14622,1
14623,0
14624,1
14625,1
14626,1
14627,1
14628,1
14629,1
14630,0
14631,1
14632,0
14633,1
14634,0
14635,1
14636,1
14637,1
14638,1
14639,1
14640,1
14641,0
14642,1
14643,1
14644,0
14645,0
14646,1
14647,1
14648,0
14649,1
14650,1
14651,1
14652,1
14653,0
14654,0
14655,1
14656,1
14657,1
14658,0
14659,1
14660,1
14661,1
14662,0
14663,0
14664,0
14665,1
14666,0
14667,1
14668,0
14669,1
14670,1
14671,1
14672,1
14673,0
14674,1
14675,1
14676,1
14677,0
14678,0
14679,1
14680,0
14681,1
14682,1
14683,1
14684,1
14685,0
14686,1
14687,1
14688,1
14689,0
14690,1
14691,0
14692,1
14693,0
14694,1
14695,0
14696,1
14697,1
14698,1
14699,0
14700,1
14701,0
14702,1
14703,1
14704,1
14705,0
14706,1
14707,1
14708,0
14709,1
14710,1
14711,0
14712,1
14713,1
14714,1
14715,1
14716,0
14717,1
14718,1
14719,0
14720,0
14721,1
14722,1
14723,1
14724,1
14725,1
14726,1
14727,0
14728,0
14729,0
14730,1
14731,0
14732,1
14733,0
14734,1
14735,0
14736,0
14737,1
14738,1
14739,1
14740,0
14741,1
14742,1
14743,1
14744,1
14745,1
14746,0
14747,0
14748,0
14749,0
14750,1
14751,1
14752,1
14753,1
14754,0
14755,0
14756,1
14757,0
14758,1
14759,1
14760,1
14761,0
14762,1
14763,0
14764,1
14765,1
14766,1
14767,1
14768,1
14769,1
14770,1
14771,1
14772,1
14773,1
14774,1
14775,1
14776,1
14777,0
14778,1
14779,0
14780,1
14781,1
14782,0
14783,1
14784,1
14785,1
14786,1
14787,0
14788,0
14789,0
14790,1
14791,1
14792,0
14793,0
14794,1
14795,0
14796,1
14797,1
14798,0
14799,0
14800,0
14801,1
14802,1
14803,1
14804,0
14805,1
14806,0
14807,0
14808,1
14809,1
14810,1
14811,1
14812,1
14813,1
14814,1
14815,1
14816,0
14817,1
14818,0
14819,1
14820,0
14821,1
14822,1
14823,1
14824,1
14825,1
14826,1
14827,1
14828,1
14829,0
14830,1
14831,1
14832,1
14833,1
14834,1
14835,1
14836,1
14837,1
14838,1
14839,1
14840,1
14841,0
14842,1
14843,1
14844,0
14845,1
14846,1
14847,0
14848,1
14849,1
14850,0
14851,1
14852,1
14853,1
14854,1
14855,0
14856,0
14857,1
14858,1
14859,1
14860,1
14861,1
14862,1
14863,0
14864,0
14865,1
14866,1
14867,1
14868,1
14869,0
14870,1
14871,1
14872,0
14873,1
14874,0
14875,1
14876,0
14877,1
14878,1
14879,1
14880,1
14881,0
14882,1
14883,1
14884,1
14885,1
14886,1
14887,1
14888,1
14889,1
14890,1
14891,1
14892,0
14893,1
14894,0
14895,1
14896,1
14897,0
14898,1
14899,0
14900,1
14901,1
14902,0
14903,1
14904,1
14905,1
14906,1
14907,1
14908,1
14909,1
14910,1
14911,1
14912,0
14913,0
14914,1
14915,0
14916,1
14917,1
14918,1
14919,1
14920,0
14921,1
14922,0
14923,0
14924,1
14925,1
14926,0
14927,1
14928,1
14929,1
14930,1
14931,0
14932,0
14933,1
14934,0
14935,0
14936,0
14937,1
14938,0
14939,1
14940,0
14941,1
14942,1
14943,1
14944,1
14945,1
14946,1
14947,1
14948,1
14949,1
14950,1
14951,1
14952,0
14953,0
14954,1
14955,1
14956,1
14957,1
14958,0
14959,1
14960,1
14961,1
14962,1
14963,1
14964,0
14965,1
14966,1
14967,0
14968,1
14969,0
14970,1
14971,1
14972,1
14973,1
14974,1
14975,0
14976,1
14977,1
14978,1
14979,1
14980,1
14981,1
14982,0
14983,0
14984,1
14985,1
14986,1
14987,1
14988,1
14989,1
14990,1
14991,0
14992,1
14993,1
14994,0
14995,1
14996,1
14997,1
14998,1
14999,1
15000,1
15001,1
15002,1
15003,0
15004,1
15005,0
15006,1
15007,1
15008,0
15009,1
15010,0
15011,1
15012,0
15013,0
15014,1
15015,0
15016,0
15017,0
15018,0
15019,1
15020,1
15021,1
15022,0
15023,1
15024,1
15025,0
15026,1
15027,0
15028,1
15029,1
15030,1
15031,1
15032,1
15033,1
15034,0
15035,0
15036,1
15037,1
15038,1
15039,0
15040,1
15041,1
15042,0
15043,1
15044,1
15045,0
15046,1
15047,1
15048,1
15049,1
15050,1
15051,1
15052,1
15053,0
15054,1
15055,1
15056,0
15057,1
15058,1
15059,1
15060,1
15061,0
15062,1
15063,1
15064,1
15065,0
15066,1
15067,0
15068,1
15069,1
15070,1
15071,1
15072,1
15073,1
15074,0
15075,0
15076,1
15077,1
15078,0
15079,1
15080,0
15081,1
15082,1
15083,1
15084,1
15085,1
15086,1
15087,1
15088,0
15089,0
15090,1
15091,0
15092,1
15093,1
15094,0
15095,0
15096,1
15097,1
15098,1
15099,0
15100,1
15101,0
15102,0
15103,1
15104,1
15105,1
15106,1
15107,0
15108,1
15109,1
15110,1
15111,1
15112,1
15113,0
15114,1
15115,0
15116,0
15117,1
15118,1
15119,1
15120,1
15121,1
15122,0
15123,1
15124,0
15125,0
15126,1
15127,1
15128,0
15129,0
15130,1
15131,0
15132,1
15133,1
15134,1
15135,0
15136,1
15137,0
15138,1
15139,1
15140,1
15141,0
15142,0
15143,1
15144,1
15145,1
15146,0
15147,1
15148,0
15149,1
15150,1
15151,1
15152,1
15153,1
15154,1
15155,1
15156,1
15157,0
15158,0
15159,1
15160,1
15161,1
15162,1
15163,1
15164,0
15165,1
15166,1
15167,1
15168,1
15169,1
15170,1
15171,1
15172,0
15173,0
15174,1
15175,1
15176,1
15177,1
15178,1
15179,0
15180,1
15181,0
15182,1
15183,1
15184,0
15185,1
15186,1
15187,1
15188,0
15189,0
15190,1
15191,1
15192,0
15193,1
15194,0
15195,0
15196,0
15197,0
15198,1
15199,1
15200,1
15201,0
15202,1
15203,0
15204,1
15205,1
15206,1
15207,1
15208,0
15209,1
15210,1
15211,1
15212,1
15213,1
15214,1
15215,0
15216,0
15217,0
15218,0
15219,1
15220,1
15221,1
15222,1
15223,1
15224,1
15225,1
15226,1
15227,1
15228,1
15229,1
15230,1
15231,1
15232,1
15233,1
15234,1
15235,1
15236,1
15237,0
15238,0
15239,1
15240,1
15241,1
15242,0
15243,1
15244,1
15245,0
15246,1
15247,1
15248,1
15249,1
15250,1
15251,1
15252,1
15253,1
15254,0
15255,0
15256,1
15257,0
15258,1
15259,1
15260,0
15261,1
15262,0
15263,1
15264,1
15265,1
15266,0
15267,1
15268,1
15269,0
15270,1
15271,0
15272,1
15273,1
15274,0
15275,0
15276,0
15277,0
15278,1
15279,1
15280,0
15281,0
15282,1
15283,1
15284,1
15285,1
15286,1
15287,0
15288,0
15289,1
15290,0
15291,0
15292,1
15293,1
15294,1
15295,0
15296,1
15297,0
15298,1
15299,1
15300,1
15301,0
15302,0
15303,0
15304,1
15305,0
15306,0
15307,1
15308,1
15309,1
15310,0
15311,1
15312,1
15313,0
15314,1
15315,1
15316,1
15317,1
15318,1
15319,1
15320,1
15321,1
15322,1
15323,1
15324,0
15325,1
15326,0
15327,1
15328,0
15329,0
15330,1
15331,1
15332,1
15333,1
15334,1
15335,1
15336,0
15337,1
15338,1
15339,1
15340,1
15341,0
15342,1
15343,0
15344,0
15345,0
15346,1
15347,0
15348,0
15349,0
15350,1
15351,1
15352,0
15353,1
15354,1
15355,1
15356,0
15357,1
15358,0
15359,1
15360,1
15361,1
15362,0
15363,1
15364,0
15365,1
15366,1
15367,1
15368,1
15369,1
15370,1
15371,1
15372,1
15373,1
15374,1
15375,0
15376,1
15377,0
15378,1
15379,0
15380,1
15381,0
15382,1
15383,0
15384,1
15385,1
15386,1
15387,1
15388,0
15389,0
15390,0
15391,0
15392,1
15393,1
15394,1
15395,1
15396,0
15397,1
15398,1
15399,0
15400,1
15401,0
15402,1
15403,1
15404,1
15405,1
15406,0
15407,1
15408,1
15409,1
15410,1
15411,1
15412,1
15413,1
15414,1
15415,1
15416,1
15417,1
15418,1
15419,0
15420,1
15421,1
15422,1
15423,1
15424,1
15425,1
15426,1
15427,0
15428,0
15429,1
15430,1
15431,1
15432,1
15433,1
15434,1
15435,1
15436,0
15437,1
15438,1
15439,1
15440,1
15441,1
15442,0
15443,0
15444,0
15445,0
15446,1
15447,1
15448,0
15449,1
15450,0
15451,1
15452,1
15453,0
15454,0
15455,0
15456,0
15457,1
15458,0
15459,1
15460,1
15461,1
15462,1
15463,1
15464,1
15465,1
15466,0
15467,0
15468,1
15469,1
15470,1
15471,0
15472,1
15473,1
15474,1
15475,1
15476,0
15477,1
15478,0
15479,1
15480,0
15481,0
15482,1
15483,0
15484,1
15485,0
15486,1
15487,1
15488,1
15489,1
15490,0
15491,0
15492,0
15493,0
15494,0
15495,1
15496,1
15497,0
15498,1
15499,0
15500,1
15501,1
15502,0
15503,1
15504,1
15505,0
15506,1
15507,1
15508,0
15509,1
15510,1
15511,1
15512,0
15513,0
15514,1
15515,1
15516,1
15517,1
15518,1
15519,1
15520,0
15521,0
15522,1
15523,0
15524,1
15525,1
15526,1
15527,1
15528,0
15529,1
15530,1
15531,1
15532,1
15533,0
15534,0
15535,1
15536,1
15537,1
15538,0
15539,1
15540,0
15541,1
15542,1
15543,1
15544,0
15545,1
15546,1
15547,0
15548,0
15549,1
15550,1
15551,1
15552,0
15553,0
15554,1
15555,1
15556,1
15557,0
15558,0
15559,1
15560,1
15561,1
15562,1
15563,1
15564,1
15565,0
15566,1
15567,1
15568,1
15569,1
15570,1
15571,1
15572,0
15573,0
15574,0
15575,0
15576,0
15577,1
15578,1
15579,1
15580,1
15581,1
15582,1
15583,1
15584,0
15585,1
15586,0
15587,1
15588,1
15589,1
15590,1
15591,0
15592,1
15593,1
15594,1
15595,0
15596,0
15597,1
15598,1
15599,1
15600,0
15601,0
15602,1
15603,1
15604,1
15605,1
15606,1
15607,1
15608,0
15609,0
15610,1
15611,1
15612,1
15613,1
15614,1
15615,1
15616,1
15617,1
15618,0
15619,1
15620,1
15621,0
15622,1
15623,0
15624,1
15625,0
15626,0
15627,1
15628,1
15629,1
15630,0
15631,1
15632,0
15633,1
15634,0
15635,0
15636,1
15637,1
15638,1
15639,1
15640,0
15641,1
15642,1
15643,1
15644,1
15645,1
15646,1
15647,1
15648,1
15649,1
15650,1
15651,1
15652,1
15653,1
15654,0
15655,1
15656,0
15657,1
15658,1
15659,1
15660,1
15661,0
15662,1
15663,1
15664,1
15665,1
15666,1
15667,1
15668,1
15669,1
15670,1
15671,1
15672,0
15673,1
15674,1
15675,1
15676,0
15677,1
15678,1
15679,1
15680,0
15681,1
15682,0
15683,1
15684,0
15685,0
15686,1
15687,1
15688,1
15689,0
15690,1
15691,1
15692,0
15693,1
15694,0
15695,1
15696,1
15697,0
15698,1
15699,0
15700,1
15701,1
15702,1
15703,1
15704,1
15705,1
15706,1
15707,0
15708,1
15709,1
15710,1
15711,1
15712,0
15713,1
15714,0
15715,1
15716,1
15717,1
15718,1
15719,1
15720,1
15721,0
15722,1
15723,0
15724,0
15725,1
15726,1
15727,0
15728,1
15729,0
15730,1
15731,0
15732,0
15733,1
15734,1
15735,1
15736,1
15737,1
15738,0
15739,0
15740,1
15741,1
15742,0
15743,0
15744,0
15745,1
15746,1
15747,1
15748,0
15749,1
15750,1
15751,0
15752,0
15753,1
15754,0
15755,0
15756,1
15757,1
15758,0
15759,1
15760,0
15761,1
15762,1
15763,1
15764,1
15765,0
15766,1
15767,1
15768,0
15769,1
15770,1
15771,1
15772,1
15773,1
15774,1
15775,1
15776,0
15777,1
15778,1
15779,1
15780,0
15781,0
15782,0
15783,0
15784,1
15785,1
15786,0
15787,0
15788,1
15789,0
15790,1
15791,1
15792,0
15793,0
15794,1
15795,0
15796,1
15797,1
15798,0
15799,1
15800,0
15801,1
15802,1
15803,1
15804,0
15805,0
15806,1
15807,1
15808,0
15809,0
15810,0
15811,1
15812,1
15813,1
15814,1
15815,0
15816,0
15817,1
15818,0
15819,0
15820,0
15821,0
15822,1
15823,1
15824,1
15825,0
15826,1
15827,1
15828,0
15829,1
15830,1
15831,1
15832,1
15833,1
15834,0
15835,0
15836,0
15837,0
15838,1
15839,0
15840,1
15841,0
15842,1
15843,0
15844,1
15845,1
15846,0
15847,0
15848,0
15849,1
15850,1
15851,1
15852,1
15853,1
15854,1
15855,1
15856,1
15857,1
15858,0
15859,1
15860,1
15861,1
15862,1
15863,1
15864,1
15865,1
15866,1
15867,1
15868,1
15869,1
15870,1
15871,0
15872,0
15873,0
15874,1
15875,1
15876,0
15877,1
15878,1
15879,1
15880,1
15881,1
15882,0
15883,0
15884,0
15885,1
15886,1
15887,1
15888,0
15889,1
15890,1
15891,1
15892,1
15893,1
15894,1
15895,1
15896,0
15897,1
15898,1
15899,1
15900,0
15901,0
15902,0
15903,1
15904,1
15905,1
15906,1
15907,1
15908,1
15909,0
15910,1
15911,1
15912,0
15913,1
15914,0
15915,0
15916,1
15917,0
15918,1
15919,1
15920,1
15921,0
15922,1
15923,1
15924,0
15925,1
15926,0
15927,1
15928,1
15929,0
15930,1
15931,1
15932,1
15933,0
15934,0
15935,1
15936,1
15937,0
15938,0
15939,1
15940,1
15941,1
15942,1
15943,1
15944,1
15945,1
15946,1
15947,0
15948,0
15949,1
15950,1
15951,1
15952,1
15953,1
15954,1
15955,0
15956,1
15957,0
15958,1
15959,1
15960,0
15961,0
15962,0
15963,0
15964,1
15965,1
15966,0
15967,1
15968,1
15969,1
15970,0
15971,1
15972,0
15973,1
15974,1
15975,1
15976,1
15977,1
15978,1
15979,0
15980,1
15981,0
15982,1
15983,1
15984,0
15985,1
15986,1
15987,1
15988,0
15989,1
15990,1
15991,1
15992,1
15993,1
15994,1
15995,1
15996,0
15997,1
15998,1
15999,1
16000,1
16001,1
16002,0
16003,0
16004,1
16005,1
16006,1
16007,0
16008,1
16009,1
16010,0
16011,1
16012,1
16013,1
16014,1
16015,1
16016,1
16017,1
16018,1
16019,1
16020,1
16021,1
16022,1
16023,1
16024,1
16025,1
16026,1
16027,1
16028,1
16029,1
16030,1
16031,1
16032,1
16033,1
16034,0
16035,1
16036,1
16037,0
16038,0
16039,1
16040,1
16041,1
16042,0
16043,1
16044,0
16045,1
16046,1
16047,1
16048,0
16049,0
16050,1
16051,1
16052,1
16053,1
16054,1
16055,1
16056,0
16057,1
16058,0
16059,1
16060,1
16061,1
16062,1
16063,1
16064,0
16065,0
16066,1
16067,0
16068,1
16069,1
16070,1
16071,0
16072,1
16073,1
16074,1
16075,1
16076,1
16077,0
16078,1
16079,0
16080,1
16081,1
16082,1
16083,1
16084,1
16085,1
16086,1
16087,1
16088,0
16089,1
16090,0
16091,0
16092,0
16093,0
16094,0
16095,1
16096,1
16097,1
16098,1
16099,1
16100,1
16101,1
16102,0
16103,1
16104,1
16105,1
16106,1
16107,0
16108,0
16109,1
16110,1
16111,0
16112,0
16113,0
16114,1
16115,1
16116,1
16117,0
16118,1
16119,0
16120,0
16121,0
16122,1
16123,0
16124,0
16125,1
16126,0
16127,0
16128,0
16129,1
16130,0
16131,1
16132,1
16133,1
16134,1
16135,0
16136,1
16137,1
16138,1
16139,1
16140,1
16141,1
16142,0
16143,1
16144,0
16145,1
16146,0
16147,1
16148,1
16149,1
16150,0
16151,0
16152,1
16153,1
16154,0
16155,0
16156,1
16157,1
16158,0
16159,1
16160,1
16161,0
16162,0
16163,0
16164,0
16165,1
16166,1
16167,0
16168,1
16169,0
16170,1
16171,1
16172,0
16173,1
16174,1
16175,1
16176,1
16177,1
16178,1
16179,0
16180,1
16181,1
16182,0
16183,0
16184,0
16185,1
16186,1
16187,1
16188,1
16189,1
16190,1
16191,1
16192,1
16193,1
16194,1
16195,0
16196,1
16197,1
16198,0
16199,0
16200,0
16201,1
16202,1
16203,0
16204,1
16205,1
16206,1
16207,0
16208,0
16209,0
16210,1
16211,1
16212,0
16213,0
16214,1
16215,1
16216,1
16217,1
16218,0
16219,0
16220,1
16221,1
16222,1
16223,1
16224,1
16225,0
16226,0
16227,1
16228,1
16229,1
16230,1
16231,1
16232,0
16233,0
16234,0
16235,1
16236,1
16237,1
16238,1
16239,0
16240,1
16241,1
16242,0
16243,1
16244,1
16245,0
16246,0
16247,0
16248,0
16249,1
16250,0
16251,1
16252,1
16253,1
16254,1
16255,1
16256,1
16257,1
16258,1
16259,1
16260,1
16261,1
16262,1
16263,1
16264,1
16265,0
16266,1
16267,1
16268,1
16269,0
16270,1
16271,0
16272,1
16273,0
16274,1
16275,1
16276,0
16277,1
16278,1
16279,1
16280,1
16281,1
16282,0
16283,0
16284,1
16285,1
16286,1
16287,1
16288,0
16289,1
16290,1
16291,1
16292,1
16293,0
16294,1
16295,1
16296,1
16297,0
16298,1
16299,0
16300,1
16301,1
16302,1
16303,1
16304,1
16305,0
16306,1
16307,0
16308,1
16309,1
16310,1
16311,0
16312,1
16313,0
16314,1
16315,1
16316,1
16317,0
16318,1
16319,1
16320,1
16321,1
16322,1
16323,1
16324,1
16325,0
16326,1
16327,0
16328,1
16329,1
16330,1
16331,1
16332,1
16333,1
16334,1
16335,1
16336,1
16337,1
16338,0
16339,1
16340,0
16341,1
16342,1
16343,1
16344,0
16345,1
16346,1
16347,1
16348,1
16349,1
16350,0
16351,0
16352,1
16353,1
16354,1
16355,0
16356,1
16357,0
16358,1
16359,0
16360,1
16361,0
16362,1
16363,1
16364,1
16365,1
16366,1
16367,0
16368,1
16369,1
16370,0
16371,1
16372,0
16373,1
16374,1
16375,1
16376,1
16377,1
16378,1
16379,1
16380,1
16381,1
16382,1
16383,1
16384,0
16385,0
16386,1
16387,1
16388,1
16389,0
16390,0
16391,0
16392,0
16393,1
16394,0
16395,1
16396,1
16397,1
16398,0
16399,1
16400,0
16401,1
16402,1
16403,1
16404,1
16405,1
16406,0
16407,1
16408,1
16409,0
16410,1
16411,1
16412,1
16413,0
16414,1
16415,1
16416,1
16417,1
16418,0
16419,1
16420,1
16421,1
16422,1
16423,1
16424,0
16425,1
16426,1
16427,0
16428,1
16429,1
16430,1
16431,1
16432,1
16433,1
16434,1
16435,1
16436,1
16437,0
16438,0
16439,0
16440,1
16441,0
16442,1
16443,0
16444,1
16445,1
16446,1
16447,1
16448,1
16449,1
16450,1
16451,1
16452,1
16453,1
16454,0
16455,1
16456,1
16457,1
16458,0
16459,1
16460,0
16461,1
16462,1
16463,1
16464,0
16465,0
16466,1
16467,1
16468,1
16469,1
16470,1
16471,0
16472,1
16473,1
16474,0
16475,1
16476,0
16477,1
16478,1
16479,1
16480,1
16481,0
16482,0
16483,1
16484,1
16485,1
16486,1
16487,1
16488,1
16489,1
16490,1
16491,1
16492,0
16493,0
16494,0
16495,0
16496,1
16497,1
16498,1
16499,1
16500,1
16501,1
16502,1
16503,1
16504,0
16505,1
16506,1
16507,1
16508,1
16509,1
16510,0
16511,1
16512,1
16513,1
16514,0
16515,1
16516,1
16517,1
16518,1
16519,1
16520,1
16521,0
16522,1
16523,1
16524,1
16525,0
16526,1
16527,1
16528,1
16529,1
16530,1
16531,1
16532,0
16533,0
16534,1
16535,0
16536,1
16537,1
16538,0
16539,1
16540,1
16541,1
16542,1
16543,1
16544,1
16545,0
16546,0
16547,0
16548,1
16549,1
16550,0
16551,1
16552,1
16553,1
16554,0
16555,1
16556,1
16557,0
16558,0
16559,1
16560,1
16561,0
16562,1
16563,0
16564,1
16565,1
16566,1
16567,1
16568,1
16569,0
16570,1
16571,0
16572,0
16573,0
16574,0
16575,0
16576,1
16577,0
16578,1
16579,0
16580,1
16581,1
16582,1
16583,1
16584,1
16585,1
16586,1
16587,1
16588,1
16589,0
16590,1
16591,1
16592,1
16593,1
16594,0
16595,0
16596,1
16597,1
16598,0
16599,1
16600,0
16601,1
16602,0
16603,0
16604,1
16605,1
16606,1
16607,1
16608,1
16609,1
16610,1
16611,1
16612,1
16613,1
16614,1
16615,1
16616,1
16617,0
16618,0
16619,1
16620,1
16621,1
16622,0
16623,1
16624,0
16625,1
16626,1
16627,1
16628,1
16629,1
16630,0
16631,0
16632,1
16633,1
16634,1
16635,0
16636,1
16637,1
16638,1
16639,1
16640,1
16641,1
16642,0
16643,1
16644,1
16645,1
16646,1
16647,1
16648,1
16649,0
16650,1
16651,0
16652,0
16653,1
16654,1
16655,0
16656,1
16657,1
16658,1
16659,1
16660,1
16661,1
16662,0
16663,0
16664,1
16665,0
16666,1
16667,1
16668,1
16669,1
16670,1
16671,1
16672,1
16673,0
16674,1
16675,1
16676,1
16677,1
16678,0
16679,1
16680,1
16681,1
16682,1
16683,1
16684,0
16685,1
16686,0
16687,1
16688,1
16689,1
16690,0
16691,1
16692,1
16693,1
16694,1
16695,1
16696,1
16697,1
16698,1
16699,1
16700,1
16701,0
16702,0
16703,0
16704,1
16705,1
16706,1
16707,1
16708,1
16709,1
16710,0
16711,1
16712,1
16713,0
16714,0
16715,1
16716,0
16717,1
16718,1
16719,1
16720,1
16721,1
16722,1
16723,1
16724,1
16725,1
16726,1
16727,1
16728,1
16729,1
16730,0
16731,1
16732,0
16733,0
16734,1
16735,0
16736,0
16737,0
16738,1
16739,0
16740,0
16741,0
16742,0
16743,1
16744,1
16745,0
16746,1
16747,1
16748,1
16749,1
16750,1
16751,0
16752,1
16753,0
16754,1
16755,1
16756,1
16757,0
16758,0
16759,1
16760,1
16761,1
16762,0
16763,1
16764,1
16765,1
16766,1
16767,0
16768,0
16769,1
16770,1
16771,1
16772,0
16773,1
16774,1
16775,1
16776,1
16777,0
16778,1
16779,1
16780,1
16781,1
16782,1
16783,1
16784,1
16785,1
16786,0
16787,1
16788,1
16789,0
16790,1
16791,0
16792,1
16793,1
16794,1
16795,1
16796,1
16797,1
16798,1
16799,1
16800,1
16801,1
16802,1
16803,1
16804,0
16805,1
16806,1
16807,1
16808,0
16809,1
16810,1
16811,0
16812,0
16813,0
16814,0
16815,1
16816,1
16817,1
16818,0
16819,1
16820,1
16821,1
16822,1
16823,1
16824,1
16825,0
16826,1
16827,1
16828,1
16829,1
16830,1
16831,1
16832,1
16833,1
16834,0
16835,0
16836,1
16837,0
16838,1
16839,1
16840,0
16841,1
16842,1
16843,0
16844,0
16845,0
16846,1
16847,1
16848,1
16849,0
16850,0
16851,0
16852,0
16853,1
16854,1
16855,1
16856,1
16857,1
16858,1
16859,0
16860,1
16861,1
16862,0
16863,1
16864,0
16865,0
16866,1
16867,1
16868,0
16869,1
16870,1
16871,1
16872,1
16873,1
16874,0
16875,0
16876,1
16877,1
16878,0
16879,1
16880,1
16881,0
16882,1
16883,1
16884,1
16885,1
16886,1
16887,0
16888,1
16889,1
16890,0
16891,1
16892,1
16893,1
16894,1
16895,1
16896,1
16897,1
16898,1
16899,0
16900,0
16901,0
16902,1
16903,1
16904,1
16905,1
16906,1
16907,1
16908,0
16909,0
16910,1
16911,1
16912,1
16913,0
16914,0
16915,1
16916,1
16917,1
16918,1
16919,1
16920,1
16921,1
16922,1
16923,1
16924,1
16925,1
16926,0
16927,0
16928,1
16929,1
16930,1
16931,0
16932,1
16933,1
16934,1
16935,1
16936,1
16937,1
16938,1
16939,1
16940,1
16941,1
16942,1
16943,1
16944,0
16945,1
16946,1
16947,0
16948,1
16949,1
16950,1
16951,1
16952,1
16953,0
16954,1
16955,1
16956,1
16957,1
16958,0
16959,1
16960,1
16961,1
16962,0
16963,0
16964,1
16965,1
16966,1
16967,1
16968,1
16969,0
16970,0
16971,1
16972,1
16973,1
16974,0
16975,1
16976,0
16977,1
16978,1
16979,1
16980,0
16981,0
16982,1
16983,1
16984,1
16985,1
16986,1
16987,1
16988,0
16989,1
16990,0
16991,1
16992,0
16993,0
16994,1
16995,1
16996,1
16997,1
16998,0
16999,1
17000,1
17001,1
17002,1
17003,0
17004,0
17005,0
17006,1
17007,0
17008,0
17009,1
17010,0
17011,1
17012,0
17013,1
17014,1
17015,1
17016,1
17017,1
17018,0
17019,1
17020,1
17021,0
17022,1
17023,0
17024,1
17025,0
17026,0
17027,1
17028,0
17029,1
17030,0
17031,1
17032,1
17033,0
17034,0
17035,1
17036,0
17037,1
17038,1
17039,1
17040,1
17041,1
17042,1
17043,1
17044,0
17045,0
17046,1
17047,0
17048,0
17049,1
17050,1
17051,1
17052,1
17053,1
17054,1
17055,1
17056,1
17057,1
17058,1
17059,0
17060,0
17061,0
17062,1
17063,1
17064,0
17065,0
17066,0
17067,1
17068,0
17069,0
17070,1
17071,1
17072,0
17073,0
17074,0
17075,1
17076,0
17077,0
17078,1
17079,1
17080,0
17081,1
17082,1
17083,1
17084,0
17085,0
17086,0
17087,0
17088,1
17089,1
17090,0
17091,1
17092,0
17093,1
17094,1
17095,1
17096,0
17097,1
17098,1
17099,1
17100,1
17101,1
17102,1
17103,0
17104,1
17105,1
17106,0
17107,1
17108,0
17109,1
17110,1
17111,1
17112,1
17113,1
17114,1
17115,1
17116,1
17117,1
17118,1
17119,1
17120,1
17121,1
17122,1
17123,0
17124,1
17125,0
17126,1
17127,1
17128,0
17129,1
17130,1
17131,1
17132,0
17133,1
17134,1
17135,0
17136,1
17137,0
17138,1
17139,0
17140,0
17141,0
17142,1
17143,1
17144,1
17145,1
17146,1
17147,0
17148,0
17149,1
17150,1
17151,1
17152,1
17153,0
17154,1
17155,1
17156,1
17157,1
17158,1
17159,1
17160,1
17161,1
17162,1
17163,1
17164,0
17165,0
17166,0
17167,1
17168,0
17169,1
17170,1
17171,1
17172,0
17173,0
17174,1
17175,1
17176,1
17177,0
17178,0
17179,1
17180,1
17181,0
17182,0
17183,0
17184,0
17185,1
17186,0
17187,1
17188,1
17189,1
17190,1
17191,1
17192,1
17193,1
17194,1
17195,1
17196,1
17197,0
17198,1
17199,0
17200,1
17201,0
17202,1
17203,1
17204,1
17205,0
17206,0
17207,1
17208,1
17209,1
17210,1
17211,0
17212,0
17213,1
17214,1
17215,1
17216,1
17217,0
17218,1
17219,1
17220,1
17221,0
17222,1
17223,1
17224,1
17225,0
17226,1
17227,1
17228,1
17229,1
17230,1
17231,0
17232,1
17233,1
17234,1
17235,0
17236,1
17237,0
17238,1
17239,1
17240,1
17241,0
17242,1
17243,1
17244,0
17245,1
17246,1
17247,0
17248,1
17249,1
17250,1
17251,1
17252,1
17253,1
17254,0
17255,1
17256,1
17257,1
17258,1
17259,0
17260,1
17261,1
17262,1
17263,1
17264,1
17265,1
17266,1
17267,1
17268,1
17269,1
17270,0
17271,0
17272,0
17273,1
17274,1
17275,1
17276,0
17277,0
17278,1
17279,1
17280,0
17281,1
17282,0
17283,1
17284,1
17285,1
17286,0
17287,1
17288,1
17289,1
17290,1
17291,1
17292,1
17293,0
17294,1
17295,1
17296,1
17297,0
17298,0
17299,1
17300,1
17301,1
17302,1
17303,0
17304,1
17305,1
17306,1
17307,1
17308,1
17309,1
17310,0
17311,1
17312,1
17313,0
17314,1
17315,1
17316,0
17317,1
17318,0
17319,1
17320,1
17321,1
17322,1
17323,1
17324,1
17325,0
17326,0
17327,1
17328,1
17329,1
17330,1
17331,1
17332,0
17333,1
17334,1
17335,0
17336,1
17337,0
17338,1
17339,0
17340,1
17341,1
17342,0
17343,1
17344,0
17345,0
17346,0
17347,1
17348,1
17349,1
17350,1
17351,0
17352,1
17353,0
17354,0
17355,1
17356,1
17357,1
17358,1
17359,1
17360,0
17361,0
17362,1
17363,0
17364,1
17365,0
17366,1
17367,1
17368,1
17369,1
17370,1
17371,1
17372,1
17373,1
17374,1
17375,1
17376,0
17377,0
17378,1
17379,1
17380,1
17381,0
17382,0
17383,1
17384,0
17385,1
17386,0
17387,0
17388,0
17389,1
17390,0
17391,0
17392,1
17393,1
17394,1
17395,1
17396,1
17397,1
17398,1
17399,1
17400,1
17401,1
17402,1
17403,1
17404,1
17405,1
17406,0
17407,0
17408,1
17409,0
17410,1
17411,1
17412,1
17413,1
17414,1
17415,1
17416,1
17417,1
17418,0
17419,1
17420,0
17421,1
17422,1
17423,0
17424,1
17425,0
17426,1
17427,0
17428,1
17429,1
17430,1
17431,1
17432,0
17433,0
17434,0
17435,1
17436,0
17437,1
17438,1
17439,0
17440,1
17441,0
17442,1
17443,0
17444,0
17445,1
17446,1
17447,1
17448,0
17449,1
17450,1
17451,1
17452,1
17453,1
17454,1
17455,1
17456,1
17457,1
17458,0
17459,1
17460,0
17461,1
17462,1
17463,1
17464,0
17465,1
17466,1
17467,1
17468,1
17469,1
17470,0
17471,1
17472,1
17473,1
17474,0
17475,1
17476,1
17477,0
17478,0
17479,0
17480,1
17481,1
17482,0
17483,1
17484,1
17485,1
17486,0
17487,1
17488,1
17489,0
17490,1
17491,1
17492,0
17493,0
17494,0
17495,0
17496,0
17497,1
17498,0
17499,1
17500,0
17501,1
17502,0
17503,1
17504,1
17505,1
17506,0
17507,1
17508,1
17509,0
17510,1
17511,0
17512,1
17513,1
17514,1
17515,1
17516,0
17517,1
17518,0
17519,1
17520,1
17521,1
17522,1
17523,0
17524,1
17525,1
17526,0
17527,1
17528,1
17529,1
17530,0
17531,1
17532,0
17533,1
17534,1
17535,0
17536,0
17537,0
17538,0
17539,1
17540,1
17541,1
17542,1
17543,1
17544,0
17545,1
17546,1
17547,1
17548,1
17549,1
17550,1
17551,0
17552,1
17553,0
17554,1
17555,1
17556,1
17557,0
17558,1
17559,1
17560,1
17561,0
17562,1
17563,1
17564,1
17565,0
17566,0
17567,1
17568,1
17569,1
17570,1
17571,1
17572,1
17573,1
17574,1
17575,0
17576,1
17577,0
17578,0
17579,1
17580,1
17581,1
17582,1
17583,1
17584,1
17585,1
17586,1
17587,0
17588,1
17589,0
17590,0
17591,1
17592,1
17593,1
17594,0
17595,0
17596,1
17597,1
17598,1
17599,1
17600,1
17601,1
17602,1
17603,0
17604,1
17605,1
17606,1
17607,0
17608,1
17609,1
17610,0
17611,1
17612,1
17613,0
17614,0
17615,0
17616,0
17617,1
17618,0
17619,1
17620,1
17621,1
17622,1
17623,1
17624,1
17625,1
17626,0
17627,1
17628,0
17629,1
17630,1
17631,0
17632,1
17633,0
17634,0
17635,1
17636,1
17637,0
17638,1
17639,1
17640,0
17641,1
17642,1
17643,1
17644,1
17645,0
17646,1
17647,1
17648,0
17649,0
17650,1
17651,1
17652,1
17653,1
17654,1
17655,1
17656,1
17657,0
17658,1
17659,1
17660,0
17661,0
17662,1
17663,1
17664,1
17665,0
17666,1
17667,1
17668,0
17669,0
17670,1
17671,1
17672,0
17673,0
17674,1
17675,1
17676,1
17677,1
17678,1
17679,0
17680,0
17681,1
17682,0
17683,1
17684,1
17685,1
17686,1
17687,1
17688,1
17689,0
17690,1
17691,1
17692,1
17693,1
17694,1
17695,1
17696,0
17697,1
17698,1
17699,1
17700,0
17701,0
17702,1
17703,1
17704,1
17705,1
17706,0
17707,1
17708,1
17709,1
17710,1
17711,1
17712,1
17713,1
17714,1
17715,1
17716,1
17717,1
17718,1
17719,1
17720,1
17721,1
17722,1
17723,0
17724,1
17725,1
17726,1
17727,1
17728,1
17729,1
17730,1
17731,0
17732,1
17733,1
17734,1
17735,1
17736,1
17737,1
17738,1
17739,0
17740,1
17741,1
17742,1
17743,1
17744,1
17745,1
17746,1
17747,1
17748,1
17749,0
17750,1
17751,0
17752,1
17753,0
17754,0
17755,1
17756,0
17757,1
17758,1
17759,1
17760,0
17761,1
17762,0
17763,1
17764,1
17765,1
17766,0
17767,1
17768,1
17769,1
17770,1
17771,1
17772,1
17773,1
17774,0
17775,1
17776,0
17777,1
17778,1
17779,1
17780,1
17781,0
17782,1
17783,1
17784,0
17785,1
17786,1
17787,1
17788,0
17789,1
17790,1
17791,1
17792,1
17793,1
17794,1
17795,1
17796,1
17797,1
17798,1
17799,1
17800,1
17801,0
17802,1
17803,0
17804,1
17805,0
17806,0
17807,0
17808,0
17809,0
17810,0
17811,0
17812,1
17813,1
17814,1
17815,0
17816,1
17817,1
17818,1
17819,0
17820,1
17821,1
17822,0
17823,1
17824,1
17825,1
17826,1
17827,1
17828,1
17829,0
17830,1
17831,0
17832,0
17833,1
17834,1
17835,1
17836,0
17837,1
17838,1
17839,0
17840,1
17841,1
17842,1
17843,0
17844,1
17845,0
17846,1
17847,1
17848,0
17849,0
17850,1
17851,1
17852,1
17853,1
17854,1
17855,1
17856,0
17857,1
17858,1
17859,1
17860,1
17861,0
17862,1
17863,1
17864,1
17865,1
17866,0
17867,1
17868,1
17869,1
17870,1
17871,1
17872,1
17873,1
17874,1
17875,1
17876,1
17877,1
17878,1
17879,1
17880,0
17881,0
17882,1
17883,0
17884,1
17885,1
17886,0
17887,1
17888,1
17889,1
17890,1
17891,0
17892,1
17893,1
17894,1
17895,1
17896,1
17897,1
17898,1
17899,1
17900,1
17901,1
17902,1
17903,1
17904,0
17905,0
17906,1
17907,0
17908,1
17909,1
17910,1
17911,0
17912,1
17913,0
17914,1
17915,0
17916,0
17917,0
17918,0
17919,0
17920,1
17921,1
17922,1
17923,1
17924,1
17925,1
17926,1
17927,0
17928,0
17929,0
17930,0
17931,1
17932,1
17933,1
17934,0
17935,1
17936,1
17937,1
17938,1
17939,0
17940,0
17941,1
17942,0
17943,1
17944,1
17945,1
17946,1
17947,1
17948,1
17949,0
17950,1
17951,1
17952,1
17953,0
17954,1
17955,1
17956,1
17957,1
17958,0
17959,1
17960,1
17961,1
17962,1
17963,1
17964,1
17965,1
17966,1
17967,1
17968,0
17969,1
17970,1
17971,1
17972,1
17973,1
17974,1
17975,1
17976,1
17977,1
17978,1
17979,1
17980,1
17981,1
17982,1
17983,1
17984,1
17985,1
17986,0
17987,1
17988,0
17989,0
17990,1
17991,0
17992,0
17993,1
17994,1
17995,1
17996,1
17997,0
17998,1
17999,1
18000,1
18001,1
18002,1
18003,1
18004,0
18005,1
18006,1
18007,1
18008,0
18009,1
18010,0
18011,1
18012,1
18013,1
18014,1
18015,1
18016,1
18017,1
18018,0
18019,0
18020,1
18021,1
18022,1
18023,1
18024,1
18025,1
18026,1
18027,0
18028,1
18029,1
18030,0
18031,0
18032,0
18033,1
18034,1
18035,0
18036,1
18037,1
18038,1
18039,1
18040,1
18041,1
18042,0
18043,1
18044,1
18045,1
18046,1
18047,1
18048,1
18049,1
18050,1
18051,1
18052,0
18053,1
18054,0
18055,0
18056,1
18057,1
18058,1
18059,1
18060,1
18061,1
18062,0
18063,1
18064,1
18065,1
18066,0
18067,1
18068,1
18069,1
18070,1
18071,1
18072,1
18073,0
18074,1
18075,0
18076,1
18077,1
18078,1
18079,1
18080,1
18081,1
18082,1
18083,0
18084,1
18085,0
18086,0
18087,0
18088,0
18089,0
18090,1
18091,1
18092,1
18093,0
18094,0
18095,1
18096,1
18097,1
18098,1
18099,1
18100,1
18101,1
18102,0
18103,1
18104,1
18105,1
18106,0
18107,1
18108,0
18109,1
18110,1
18111,1
18112,1
18113,0
18114,1
18115,1
18116,0
18117,1
18118,1
18119,1
18120,0
18121,1
18122,1
18123,1
18124,1
18125,0
18126,1
18127,1
18128,1
18129,1
18130,1
18131,0
18132,1
18133,1
18134,0
18135,1
18136,1
18137,1
18138,1
18139,1
18140,1
18141,1
18142,1
18143,1
18144,1
18145,1
18146,1
18147,1
18148,0
18149,1
18150,1
18151,1
18152,0
18153,1
18154,1
18155,0
18156,1
18157,1
18158,1
18159,1
18160,1
18161,0
18162,1
18163,1
18164,0
18165,0
18166,1
18167,1
18168,1
18169,1
18170,0
18171,1
18172,1
18173,1
18174,1
18175,1
18176,0
18177,1
18178,1
18179,1
18180,1
18181,1
18182,1
18183,1
18184,1
18185,1
18186,1
18187,1
18188,1
18189,0
18190,1
18191,1
18192,1
18193,1
18194,1
18195,1
18196,1
18197,1
18198,1
18199,1
18200,1
18201,0
18202,1
18203,1
18204,1
18205,1
18206,0
18207,1
18208,1
18209,1
18210,1
18211,0
18212,1
18213,0
18214,0
18215,1
18216,0
18217,1
18218,1
18219,1
18220,1
18221,1
18222,1
18223,1
18224,1
18225,0
18226,0
18227,1
18228,0
18229,1
18230,1
18231,1
18232,1
18233,1
18234,0
18235,1
18236,0
18237,1
18238,0
18239,1
18240,1
18241,0
18242,0
18243,1
18244,1
18245,1
18246,1
18247,0
18248,1
18249,1
18250,1
18251,1
18252,0
18253,1
18254,0
18255,1
18256,0
18257,1
18258,0
18259,1
18260,1
18261,1
18262,0
18263,1
18264,1
18265,1
18266,1
18267,1
18268,1
18269,0
18270,1
18271,0
18272,1
18273,1
18274,1
18275,0
18276,0
18277,1
18278,1
18279,0
18280,1
18281,1
18282,1
18283,1
18284,0
18285,1
18286,0
18287,1
18288,1
18289,1
18290,0
18291,1
18292,1
18293,1
18294,1
18295,1
18296,1
18297,0
18298,0
18299,1
18300,0
18301,0
18302,1
18303,0
18304,0
18305,1
18306,0
18307,1
18308,1
18309,1
18310,1
18311,1
18312,1
18313,0
18314,0
18315,0
18316,1
18317,1
18318,0
18319,0
18320,1
18321,1
18322,0
18323,0
18324,1
18325,1
18326,1
18327,1
18328,0
18329,1
18330,0
18331,1
18332,1
18333,1
18334,1
18335,1
18336,1
18337,1
18338,1
18339,1
18340,1
18341,1
18342,1
18343,1
18344,1
18345,1
18346,0
18347,1
18348,0
18349,1
18350,1
18351,1
18352,1
18353,0
18354,0
18355,0
18356,1
18357,1
18358,1
18359,1
18360,1
18361,1
18362,0
18363,1
18364,1
18365,1
18366,1
18367,1
18368,1
18369,1
18370,0
18371,1
18372,0
18373,1
18374,1
18375,1
18376,0
18377,1
18378,1
18379,1
18380,1
18381,1
18382,1
18383,0
18384,0
18385,1
18386,1
18387,1
18388,1
18389,1
18390,1
18391,1
18392,1
18393,1
18394,0
18395,1
18396,1
18397,0
18398,0
18399,0
18400,0
18401,1
18402,1
18403,1
18404,1
18405,1
18406,1
18407,1
18408,1
18409,0
18410,1
18411,1
18412,1
18413,0
18414,1
18415,1
18416,0
18417,1
18418,1
18419,1
18420,1
18421,0
18422,0
18423,1
18424,1
18425,1
18426,1
18427,1
18428,0
18429,1
18430,1
18431,1
18432,1
18433,1
18434,0
18435,0
18436,0
18437,1
18438,1
18439,1
18440,1
18441,1
18442,1
18443,0
18444,0
18445,0
18446,0
18447,1
18448,0
18449,1
18450,0
18451,1
18452,0
18453,1
18454,1
18455,1
18456,1
18457,1
18458,0
18459,1
18460,1
18461,1
18462,1
18463,1
18464,0
18465,1
18466,1
18467,0
18468,0
18469,1
18470,0
18471,1
18472,1
18473,1
18474,1
18475,0
18476,0
18477,1
18478,1
18479,1
18480,0
18481,1
18482,1
18483,1
18484,1
18485,1
18486,1
18487,1
18488,1
18489,1
18490,1
18491,1
18492,1
18493,1
18494,0
18495,1
18496,1
18497,1
18498,1
18499,1
18500,0
18501,1
18502,0
18503,0
18504,1
18505,1
18506,1
18507,1
18508,0
18509,0
18510,0
18511,0
18512,1
18513,1
18514,0
18515,0
18516,0
18517,1
18518,1
18519,1
18520,1
18521,1
18522,1
18523,1
18524,1
18525,1
18526,1
18527,0
18528,1
18529,1
18530,0
18531,1
18532,1
18533,1
18534,1
18535,0
18536,0
18537,1
18538,1
18539,1
18540,0
18541,0
18542,1
18543,0
18544,0
18545,0
18546,1
18547,0
18548,1
18549,1
18550,0
18551,0
18552,1
18553,1
18554,0
18555,1
18556,1
18557,1
18558,1
18559,0
18560,1
18561,1
18562,1
18563,0
18564,1
18565,1
18566,1
18567,1
18568,1
18569,0
18570,1
18571,0
18572,1
18573,1
18574,1
18575,0
18576,1
18577,1
18578,0
18579,1
18580,0
18581,1
18582,0
18583,1
18584,1
18585,1
18586,1
18587,1
18588,0
18589,1
18590,1
18591,1
18592,0
18593,1
18594,1
18595,1
18596,0
18597,1
18598,1
18599,1
18600,1
18601,0
18602,1
18603,1
18604,1
18605,1
18606,0
18607,1
18608,1
18609,1
18610,1
18611,0
18612,1
18613,0
18614,1
18615,0
18616,1
18617,0
18618,0
18619,1
18620,1
18621,0
18622,1
18623,0
18624,1
18625,1
18626,1
18627,1
18628,1
18629,1
18630,0
18631,1
18632,1
18633,1
18634,1
18635,0
18636,1
18637,0
18638,1
18639,1
18640,1
18641,1
18642,1
18643,1
18644,0
18645,1
18646,1
18647,1
18648,1
18649,1
18650,0
18651,1
18652,1
18653,1
18654,1
18655,1
18656,1
18657,0
18658,0
18659,1
18660,1
18661,1
18662,0
18663,1
18664,0
18665,1
18666,1
18667,1
18668,0
18669,1
18670,1
18671,1
18672,0
18673,1
18674,1
18675,1
18676,1
18677,1
18678,1
18679,1
18680,1
18681,1
18682,1
18683,1
18684,1
18685,1
18686,0
18687,0
18688,1
18689,0
18690,0
18691,0
18692,1
18693,1
18694,1
18695,0
18696,1
18697,0
18698,1
18699,1
18700,1
18701,1
18702,1
18703,1
18704,1
18705,0
18706,1
18707,1
18708,1
18709,1
18710,0
18711,1
18712,1
18713,1
18714,1
18715,1
18716,1
18717,1
18718,1
18719,1
18720,1
18721,1
18722,1
18723,0
18724,1
18725,1
18726,1
18727,1
18728,1
18729,1
18730,0
18731,1
18732,0
18733,1
18734,1
18735,1
18736,1
18737,1
18738,1
18739,0
18740,1
18741,1
18742,1
18743,0
18744,0
18745,1
18746,1
18747,0
18748,1
18749,1
18750,1
18751,0
18752,0
18753,1
18754,1
18755,1
18756,1
18757,1
18758,1
18759,1
18760,0
18761,1
18762,1
18763,1
18764,0
18765,1
18766,1
18767,1
18768,1
18769,1
18770,1
18771,0
18772,0
18773,0
18774,1
18775,1
18776,1
18777,0
18778,1
18779,1
18780,1
18781,1
18782,1
18783,1
18784,0
18785,1
18786,1
18787,1
18788,0
18789,0
18790,1
18791,1
18792,1
18793,0
18794,0
18795,1
18796,1
18797,1
18798,1
18799,1
18800,0
18801,1
18802,1
18803,1
18804,0
18805,1
18806,1
18807,1
18808,0
18809,0
18810,0
18811,0
18812,1
18813,1
18814,1
18815,1
18816,1
18817,0
18818,1
18819,1
18820,1
18821,0
18822,0
18823,0
18824,0
18825,1
18826,0
18827,1
18828,1
18829,0
18830,1
18831,0
18832,1
18833,0
18834,0
18835,1
18836,1
18837,0
18838,1
18839,1
18840,0
18841,1
18842,1
18843,0
18844,1
18845,1
18846,1
18847,0
18848,1
18849,1
18850,0
18851,1
18852,1
18853,1
18854,1
18855,1
18856,1
18857,1
18858,1
18859,1
18860,1
18861,1
18862,1
18863,1
18864,1
18865,0
18866,1
18867,0
18868,0
18869,1
18870,1
18871,1
18872,1
18873,1
18874,1
18875,1
18876,1
18877,0
18878,1
18879,0
18880,1
18881,1
18882,1
18883,1
18884,0
18885,0
18886,1
18887,1
18888,1
18889,1
18890,0
18891,1
18892,1
18893,0
18894,0
18895,1
18896,1
18897,1
18898,1
18899,1
18900,0
18901,1
18902,1
18903,0
18904,1
18905,0
18906,1
18907,1
18908,1
18909,1
18910,1
18911,0
18912,1
18913,1
18914,1
18915,1
18916,1
18917,1
18918,1
18919,1
18920,0
18921,1
18922,1
18923,1
18924,1
18925,1
18926,1
18927,1
18928,1
18929,1
18930,1
18931,1
18932,1
18933,1
18934,1
18935,1
18936,0
18937,1
18938,1
18939,0
18940,1
18941,0
18942,1
18943,1
18944,1
18945,1
18946,1
18947,1
18948,0
18949,0
18950,1
18951,0
18952,1
18953,1
18954,1
18955,0
18956,1
18957,1
18958,0
18959,0
18960,0
18961,1
18962,1
18963,1
18964,1
18965,1
18966,1
18967,1
18968,1
18969,0
18970,1
18971,1
18972,1
18973,1
18974,1
18975,0
18976,1
18977,1
18978,1
18979,1
18980,1
18981,1
18982,1
18983,1
18984,1
18985,0
18986,1
18987,0
18988,1
18989,1
18990,1
18991,1
18992,1
18993,0
18994,1
18995,1
18996,1
18997,1
18998,1
18999,1
19000,0
19001,0
19002,0
19003,0
19004,0
19005,1
19006,0
19007,1
19008,1
19009,1
19010,0
19011,0
19012,1
19013,1
19014,1
19015,1
19016,0
19017,1
19018,1
19019,1
19020,0
19021,1
19022,1
19023,1
19024,0
19025,1
19026,0
19027,1
19028,1
19029,0
19030,0
19031,1
19032,1
19033,1
19034,0
19035,0
19036,1
19037,1
19038,1
19039,0
19040,1
19041,1
19042,1
19043,1
19044,0
19045,0
19046,0
19047,1
19048,0
19049,1
19050,1
19051,0
19052,1
19053,1
19054,0
19055,1
19056,1
19057,1
19058,1
19059,0
19060,1
19061,0
19062,0
19063,1
19064,1
19065,1
19066,1
19067,0
19068,0
19069,0
19070,1
19071,1
19072,0
19073,1
19074,0
19075,1
19076,1
19077,1
19078,1
19079,1
19080,0
19081,0
19082,1
19083,0
19084,1
19085,1
19086,1
19087,1
19088,1
19089,0
19090,1
19091,1
19092,1
19093,1
19094,1
19095,1
19096,0
19097,0
19098,1
19099,0
19100,1
19101,1
19102,1
19103,1
19104,0
19105,1
19106,0
19107,1
19108,1
19109,0
19110,1
19111,1
19112,1
19113,1
19114,1
19115,1
19116,1
19117,1
19118,1
19119,1
19120,1
19121,0
19122,1
19123,1
19124,1
19125,0
19126,0
19127,1
19128,1
19129,0
19130,0
19131,1
19132,1
19133,1
19134,0
19135,0
19136,1
19137,1
19138,0
19139,0
19140,1
19141,0
19142,1
19143,1
19144,1
19145,0
19146,1
19147,0
19148,1
19149,0
19150,1
19151,0
19152,1
19153,1
19154,1
19155,1
19156,0
19157,0
19158,0
19159,1
19160,1
19161,1
19162,1
19163,1
19164,1
19165,0
19166,1
19167,1
19168,0
19169,1
19170,1
19171,1
19172,1
19173,0
19174,0
19175,1
19176,0
19177,1
19178,0
19179,0
19180,1
19181,1
19182,1
19183,1
19184,1
19185,1
19186,1
19187,0
19188,1
19189,1
19190,1
19191,0
19192,1
19193,1
19194,0
19195,0
19196,1
19197,1
19198,1
19199,1
19200,1
19201,1
19202,0
19203,1
19204,1
19205,1
19206,1
19207,0
19208,0
19209,0
19210,0
19211,1
19212,1
19213,1
19214,0
19215,1
19216,0
19217,1
19218,1
19219,0
19220,0
19221,1
19222,0
19223,1
19224,1
19225,1
19226,1
19227,0
19228,0
19229,1
19230,0
19231,0
19232,1
19233,0
19234,1
19235,1
19236,0
19237,0
19238,1
19239,1
19240,1
19241,1
19242,1
19243,1
19244,1
19245,1
19246,1
19247,0
19248,1
19249,0
19250,0
19251,1
19252,1
19253,1
19254,0
19255,1
19256,1
19257,1
19258,1
19259,0
19260,1
19261,1
19262,1
19263,0
19264,1
19265,0
19266,1
19267,1
19268,1
19269,0
19270,0
19271,1
19272,1
19273,1
19274,1
19275,0
19276,0
19277,0
19278,0
19279,1
19280,1
19281,1
19282,1
19283,1
19284,1
19285,1
19286,1
19287,1
19288,1
19289,1
19290,1
19291,1
19292,0
19293,1
19294,1
19295,1
19296,1
19297,1
19298,0
19299,1
19300,0
19301,1
19302,1
19303,0
19304,1
19305,1
19306,1
19307,1
19308,0
19309,0
19310,1
19311,0
19312,1
19313,1
19314,0
19315,1
19316,0
19317,1
19318,1
19319,0
19320,0
19321,1
19322,1
19323,1
19324,1
19325,0
19326,1
19327,1
19328,1
19329,1
19330,1
19331,0
19332,1
19333,0
19334,0
19335,1
19336,1
19337,1
19338,1
19339,1
19340,0
19341,0
19342,1
19343,1
19344,0
19345,0
19346,0
19347,1
19348,1
19349,1
19350,1
19351,0
19352,1
19353,1
19354,1
19355,0
19356,1
19357,0
19358,1
19359,1
19360,1
19361,0
19362,0
19363,1
19364,1
19365,1
19366,1
19367,0
19368,1
19369,1
19370,1
19371,0
19372,1
19373,0
19374,1
19375,1
19376,1
19377,0
19378,1
19379,0
19380,1
19381,1
19382,1
19383,1
19384,1
19385,0
19386,1
19387,0
19388,1
19389,1
19390,1
19391,1
19392,1
19393,1
19394,1
19395,0
19396,1
19397,0
19398,1
19399,0
19400,1
19401,1
19402,0
19403,0
19404,0
19405,0
19406,0
19407,0
19408,1
19409,0
19410,1
19411,1
19412,0
19413,0
19414,1
19415,1
19416,1
19417,1
19418,1
19419,1
19420,0
19421,1
19422,1
19423,1
19424,1
19425,0
19426,1
19427,1
19428,1
19429,1
19430,0
19431,0
19432,1
19433,1
19434,1
19435,1
19436,1
19437,0
19438,1
19439,1
19440,0
19441,1
19442,1
19443,1
19444,1
19445,1
19446,1
19447,1
19448,1
19449,0
19450,1
19451,0
19452,1
19453,1
19454,1
19455,0
19456,0
19457,0
19458,1
19459,1
19460,1
19461,1
19462,1
19463,1
19464,1
19465,1
19466,1
19467,0
19468,1
19469,1
19470,1
19471,1
19472,1
19473,1
19474,1
19475,1
19476,1
19477,0
19478,1
19479,1
19480,1
19481,1
19482,1
19483,1
19484,0
19485,1
19486,1
19487,1
19488,1
19489,1
19490,0
19491,1
19492,1
19493,0
19494,1
19495,1
19496,1
19497,1
19498,1
19499,0
19500,1
19501,1
19502,1
19503,1
19504,1
19505,1
19506,1
19507,0
19508,1
19509,1
19510,0
19511,0
19512,1
19513,1
19514,1
19515,0
19516,0
19517,1
19518,1
19519,1
19520,0
19521,1
19522,1
19523,1
19524,1
19525,1
19526,0
19527,1
19528,0
19529,0
19530,1
19531,1
19532,1
19533,1
19534,1
19535,0
19536,1
19537,1
19538,0
19539,1
19540,1
19541,1
19542,1
19543,0
19544,1
19545,0
19546,1
19547,1
19548,1
19549,0
19550,0
19551,1
19552,0
19553,0
19554,1
19555,0
19556,0
19557,1
19558,1
19559,1
19560,1
19561,0
19562,0
19563,1
19564,1
19565,1
19566,1
19567,1
19568,1
19569,0
19570,1
19571,1
19572,1
19573,0
19574,1
19575,1
19576,1
19577,1
19578,0
19579,0
19580,1
19581,0
19582,1
19583,1
19584,1
19585,0
19586,1
19587,1
19588,1
19589,1
19590,1
19591,1
19592,0
19593,1
19594,1
19595,1
19596,1
19597,1
19598,0
19599,0
19600,0
19601,1
19602,0
19603,1
19604,1
19605,1
19606,1
19607,1
19608,1
19609,1
19610,1
19611,1
19612,0
19613,1
19614,0
19615,1
19616,1
19617,1
19618,1
19619,1
19620,1
19621,1
19622,1
19623,1
19624,1
19625,0
19626,1
19627,1
19628,1
19629,0
19630,1
19631,0
19632,1
19633,1
19634,1
19635,1
19636,1
19637,0
19638,1
19639,1
19640,0
19641,1
19642,1
19643,1
19644,1
19645,1
19646,0
19647,0
19648,0
19649,0
19650,0
19651,1
19652,1
19653,1
19654,1
19655,0
19656,0
19657,0
19658,0
19659,1
19660,1
19661,0
19662,0
19663,0
19664,1
19665,0
19666,1
19667,1
19668,1
19669,1
19670,1
19671,0
19672,1
19673,1
19674,1
19675,1
19676,1
19677,0
19678,1
19679,0
19680,1
19681,0
19682,0
19683,1
19684,1
19685,1
19686,1
19687,1
19688,1
19689,1
19690,0
19691,1
19692,0
19693,1
19694,1
19695,1
19696,1
19697,0
19698,1
19699,1
19700,1
19701,1
19702,1
19703,0
19704,0
19705,1
19706,0
19707,1
19708,1
19709,0
19710,0
19711,1
19712,0
19713,1
19714,0
19715,1
19716,1
19717,1
19718,1
19719,1
19720,1
19721,1
19722,0
19723,1
19724,1
19725,1
19726,0
19727,0
19728,1
19729,1
19730,1
19731,1
19732,1
19733,1
19734,0
19735,1
19736,1
19737,0
19738,0
19739,1
19740,1
19741,0
19742,1
19743,1
19744,1
19745,0
19746,1
19747,1
19748,1
19749,1
19750,1
19751,1
19752,1
19753,0
19754,1
19755,1
19756,1
19757,0
19758,0
19759,1
19760,1
19761,1
19762,1
19763,1
19764,1
19765,1
19766,1
19767,0
19768,0
19769,1
19770,1
19771,1
19772,1
19773,0
19774,1
19775,0
19776,1
19777,1
19778,1
19779,1
19780,0
19781,0
19782,1
19783,1
19784,1
19785,1
19786,1
19787,1
19788,0
19789,1
19790,0
19791,1
19792,1
19793,1
19794,1
19795,0
19796,1
19797,1
19798,1
19799,1
19800,1
19801,1
19802,0
19803,1
19804,0
19805,1
19806,1
19807,0
19808,0
19809,1
19810,0
19811,1
19812,1
19813,1
19814,1
19815,0
19816,1
19817,1
19818,1
19819,1
19820,0
19821,1
19822,0
19823,1
19824,1
19825,0
19826,1
19827,1
19828,1
19829,1
19830,1
19831,0
19832,1
19833,1
19834,1
19835,0
19836,1
19837,0
19838,0
19839,1
19840,1
19841,0
19842,0
19843,0
19844,1
19845,1
19846,1
19847,1
19848,1
19849,0
19850,1
19851,1
19852,1
19853,0
19854,1
19855,1
19856,0
19857,1
19858,1
19859,1
19860,1
19861,0
19862,1
19863,1
19864,1
19865,1
19866,1
19867,1
19868,1
19869,1
19870,0
19871,1
19872,0
19873,0
19874,1
19875,1
19876,0
19877,1
19878,1
19879,0
19880,0
19881,0
19882,1
19883,1
19884,1
19885,0
19886,1
19887,0
19888,0
19889,1
19890,1
19891,1
19892,1
19893,1
19894,0
19895,1
19896,1
19897,0
19898,1
19899,1
19900,1
19901,1
19902,1
19903,1
19904,1
19905,1
19906,0
19907,1
19908,1
19909,1
19910,1
19911,1
19912,0
19913,0
19914,1
19915,0
19916,1
19917,1
19918,1
19919,1
19920,1
19921,1
19922,1
19923,1
19924,1
19925,1
19926,1
19927,0
19928,1
19929,1
19930,0
19931,0
19932,1
19933,1
19934,1
19935,1
19936,0
19937,1
19938,1
19939,1
19940,1
19941,1
19942,1
19943,1
19944,0
19945,1
19946,1
19947,0
19948,1
19949,1
19950,0
19951,0
19952,0
19953,1
19954,0
19955,1
19956,1
19957,0
19958,1
19959,0
19960,1
19961,1
19962,0
19963,0
19964,1
19965,0
19966,1
19967,1
19968,1
19969,1
19970,0
19971,0
19972,1
19973,1
19974,1
19975,0
19976,1
19977,1
19978,1
19979,1
19980,1
19981,1
19982,0
19983,1
19984,0
19985,1
19986,0
19987,0
19988,1
19989,0
19990,1
19991,0
19992,1
19993,1
19994,1
19995,1
19996,0
19997,0
19998,0
19999,0
20000,0
20001,0
20002,1
20003,1
20004,0
20005,0
20006,0
20007,0
20008,0
20009,1
20010,1
20011,1
20012,1
20013,0
20014,1
20015,0
20016,0
20017,1
20018,1
20019,1
20020,1
20021,1
20022,1
20023,1
20024,0
20025,1
20026,1
20027,1
20028,1
20029,1
20030,0
20031,0
20032,0
20033,1
20034,1
20035,1
20036,0
20037,0
20038,1
20039,0
20040,0
20041,0
20042,1
20043,1
20044,1
20045,1
20046,1
20047,0
20048,1
20049,1
20050,1
20051,0
20052,1
20053,1
20054,1
20055,1
20056,1
20057,1
20058,0
20059,1
20060,0
20061,0
20062,1
20063,1
20064,1
20065,0
20066,1
20067,1
20068,1
20069,1
20070,0
20071,0
20072,1
20073,0
20074,1
20075,1
20076,1
20077,1
20078,1
20079,0
20080,1
20081,0
20082,1
20083,0
20084,1
20085,1
20086,0
20087,0
20088,0
20089,1
20090,1
20091,1
20092,1
20093,0
20094,1
20095,1
20096,1
20097,1
20098,0
20099,1
20100,1
20101,0
20102,1
20103,0
20104,1
20105,1
20106,1
20107,1
20108,1
20109,1
20110,0
20111,0
20112,1
20113,1
20114,1
20115,0
20116,1
20117,0
20118,1
20119,1
20120,0
20121,1
20122,1
20123,0
20124,1
20125,1
20126,1
20127,0
20128,1
20129,1
20130,1
20131,1
20132,1
20133,0
20134,0
20135,1
20136,1
20137,1
20138,0
20139,1
20140,1
20141,1
20142,1
20143,1
20144,1
20145,1
20146,0
20147,1
20148,1
20149,0
20150,0
20151,0
20152,1
20153,0
20154,1
20155,1
20156,1
20157,0
20158,1
20159,0
20160,0
20161,1
20162,1
20163,0
20164,0
20165,1
20166,1
20167,0
20168,1
20169,1
20170,1
20171,1
20172,0
20173,0
20174,1
20175,1
20176,1
20177,0
20178,0
20179,0
20180,1
20181,1
20182,1
20183,1
20184,1
20185,0
20186,0
20187,1
20188,0
20189,0
20190,1
20191,1
20192,1
20193,0
20194,0
20195,1
20196,1
20197,1
20198,1
20199,0
20200,0
20201,1
20202,1
20203,1
20204,1
20205,1
20206,1
20207,1
20208,1
20209,0
20210,1
20211,1
20212,1
20213,1
20214,1
20215,1
20216,0
20217,1
20218,0
20219,1
20220,1
20221,1
20222,0
20223,1
20224,1
20225,1
20226,1
20227,1
20228,0
20229,0
20230,1
20231,1
20232,1
20233,1
20234,1
20235,1
20236,0
20237,1
20238,0
20239,1
20240,1
20241,0
20242,1
20243,1
20244,1
20245,1
20246,0
20247,0
20248,1
20249,1
20250,0
20251,1
20252,1
20253,0
20254,1
20255,1
20256,1
20257,1
20258,1
20259,0
20260,0
20261,1
20262,1
20263,0
20264,0
20265,0
20266,1
20267,1
20268,1
20269,1
20270,0
20271,1
20272,0
20273,1
20274,1
20275,0
20276,0
20277,1
20278,0
20279,1
20280,0
20281,1
20282,1
20283,1
20284,1
20285,1
20286,1
20287,0
20288,0
20289,0
20290,0
20291,0
20292,1
20293,1
20294,0
20295,1
20296,1
20297,0
20298,0
20299,1
20300,1
20301,1
20302,1
20303,1
20304,0
20305,1
20306,1
20307,1
20308,1
20309,0
20310,1
20311,1
20312,1
20313,1
20314,1
20315,1
20316,0
20317,1
20318,1
20319,1
20320,1
20321,1
20322,1
20323,1
20324,1
20325,0
20326,0
20327,1
20328,1
20329,1
20330,0
20331,1
20332,1
20333,1
20334,1
20335,1
20336,1
20337,0
20338,1
20339,1
20340,0
20341,1
20342,1
20343,1
20344,1
20345,0
20346,0
20347,0
20348,1
20349,1
20350,1
20351,0
20352,0
20353,0
20354,0
20355,0
20356,1
20357,1
20358,1
20359,1
20360,1
20361,0
20362,1
20363,1
20364,1
20365,1
20366,1
20367,1
20368,1
20369,1
20370,1
20371,1
20372,1
20373,1
20374,1
20375,1
20376,1
20377,1
20378,1
20379,0
20380,0
20381,1
20382,1
20383,0
20384,0
20385,1
20386,1
20387,0
20388,0
20389,0
20390,0
20391,1
20392,0
20393,1
20394,1
20395,1
20396,1
20397,1
20398,1
20399,1
20400,1
20401,1
20402,1
20403,1
20404,1
20405,1
20406,0
20407,0
20408,1
20409,1
20410,0
20411,1
20412,0
20413,1
20414,1
20415,1
20416,1
20417,1
20418,1
20419,1
20420,0
20421,1
20422,1
20423,0
20424,1
20425,1
20426,0
20427,1
20428,1
20429,1
20430,1
20431,1
20432,0
20433,0
20434,1
20435,1
20436,0
20437,1
20438,1
20439,1
20440,0
20441,1
20442,1
20443,1
20444,1
20445,1
20446,1
20447,1
20448,1
20449,0
20450,1
20451,1
20452,1
20453,1
20454,1
20455,1
20456,1
20457,1
20458,1
20459,1
20460,1
20461,0
20462,1
20463,0
20464,1
20465,1
20466,1
20467,1
20468,1
20469,1
20470,1
20471,0
20472,1
20473,0
20474,1
20475,1
20476,0
20477,0
20478,1
20479,1
20480,0
20481,1
20482,1
20483,1
20484,1
20485,0
20486,0
20487,1
20488,0
20489,0
20490,0
20491,1
20492,1
20493,0
20494,1
20495,1
20496,1
20497,1
20498,1
20499,1
20500,1
20501,1
20502,1
20503,0
20504,1
20505,0
20506,1
20507,1
20508,1
20509,1
20510,1
20511,1
20512,0
20513,1
20514,0
20515,1
20516,1
20517,1
20518,0
20519,1
20520,1
20521,0
20522,0
20523,0
20524,0
20525,1
20526,1
20527,0
20528,1
20529,1
20530,1
20531,0
20532,1
20533,0
20534,0
20535,1
20536,1
20537,1
20538,1
20539,0
20540,0
20541,1
20542,1
20543,1
20544,0
20545,1
20546,1
20547,1
20548,1
20549,1
20550,1
20551,0
20552,0
20553,0
20554,1
20555,0
20556,1
20557,1
20558,1
20559,1
20560,1
20561,1
20562,1
20563,0
20564,1
20565,1
20566,1
20567,0
20568,0
20569,0
20570,1
20571,0
20572,1
20573,1
20574,1
20575,1
20576,1
20577,0
20578,1
20579,0
20580,0
20581,1
20582,1
20583,1
20584,1
20585,1
20586,1
20587,1
20588,1
20589,1
20590,1
20591,0
20592,1
20593,0
20594,0
20595,1
20596,1
20597,0
20598,1
20599,1
20600,0
20601,1
20602,1
20603,1
20604,1
20605,0
20606,1
20607,1
20608,1
20609,1
20610,0
20611,0
20612,0
20613,0
20614,1
20615,1
20616,0
20617,1
20618,1
20619,1
20620,0
20621,1
20622,0
20623,0
20624,1
20625,1
20626,1
20627,1
20628,1
20629,0
20630,0
20631,0
20632,0
20633,1
20634,1
20635,0
20636,1
20637,1
20638,0
20639,1
20640,1
20641,0
20642,1
20643,1
20644,1
20645,1
20646,1
20647,0
20648,1
20649,1
20650,0
20651,1
20652,1
20653,1
20654,1
20655,1
20656,1
20657,0
20658,1
20659,1
20660,1
20661,1
20662,1
20663,1
20664,1
20665,1
20666,1
20667,1
20668,1
20669,1
20670,1
20671,1
20672,0
20673,1
20674,1
20675,1
20676,1
20677,1
20678,1
20679,1
20680,0
20681,1
20682,1
20683,1
20684,0
20685,0
20686,1
20687,1
20688,0
20689,1
20690,1
20691,1
20692,1
20693,1
20694,0
20695,1
20696,1
20697,1
20698,1
20699,0
20700,1
20701,0
20702,1
20703,0
20704,1
20705,1
20706,0
20707,1
20708,1
20709,0
20710,1
20711,1
20712,1
20713,0
20714,0
20715,1
20716,1
20717,1
20718,1
20719,1
20720,1
20721,0
20722,1
20723,1
20724,0
20725,1
20726,1
20727,1
20728,0
20729,0
20730,1
20731,1
20732,1
20733,1
20734,1
20735,0
20736,1
20737,1
20738,1
20739,1
20740,1
20741,1
20742,1
20743,0
20744,1
20745,1
20746,1
20747,1
20748,1
20749,1
20750,1
20751,1
20752,1
20753,1
20754,1
20755,0
20756,1
20757,1
20758,1
20759,1
20760,0
20761,1
20762,1
20763,1
20764,1
20765,0
20766,0
20767,1
20768,1
20769,1
20770,1
20771,1
20772,1
20773,1
20774,1
20775,1
20776,1
20777,1
20778,1
20779,1
20780,1
20781,0
20782,1
20783,1
20784,1
20785,1
20786,1
20787,0
20788,1
20789,1
20790,1
20791,1
20792,1
20793,1
20794,0
20795,0
20796,1
20797,1
20798,0
20799,1
20800,1
20801,1
20802,1
20803,1
20804,1
20805,1
20806,0
20807,1
20808,0
20809,0
20810,1
20811,0
20812,0
20813,1
20814,0
20815,1
20816,1
20817,1
20818,0
20819,0
20820,0
20821,1
20822,1
20823,0
20824,0
20825,1
20826,1
20827,0
20828,0
20829,1
20830,1
20831,1
20832,1
20833,1
20834,0
20835,1
20836,0
20837,1
20838,1
20839,1
20840,0
20841,1
20842,1
20843,0
20844,1
20845,1
20846,1
20847,1
20848,1
20849,1
20850,1
20851,0
20852,1
20853,1
20854,1
20855,1
20856,0
20857,0
20858,1
20859,1
20860,1
20861,1
20862,1
20863,0
20864,1
20865,1
20866,1
20867,1
20868,1
20869,1
20870,0
20871,1
20872,1
20873,1
20874,1
20875,1
20876,1
20877,1
20878,1
20879,1
20880,1
20881,1
20882,1
20883,1
20884,1
20885,1
20886,1
20887,1
20888,1
20889,1
20890,1
20891,0
20892,1
20893,1
20894,1
20895,1
20896,1
20897,1
20898,0
20899,1
20900,1
20901,1
20902,1
20903,1
20904,1
20905,0
20906,1
20907,0
20908,1
20909,1
20910,1
20911,1
20912,1
20913,0
20914,1
20915,0
20916,0
20917,1
20918,1
20919,1
20920,1
20921,0
20922,1
20923,1
20924,1
20925,1
20926,1
20927,1
20928,1
20929,0
20930,0
20931,1
20932,1
20933,1
20934,1
20935,1
20936,0
20937,1
20938,0
20939,1
20940,1
20941,1
20942,1
20943,1
20944,0
20945,0
20946,1
20947,1
20948,1
20949,1
20950,1
20951,1
20952,0
20953,1
20954,1
20955,1
20956,1
20957,1
20958,1
20959,0
20960,0
20961,1
20962,1
20963,1
20964,1
20965,1
20966,1
20967,1
20968,0
20969,1
20970,0
20971,0
20972,1
20973,1
20974,0
20975,1
20976,1
20977,0
20978,0
20979,0
20980,1
20981,0
20982,1
20983,0
20984,1
20985,0
20986,1
20987,1
20988,0
20989,1
20990,0
20991,0
20992,1
20993,1
20994,0
20995,0
20996,1
20997,1
20998,1
20999,1
21000,1
21001,0
21002,0
21003,1
21004,1
21005,0
21006,1
21007,1
21008,0
21009,1
21010,0
21011,1
21012,1
21013,0
21014,1
21015,1
21016,1
21017,1
21018,0
21019,1
21020,1
21021,0
21022,0
21023,1
21024,1
21025,1
21026,0
21027,1
21028,1
21029,1
21030,1
21031,0
21032,1
21033,0
21034,1
21035,1
21036,1
21037,1
21038,1
21039,1
21040,1
21041,1
21042,1
21043,1
21044,1
21045,1
21046,0
21047,0
21048,0
21049,0
21050,0
21051,1
21052,1
21053,0
21054,1
21055,0
21056,1
21057,0
21058,1
21059,1
21060,1
21061,1
21062,1
21063,1
21064,1
21065,1
21066,0
21067,0
21068,1
21069,1
21070,1
21071,0
21072,1
21073,1
21074,0
21075,1
21076,0
21077,0
21078,1
21079,1
21080,0
21081,1
21082,1
21083,1
21084,1
21085,1
21086,1
21087,0
21088,0
21089,0
21090,0
21091,0
21092,1
21093,1
21094,1
21095,1
21096,1
21097,1
21098,1
21099,1
21100,1
21101,1
21102,1
21103,0
21104,1
21105,1
21106,0
21107,0
21108,1
21109,1
21110,1
21111,1
21112,0
21113,0
21114,1
21115,1
21116,0
21117,1
21118,0
21119,0
21120,0
21121,1
21122,1
21123,1
21124,0
21125,0
21126,1
21127,1
21128,1
21129,1
21130,1
21131,1
21132,1
21133,1
21134,1
21135,0
21136,1
21137,1
21138,1
21139,0
21140,1
21141,1
21142,1
21143,1
21144,0
21145,0
21146,0
21147,0
21148,0
21149,1
21150,1
21151,1
21152,0
21153,1
21154,0
21155,1
21156,1
21157,0
21158,0
21159,0
21160,1
21161,1
21162,1
21163,1
21164,0
21165,1
21166,0
21167,1
21168,0
21169,1
21170,0
21171,1
21172,1
21173,0
21174,0
21175,1
21176,0
21177,1
21178,0
21179,0
21180,1
21181,1
21182,0
21183,0
21184,1
21185,1
21186,1
21187,1
21188,1
21189,1
21190,1
21191,1
21192,1
21193,0
21194,1
21195,1
21196,1
21197,1
21198,1
21199,1
21200,1
21201,1
21202,1
21203,1
21204,1
21205,1
21206,1
21207,1
21208,0
21209,1
21210,1
21211,0
21212,1
21213,0
21214,1
21215,1
21216,1
21217,1
21218,0
21219,1
21220,1
21221,1
21222,0
21223,1
21224,1
21225,1
21226,1
21227,1
21228,0
21229,1
21230,0
21231,1
21232,0
21233,1
21234,0
21235,0
21236,0
21237,0
21238,1
21239,1
21240,1
21241,1
21242,1
21243,0
21244,1
21245,0
21246,1
21247,1
21248,0
21249,1
21250,1
21251,0
21252,1
21253,0
21254,1
21255,1
21256,1
21257,1
21258,1
21259,1
21260,1
21261,0
21262,0
21263,1
21264,1
21265,1
21266,0
21267,1
21268,1
21269,1
21270,1
21271,1
21272,1
21273,1
21274,1
21275,1
21276,0
21277,1
21278,1
21279,0
21280,1
21281,0
21282,0
21283,1
21284,1
21285,1
21286,0
21287,1
21288,0
21289,1
21290,0
21291,1
21292,1
21293,1
21294,0
21295,1
21296,0
21297,1
21298,0
21299,1
21300,0
21301,1
21302,1
21303,1
21304,0
21305,1
21306,1
21307,0
21308,0
21309,1
21310,0
21311,1
21312,0
21313,1
21314,0
21315,1
21316,1
21317,1
21318,1
21319,1
21320,1
21321,0
21322,0
21323,1
21324,1
21325,0
21326,1
21327,0
21328,1
21329,0
21330,1
21331,1
21332,1
21333,0
21334,1
21335,0
21336,1
21337,1
21338,1
21339,1
21340,1
21341,1
21342,1
21343,1
21344,1
21345,0
21346,1
21347,1
21348,1
21349,0
21350,0
21351,1
21352,0
21353,0
21354,0
21355,1
21356,1
21357,1
21358,1
21359,0
21360,1
21361,0
21362,1
21363,0
21364,0
21365,1
21366,0
21367,1
21368,1
21369,0
21370,1
21371,1
21372,0
21373,1
21374,1
21375,0
21376,1
21377,1
21378,1
21379,1
21380,0
21381,1
21382,1
21383,0
21384,1
21385,1
21386,1
21387,0
21388,1
21389,0
21390,0
21391,1
21392,0
21393,1
21394,1
21395,1
21396,1
21397,0
21398,1
21399,1
21400,1
21401,1
21402,0
21403,0
21404,1
21405,1
21406,1
21407,1
21408,1
21409,1
21410,0
21411,1
21412,0
21413,0
21414,0
21415,1
21416,0
21417,1
21418,0
21419,1
21420,1
21421,1
21422,1
21423,1
21424,1
21425,1
21426,0
21427,1
21428,1
21429,1
21430,1
21431,1
21432,0
21433,1
21434,1
21435,1
21436,1
21437,1
21438,1
21439,0
21440,0
21441,0
21442,1
21443,1
21444,0
21445,0
21446,1
21447,1
21448,1
21449,1
21450,1
21451,1
21452,1
21453,1
21454,0
21455,1
21456,1
21457,1
21458,0
21459,1
21460,0
21461,1
21462,1
21463,1
21464,1
21465,1
21466,0
21467,1
21468,1
21469,0
21470,1
21471,1
21472,1
21473,1
21474,1
21475,1
21476,1
21477,0
21478,1
21479,1
21480,1
21481,0
21482,1
21483,1
21484,1
21485,1
21486,0
21487,1
21488,1
21489,1
21490,1
21491,0
21492,0
21493,1
21494,0
21495,0
21496,1
21497,1
21498,1
21499,0
21500,0
21501,1
21502,0
21503,0
21504,1
21505,0
21506,1
21507,1
21508,0
21509,1
21510,0
21511,1
21512,0
21513,0
21514,1
21515,1
21516,1
21517,0
21518,0
21519,0
21520,1
21521,1
21522,0
21523,1
21524,1
21525,1
21526,1
21527,1
21528,1
21529,0
21530,1
21531,1
21532,0
21533,1
21534,0
21535,1
21536,1
21537,0
21538,0
21539,1
21540,1
21541,1
21542,0
21543,1
21544,0
21545,1
21546,1
21547,0
21548,1
21549,1
21550,0
21551,0
21552,1
21553,1
21554,1
21555,1
21556,1
21557,0
21558,1
21559,1
21560,1
21561,0
21562,1
21563,0
21564,0
21565,1
21566,1
21567,0
21568,0
21569,1
21570,1
21571,1
21572,0
21573,1
21574,0
21575,1
21576,1
21577,0
21578,0
21579,1
21580,0
21581,1
21582,1
21583,1
21584,1
21585,1
21586,1
21587,1
21588,1
21589,0
21590,1
21591,1
21592,1
21593,1
21594,1
21595,1
21596,1
21597,0
21598,0
21599,1
21600,1
21601,1
21602,1
21603,1
21604,1
21605,1
21606,1
21607,1
21608,1
21609,1
21610,1
21611,1
21612,1
21613,1
21614,1
21615,0
21616,1
21617,1
21618,1
21619,0
21620,1
21621,1
21622,0
21623,0
21624,1
21625,1
21626,1
21627,1
21628,0
21629,0
21630,1
21631,1
21632,1
21633,0
21634,1
21635,0
21636,1
21637,1
21638,1
21639,1
21640,1
21641,0
21642,1
21643,1
21644,1
21645,1
21646,1
21647,1
21648,1
21649,0
21650,1
21651,1
21652,1
21653,1
21654,1
21655,0
21656,1
21657,0
21658,0
21659,1
21660,0
21661,1
21662,0
21663,1
21664,0
21665,0
21666,1
21667,1
21668,1
21669,1
21670,1
21671,1
21672,1
21673,1
21674,1
21675,0
21676,0
21677,0
21678,1
21679,1
21680,1
21681,1
21682,1
21683,1
21684,1
21685,1
21686,0
21687,1
21688,0
21689,1
21690,0
21691,1
21692,1
21693,1
21694,0
21695,0
21696,0
21697,0
21698,0
21699,1
21700,1
21701,1
21702,0
21703,1
21704,0
21705,1
21706,1
21707,0
21708,1
21709,1
21710,1
21711,1
21712,1
21713,1
21714,1
21715,0
21716,0
21717,0
21718,1
21719,0
21720,0
21721,1
21722,0
21723,0
21724,0
21725,1
21726,0
21727,0
21728,1
21729,0
21730,1
21731,0
21732,1
21733,1
21734,0
21735,1
21736,0
21737,1
21738,1
21739,1
21740,1
21741,1
21742,0
21743,1
21744,0
21745,1
21746,1
21747,1
21748,1
21749,1
21750,0
21751,1
21752,1
21753,0
21754,1
21755,1
21756,1
21757,0
21758,1
21759,1
21760,0
21761,0
21762,1
21763,1
21764,1
21765,0
21766,1
21767,0
21768,1
21769,1
21770,1
21771,1
21772,0
21773,1
21774,1
21775,0
21776,0
21777,1
21778,1
21779,1
21780,1
21781,0
21782,1
21783,0
21784,0
21785,1
21786,0
21787,1
21788,1
21789,1
21790,1
21791,1
21792,0
21793,1
21794,1
21795,1
21796,1
21797,0
21798,1
21799,1
21800,0
21801,1
21802,1
21803,1
21804,0
21805,1
21806,0
21807,0
21808,0
21809,0
21810,0
21811,1
21812,1
21813,0
21814,1
21815,1
21816,1
21817,1
21818,1
21819,1
21820,1
21821,1
21822,0
21823,1
21824,1
21825,0
21826,1
21827,1
21828,0
21829,0
21830,1
21831,0
21832,1
21833,1
21834,1
21835,0
21836,1
21837,0
21838,1
21839,1
21840,1
21841,0
21842,0
21843,1
21844,1
21845,1
21846,0
21847,0
21848,0
21849,1
21850,1
21851,1
21852,0
21853,1
21854,0
21855,1
21856,0
21857,1
21858,0
21859,1
21860,1
21861,1
21862,1
21863,0
21864,1
21865,1
21866,1
21867,0
21868,1
21869,1
21870,0
21871,1
21872,1
21873,0
21874,1
21875,1
21876,0
21877,0
21878,1
21879,1
21880,1
21881,0
21882,1
21883,0
21884,0
21885,1
21886,1
21887,1
21888,1
21889,1
21890,1
21891,1
21892,0
21893,0
21894,1
21895,1
21896,1
21897,0
21898,1
21899,0
21900,1
21901,1
21902,1
21903,0
21904,1
21905,0
21906,1
21907,0
21908,1
21909,1
21910,0
21911,1
21912,0
21913,1
21914,0
21915,0
21916,1
21917,1
21918,1
21919,1
21920,1
21921,1
21922,1
21923,0
21924,0
21925,1
21926,0
21927,1
21928,1
21929,0
21930,1
21931,1
21932,1
21933,1
21934,1
21935,0
21936,1
21937,1
21938,1
21939,1
21940,0
21941,1
21942,0
21943,1
21944,1
21945,0
21946,1
21947,0
21948,0
21949,1
21950,1
21951,1
21952,0
21953,1
21954,1
21955,1
21956,0
21957,1
21958,1
21959,1
21960,1
21961,0
21962,1
21963,1
21964,0
21965,1
21966,1
21967,1
21968,0
21969,1
21970,0
21971,1
21972,1
21973,1
21974,1
21975,1
21976,1
21977,0
21978,1
21979,1
21980,1
21981,1
21982,1
21983,0
21984,1
21985,1
21986,0
21987,1
21988,1
21989,0
21990,1
21991,0
21992,1
21993,0
21994,1
21995,0
21996,1
21997,1
21998,0
21999,1
22000,1
22001,1
22002,1
22003,1
22004,1
22005,1
22006,0
22007,1
22008,1
22009,1
22010,1
22011,0
22012,0
22013,1
22014,1
22015,0
22016,1
22017,1
22018,0
22019,0
22020,1
22021,1
22022,0
22023,0
22024,1
22025,1
22026,0
22027,1
22028,1
22029,0
22030,1
22031,0
22032,0
22033,1
22034,1
22035,0
22036,0
22037,1
22038,1
22039,1
22040,1
22041,1
22042,0
22043,0
22044,0
22045,1
22046,1
22047,0
22048,0
22049,1
22050,1
22051,1
22052,1
22053,0
22054,1
22055,1
22056,0
22057,0
22058,1
22059,0
22060,0
22061,1
22062,1
22063,1
22064,1
22065,1
22066,0
22067,1
22068,1
22069,1
22070,0
22071,1
22072,1
22073,0
22074,1
22075,1
22076,0
22077,0
22078,1
22079,1
22080,1
22081,1
22082,0
22083,1
22084,1
22085,0
22086,0
22087,1
22088,1
22089,1
22090,0
22091,0
22092,0
22093,1
22094,1
22095,1
22096,1
22097,0
22098,1
22099,1
22100,1
22101,1
22102,1
22103,1
22104,1
22105,1
22106,1
22107,1
22108,1
22109,1
22110,0
22111,1
22112,1
22113,1
22114,0
22115,1
22116,1
22117,1
22118,0
22119,0
22120,1
22121,1
22122,1
22123,0
22124,1
22125,0
22126,1
22127,1
22128,1
22129,1
22130,1
22131,1
22132,0
22133,1
22134,0
22135,1
22136,1
22137,0
22138,1
22139,0
22140,1
22141,0
22142,0
22143,0
22144,1
22145,1
22146,1
22147,0
22148,1
22149,1
22150,0
22151,0
22152,0
22153,1
22154,1
22155,1
22156,0
22157,1
22158,0
22159,1
22160,1
22161,0
22162,0
22163,1
22164,1
22165,1
22166,0
22167,0
22168,0
22169,1
22170,1
22171,1
22172,1
22173,1
22174,0
22175,1
22176,1
22177,1
22178,1
22179,1
22180,0
22181,0
22182,1
22183,1
22184,0
22185,1
22186,0
22187,1
22188,1
22189,1
22190,0
22191,1
22192,1
22193,1
22194,1
22195,1
22196,1
22197,1
22198,1
22199,0
22200,1
22201,1
22202,1
22203,1
22204,1
22205,0
22206,1
22207,0
22208,1
22209,1
22210,1
22211,1
22212,1
22213,1
22214,1
22215,1
22216,1
22217,0
22218,1
22219,0
22220,0
22221,1
22222,0
22223,1
22224,1
22225,1
22226,0
22227,1
22228,1
22229,1
22230,1
22231,1
22232,0
22233,1
22234,1
22235,1
22236,1
22237,1
22238,0
22239,1
22240,1
22241,1
22242,1
22243,1
22244,1
22245,1
22246,1
22247,1
22248,0
22249,1
22250,1
22251,1
22252,0
22253,1
22254,1
22255,1
22256,0
22257,0
22258,1
22259,1
22260,0
22261,1
22262,0
22263,0
22264,0
22265,0
22266,0
22267,1
22268,0
22269,1
22270,0
22271,1
22272,1
22273,1
22274,0
22275,1
22276,0
22277,1
22278,1
22279,1
22280,1
22281,1
22282,1
22283,0
22284,1
22285,1
22286,0
22287,0
22288,1
22289,1
22290,1
22291,0
22292,1
22293,0
22294,1
22295,0
22296,1
22297,1
22298,1
22299,0
22300,1
22301,0
22302,1
22303,1
22304,1
22305,0
22306,0
22307,1
22308,0
22309,1
22310,1
22311,1
22312,1
22313,1
22314,0
22315,0
22316,1
22317,0
22318,0
22319,1
22320,1
22321,1
22322,0
22323,1
22324,0
22325,1
22326,1
22327,0
22328,0
22329,1
22330,1
22331,0
22332,1
22333,1
22334,1
22335,0
22336,1
22337,0
22338,0
22339,1
22340,1
22341,0
22342,0
22343,1
22344,0
22345,1
22346,0
22347,1
22348,0
22349,0
22350,1
22351,1
22352,1
22353,1
22354,1
22355,0
22356,1
22357,1
22358,1
22359,1
22360,1
22361,1
22362,1
22363,1
22364,0
22365,0
22366,0
22367,1
22368,1
22369,0
22370,1
22371,1
22372,1
22373,1
22374,1
22375,1
22376,1
22377,1
22378,1
22379,0
22380,0
22381,0
22382,1
22383,0
22384,1
22385,1
22386,0
22387,0
22388,0
22389,1
22390,1
22391,1
22392,0
22393,1
22394,0
22395,1
22396,0
22397,1
22398,1
22399,0
22400,1
22401,1
22402,1
22403,1
22404,1
22405,1
22406,1
22407,1
22408,1
22409,1
22410,1
22411,1
22412,0
22413,0
22414,1
22415,0
22416,1
22417,0
22418,0
22419,1
22420,0
22421,1
22422,1
22423,1
22424,1
22425,1
22426,1
22427,1
22428,1
22429,0
22430,1
22431,1
22432,0
22433,0
22434,1
22435,0
22436,1
22437,1
22438,1
22439,1
22440,1
22441,1
22442,0
22443,1
22444,1
22445,1
22446,0
22447,1
22448,1
22449,1
22450,1
22451,0
22452,0
22453,0
22454,0
22455,1
22456,1
22457,0
22458,0
22459,1
22460,0
22461,1
22462,1
22463,1
22464,0
22465,1
22466,0
22467,1
22468,1
22469,0
22470,1
22471,1
22472,0
22473,0
22474,1
22475,0
22476,1
22477,1
22478,1
22479,1
22480,0
22481,0
22482,1
22483,0
22484,0
22485,0
22486,1
22487,1
22488,0
22489,1
22490,0
22491,0
22492,1
22493,1
22494,1
22495,1
22496,1
22497,1
22498,1
22499,1
22500,1
22501,0
22502,1
22503,1
22504,1
22505,1
22506,1
22507,0
22508,1
22509,1
22510,0
22511,1
22512,1
22513,0
22514,1
22515,1
22516,0
22517,0
22518,0
22519,1
22520,0
22521,0
22522,1
22523,0
22524,1
22525,1
22526,1
22527,0
22528,1
22529,1
22530,1
22531,1
22532,0
22533,1
22534,0
22535,1
22536,0
22537,1
22538,1
22539,0
22540,1
22541,1
22542,1
22543,0
22544,1
22545,1
22546,1
22547,1
22548,1
22549,1
22550,0
22551,1
22552,1
22553,1
22554,1
22555,1
22556,0
22557,1
22558,0
22559,1
22560,1
22561,0
22562,1
22563,1
22564,1
22565,1
22566,0
22567,1
22568,1
22569,0
22570,0
22571,1
22572,1
22573,1
22574,1
22575,1
22576,1
22577,0
22578,1
22579,0
22580,1
22581,0
22582,1
22583,1
22584,0
22585,1
22586,0
22587,1
22588,0
22589,1
22590,1
22591,1
22592,1
22593,1
22594,0
22595,1
22596,1
22597,1
22598,1
22599,1
22600,1
22601,1
22602,1
22603,1
22604,1
22605,1
22606,1
22607,1
22608,1
22609,1
22610,1
22611,1
22612,0
22613,1
22614,1
22615,0
22616,1
22617,1
22618,0
22619,1
22620,1
22621,1
22622,1
22623,1
22624,1
22625,1
22626,1
22627,1
22628,1
22629,1
22630,0
22631,1
22632,1
22633,1
22634,0
22635,1
22636,1
22637,1
22638,0
22639,1
22640,1
22641,0
22642,1
22643,1
22644,0
22645,0
22646,1
22647,1
22648,1
22649,0
22650,1
22651,0
22652,1
22653,0
22654,1
22655,1
22656,1
22657,1
22658,1
22659,1
22660,0
22661,1
22662,1
22663,0
22664,1
22665,1
22666,0
22667,1
22668,1
22669,0
22670,1
22671,0
22672,1
22673,1
22674,1
22675,1
22676,0
22677,1
22678,1
22679,1
22680,1
22681,1
22682,1
22683,0
22684,1
22685,1
22686,1
22687,1
22688,1
22689,1
22690,1
22691,1
22692,1
22693,1
22694,1
22695,0
22696,1
22697,1
22698,1
22699,1
22700,0
22701,0
22702,1
22703,0
22704,1
22705,1
22706,1
22707,0
22708,0
22709,1
22710,1
22711,1
22712,1
22713,1
22714,1
22715,1
22716,1
22717,1
22718,1
22719,0
22720,1
22721,0
22722,1
22723,0
22724,0
22725,1
22726,0
22727,1
22728,1
22729,1
22730,0
22731,1
22732,1
22733,0
22734,0
22735,0
22736,0
22737,1
22738,0
22739,1
22740,1
22741,1
22742,1
22743,1
22744,1
22745,1
22746,1
22747,0
22748,0
22749,1
22750,0
22751,1
22752,1
22753,0
22754,1
22755,0
22756,1
22757,0
22758,1
22759,0
22760,0
22761,1
22762,1
22763,1
22764,1
22765,1
22766,1
22767,1
22768,1
22769,1
22770,1
22771,0
22772,1
22773,1
22774,1
22775,1
22776,1
22777,0
22778,1
22779,0
22780,1
22781,1
22782,0
22783,1
22784,1
22785,0
22786,1
22787,1
22788,1
22789,1
22790,1
22791,1
22792,1
22793,0
22794,0
22795,1
22796,1
22797,1
22798,1
22799,0
22800,1
22801,1
22802,0
22803,1
22804,1
22805,0
22806,0
22807,1
22808,0
22809,1
22810,1
22811,0
22812,1
22813,1
22814,1
22815,1
22816,0
22817,1
22818,1
22819,1
22820,1
22821,0
22822,0
22823,0
22824,1
22825,1
22826,0
22827,1
22828,1
22829,1
22830,0
22831,0
22832,1
22833,1
22834,1
22835,0
22836,1
22837,1
22838,1
22839,1
22840,1
22841,1
22842,0
22843,1
22844,1
22845,0
22846,1
22847,1
22848,1
22849,0
22850,1
22851,0
22852,1
22853,1
22854,0
22855,1
22856,1
22857,1
22858,0
22859,1
22860,1
22861,1
22862,0
22863,1
22864,1
22865,1
22866,1
22867,0
22868,0
22869,0
22870,0
22871,1
22872,1
22873,0
22874,1
22875,1
22876,1
22877,1
22878,1
22879,1
22880,1
22881,1
22882,0
22883,0
22884,1
22885,0
22886,1
22887,0
22888,0
22889,1
22890,1
22891,1
22892,0
22893,0
22894,0
22895,0
22896,1
22897,1
22898,1
22899,0
22900,1
22901,1
22902,1
22903,1
22904,0
22905,1
22906,1
22907,1
22908,1
22909,1
22910,1
22911,0
22912,1
22913,1
22914,1
22915,0
22916,1
22917,1
22918,1
22919,1
22920,0
22921,1
22922,1
22923,1
22924,1
22925,0
22926,1
22927,1
22928,1
22929,1
22930,0
22931,1
22932,1
22933,0
22934,1
22935,1
22936,1
22937,1
22938,0
22939,1
22940,1
22941,1
22942,1
22943,1
22944,1
22945,1
22946,1
22947,1
22948,1
22949,1
22950,0
22951,0
22952,1
22953,1
22954,1
22955,0
22956,0
22957,0
22958,0
22959,1
22960,0
22961,1
22962,1
22963,1
22964,1
22965,1
22966,1
22967,1
22968,1
22969,0
22970,0
22971,1
22972,0
22973,1
22974,0
22975,1
22976,1
22977,1
22978,1
22979,1
22980,0
22981,1
22982,1
22983,0
22984,1
22985,1
22986,0
22987,1
22988,1
22989,0
22990,0
22991,1
22992,1
22993,1
22994,1
22995,1
22996,1
22997,1
22998,1
22999,1
23000,1
23001,1
23002,0
23003,1
23004,1
23005,1
23006,1
23007,0
23008,1
23009,0
23010,1
23011,1
23012,1
23013,1
23014,0
23015,1
23016,0
23017,1
23018,1
23019,1
23020,0
23021,1
23022,1
23023,1
23024,1
23025,1
23026,0
23027,1
23028,1
23029,0
23030,0
23031,1
23032,1
23033,1
23034,1
23035,0
23036,1
23037,1
23038,1
23039,0
23040,0
23041,1
23042,1
23043,1
23044,0
23045,1
23046,1
23047,1
23048,1
23049,0
23050,1
23051,1
23052,1
23053,0
23054,0
23055,1
23056,1
23057,1
23058,1
23059,1
23060,0
23061,1
23062,1
23063,1
23064,0
23065,1
23066,1
23067,1
23068,1
23069,0
23070,1
23071,0
23072,1
23073,1
23074,1
23075,1
23076,0
23077,1
23078,1
23079,1
23080,0
23081,1
23082,1
23083,1
23084,1
23085,0
23086,1
23087,1
23088,0
23089,1
23090,0
23091,0
23092,1
23093,1
23094,1
23095,1
23096,1
23097,0
23098,0
23099,0
23100,1
23101,0
23102,1
23103,0
23104,1
23105,1
23106,1
23107,1
23108,1
23109,1
23110,1
23111,1
23112,1
23113,1
23114,1
23115,1
23116,1
23117,1
23118,0
23119,0
23120,1
23121,1
23122,1
23123,1
23124,0
23125,0
23126,0
23127,0
23128,0
23129,1
23130,0
23131,1
23132,0
23133,1
23134,0
23135,1
23136,0
23137,1
23138,1
23139,0
23140,1
23141,1
23142,1
23143,1
23144,1
23145,1
23146,1
23147,0
23148,1
23149,0
23150,1
23151,0
23152,0
23153,1
23154,1
23155,1
23156,1
23157,1
23158,1
23159,0
23160,0
23161,1
23162,1
23163,0
23164,1
23165,1
23166,0
23167,1
23168,1
23169,1
23170,1
23171,1
23172,1
23173,1
23174,0
23175,0
23176,1
23177,0
23178,1
23179,1
23180,1
23181,0
23182,0
23183,0
23184,0
23185,1
23186,1
23187,0
23188,1
23189,1
23190,1
23191,1
23192,0
23193,0
23194,0
23195,1
23196,1
23197,1
23198,1
23199,1
23200,1
23201,0
23202,1
23203,1
23204,0
23205,1
23206,1
23207,1
23208,0
23209,0
23210,1
23211,1
23212,0
23213,0
23214,1
23215,1
23216,1
23217,1
23218,1
23219,1
23220,1
23221,1
23222,0
23223,1
23224,1
23225,1
23226,0
23227,1
23228,1
23229,1
23230,1
23231,1
23232,1
23233,1
23234,1
23235,1
23236,0
23237,0
23238,1
23239,0
23240,1
23241,1
23242,1
23243,0
23244,0
23245,1
23246,1
23247,0
23248,0
23249,1
23250,0
23251,1
23252,1
23253,1
23254,0
23255,1
23256,1
23257,1
23258,0
23259,1
23260,1
23261,1
23262,0
23263,1
23264,1
23265,1
23266,1
23267,1
23268,0
23269,0
23270,0
23271,0
23272,1
23273,1
23274,1
23275,1
23276,1
23277,0
23278,1
23279,1
23280,1
23281,1
23282,1
23283,1
23284,1
23285,1
23286,0
23287,1
23288,1
23289,0
23290,1
23291,0
23292,1
23293,1
23294,0
23295,1
23296,1
23297,1
23298,1
23299,1
23300,1
23301,1
23302,0
23303,0
23304,1
23305,0
23306,0
23307,1
23308,1
23309,0
23310,0
23311,0
23312,0
23313,0
23314,0
23315,1
23316,0
23317,1
23318,1
23319,1
23320,1
23321,0
23322,1
23323,0
23324,0
23325,0
23326,1
23327,1
23328,1
23329,1
23330,1
23331,1
23332,1
23333,0
23334,1
23335,1
23336,0
23337,0
23338,0
23339,1
23340,1
23341,1
23342,0
23343,1
23344,0
23345,1
23346,0
23347,1
23348,1
23349,1
23350,0
23351,1
23352,1
23353,1
23354,1
23355,1
23356,1
23357,1
23358,1
23359,1
23360,1
23361,1
23362,1
23363,0
23364,1
23365,0
23366,1
23367,1
23368,1
23369,1
23370,0
23371,1
23372,1
23373,0
23374,1
23375,0
23376,1
23377,0
23378,0
23379,0
23380,1
23381,1
23382,0
23383,1
23384,0
23385,0
23386,0
23387,1
23388,1
23389,1
23390,1
23391,0
23392,1
23393,1
23394,0
23395,1
23396,1
23397,1
23398,0
23399,0
23400,1
23401,1
23402,1
23403,1
23404,0
23405,1
23406,0
23407,0
23408,1
23409,0
23410,1
23411,0
23412,1
23413,1
23414,0
23415,0
23416,1
23417,1
23418,1
23419,1
23420,0
23421,1
23422,0
23423,1
23424,0
23425,0
23426,0
23427,0
23428,1
23429,1
23430,0
23431,0
23432,0
23433,1
23434,1
23435,1
23436,0
23437,0
23438,1
23439,1
23440,0
23441,1
23442,1
23443,1
23444,1
23445,1
23446,1
23447,1
23448,0
23449,0
23450,0
23451,1
23452,1
23453,1
23454,0
23455,0
23456,1
23457,1
23458,1
23459,1
23460,1
23461,1
23462,1
23463,1
23464,1
23465,0
23466,1
23467,1
23468,1
23469,0
23470,1
23471,1
23472,1
23473,1
23474,1
23475,0
23476,0
23477,1
23478,0
23479,1
23480,1
23481,1
23482,1
23483,1
23484,1
23485,1
23486,1
23487,1
23488,1
23489,1
23490,0
23491,1
23492,0
23493,1
23494,1
23495,1
23496,0
23497,0
23498,1
23499,1
23500,1
23501,1
23502,0
23503,1
23504,1
23505,1
23506,0
23507,1
23508,0
23509,0
23510,0
23511,1
23512,1
23513,1
23514,1
23515,1
23516,1
23517,1
23518,0
23519,1
23520,1
23521,0
23522,0
23523,1
23524,1
23525,1
23526,1
23527,1
23528,1
23529,1
23530,1
23531,0
23532,0
23533,1
23534,0
23535,0
23536,1
23537,1
23538,1
23539,1
23540,1
23541,1
23542,0
23543,1
23544,1
23545,1
23546,1
23547,1
23548,1
23549,1
23550,1
23551,1
23552,1
23553,1
23554,1
23555,1
23556,1
23557,1
23558,0
23559,1
23560,1
23561,1
23562,0
23563,0
23564,1
23565,0
23566,1
23567,1
23568,0
23569,0
23570,1
23571,1
23572,1
23573,1
23574,0
23575,0
23576,1
23577,1
23578,1
23579,1
23580,1
23581,0
23582,1
23583,1
23584,0
23585,1
23586,1
23587,1
23588,1
23589,1
23590,1
23591,0
23592,1
23593,0
23594,1
23595,1
23596,0
23597,1
23598,1
23599,1
23600,1
23601,1
23602,1
23603,1
23604,0
23605,0
23606,1
23607,1
23608,0
23609,0
23610,1
23611,1
23612,1
23613,1
23614,1
23615,0
23616,0
23617,1
23618,0
23619,1
23620,0
23621,1
23622,0
23623,1
23624,0
23625,1
23626,1
23627,0
23628,1
23629,1
23630,0
23631,1
23632,0
23633,0
23634,1
23635,0
23636,1
23637,1
23638,1
23639,1
23640,1
23641,0
23642,0
23643,0
23644,1
23645,1
23646,1
23647,1
23648,0
23649,0
23650,1
23651,1
23652,1
23653,0
23654,1
23655,1
23656,1
23657,1
23658,1
23659,0
23660,1
23661,0
23662,1
23663,1
23664,0
23665,1
23666,1
23667,1
23668,0
23669,1
23670,1
23671,1
23672,0
23673,1
23674,1
23675,0
23676,1
23677,0
23678,1
23679,1
23680,1
23681,1
23682,0
23683,0
23684,1
23685,0
23686,1
23687,0
23688,1
23689,0
23690,1
23691,1
23692,1
23693,1
23694,0
23695,0
23696,1
23697,1
23698,1
23699,1
23700,0
23701,1
23702,1
23703,1
23704,0
23705,1
23706,1
23707,1
23708,1
23709,1
23710,1
23711,1
23712,1
23713,1
23714,1
23715,1
23716,1
23717,1
23718,1
23719,0
23720,1
23721,1
23722,1
23723,1
23724,0
23725,1
23726,1
23727,1
23728,1
23729,0
23730,0
23731,1
23732,1
23733,1
23734,1
23735,1
23736,1
23737,0
23738,0
23739,1
23740,0
23741,0
23742,1
23743,0
23744,1
23745,0
23746,0
23747,0
23748,0
23749,0
23750,1
23751,1
23752,1
23753,1
23754,0
23755,1
23756,0
23757,1
23758,0
23759,0
23760,0
23761,0
23762,0
23763,1
23764,1
23765,1
23766,1
23767,1
23768,1
23769,1
23770,1
23771,0
23772,0
23773,1
23774,1
23775,1
23776,1
23777,0
23778,1
23779,1
23780,0
23781,1
23782,0
23783,1
23784,1
23785,1
23786,1
23787,0
23788,1
23789,1
23790,0
23791,1
23792,0
23793,1
23794,0
23795,0
23796,1
23797,1
23798,1
23799,1
23800,0
23801,1
23802,1
23803,1
23804,1
23805,1
23806,1
23807,1
23808,1
23809,0
23810,1
23811,1
23812,1
23813,1
23814,1
23815,1
23816,0
23817,1
23818,1
23819,0
23820,1
23821,1
23822,0
23823,1
23824,1
23825,1
23826,1
23827,1
23828,1
23829,1
23830,1
23831,1
23832,1
23833,1
23834,1
23835,1
23836,1
23837,1
23838,1
23839,1
23840,0
23841,0
23842,0
23843,1
23844,0
23845,1
23846,1
23847,1
23848,1
23849,1
23850,1
23851,1
23852,1
23853,1
23854,1
23855,0
23856,1
23857,1
23858,0
23859,1
23860,1
23861,1
23862,1
23863,1
23864,1
23865,1
23866,1
23867,1
23868,1
23869,0
23870,1
23871,1
23872,1
23873,1
23874,0
23875,1
23876,1
23877,0
23878,1
23879,0
23880,1
23881,1
23882,0
23883,1
23884,1
23885,1
23886,0
23887,0
23888,0
23889,1
23890,0
23891,1
23892,1
23893,1
23894,0
23895,1
23896,1
23897,1
23898,0
23899,1
23900,1
23901,0
23902,0
23903,0
23904,0
23905,1
23906,0
23907,0
23908,0
23909,1
23910,0
23911,0
23912,1
23913,0
23914,0
23915,1
23916,0
23917,1
23918,0
23919,1
23920,1
23921,1
23922,1
23923,0
23924,1
23925,1
23926,1
23927,1
23928,1
23929,1
23930,0
23931,0
23932,1
23933,0
23934,1
23935,1
23936,1
23937,1
23938,1
23939,1
23940,1
23941,1
23942,1
23943,1
23944,0
23945,1
23946,1
23947,1
23948,0
23949,1
23950,1
23951,1
23952,0
23953,0
23954,1
23955,1
23956,1
23957,1
23958,1
23959,1
23960,1
23961,0
23962,0
23963,1
23964,1
23965,1
23966,1
23967,1
23968,0
23969,1
23970,1
23971,1
23972,1
23973,1
23974,0
23975,1
23976,1
23977,1
23978,1
23979,1
23980,1
23981,1
23982,1
23983,0
23984,1
23985,1
23986,1
23987,0
23988,1
23989,1
23990,1
23991,1
23992,1
23993,1
23994,1
23995,1
23996,0
23997,1
23998,1
23999,1
24000,1
24001,1
24002,1
24003,0
24004,0
24005,1
24006,1
24007,1
24008,0
24009,1
24010,1
24011,0
24012,1
24013,1
24014,1
24015,1
24016,1
24017,0
24018,1
24019,1
24020,1
24021,1
24022,1
24023,1
24024,1
24025,0
24026,0
24027,1
24028,1
24029,1
24030,1
24031,1
24032,1
24033,1
24034,0
24035,1
24036,1
24037,1
24038,1
24039,1
24040,1
24041,1
24042,1
24043,0
24044,1
24045,0
24046,0
24047,1
24048,1
24049,1
24050,0
24051,1
24052,1
24053,1
24054,0
24055,1
24056,0
24057,1
24058,1
24059,1
24060,0
24061,1
24062,1
24063,1
24064,1
24065,1
24066,1
24067,0
24068,1
24069,1
24070,0
24071,0
24072,0
24073,1
24074,1
24075,1
24076,1
24077,1
24078,0
24079,0
24080,1
24081,1
24082,0
24083,0
24084,1
24085,0
24086,0
24087,1
24088,0
24089,0
24090,0
24091,1
24092,0
24093,1
24094,1
24095,1
24096,1
24097,0
24098,1
24099,1
24100,1
24101,1
24102,1
24103,1
24104,1
24105,0
24106,1
24107,1
24108,1
24109,1
24110,0
24111,0
24112,1
24113,1
24114,1
24115,0
24116,1
24117,1
24118,1
24119,1
24120,1
24121,1
24122,1
24123,1
24124,1
24125,0
24126,1
24127,0
24128,0
24129,1
24130,1
24131,1
24132,1
24133,0
24134,0
24135,1
24136,1
24137,0
24138,1
24139,1
24140,1
24141,0
24142,1
24143,1
24144,1
24145,0
24146,1
24147,1
24148,1
24149,0
24150,1
24151,1
24152,1
24153,1
24154,0
24155,1
24156,1
24157,1
24158,1
24159,1
24160,0
24161,1
24162,1
24163,1
24164,0
24165,1
24166,0
24167,1
24168,1
24169,1
24170,1
24171,0
24172,1
24173,1
24174,1
24175,1
24176,1
24177,1
24178,0
24179,1
24180,0
24181,1
24182,0
24183,0
24184,1
24185,1
24186,0
24187,0
24188,1
24189,1
24190,1
24191,0
24192,1
24193,0
24194,1
24195,1
24196,0
24197,1
24198,1
24199,1
24200,1
24201,1
24202,1
24203,1
24204,1
24205,0
24206,0
24207,1
24208,1
24209,1
24210,0
24211,1
24212,0
24213,1
24214,1
24215,1
24216,0
24217,0
24218,1
24219,1
24220,0
24221,1
24222,0
24223,0
24224,1
24225,1
24226,1
24227,1
24228,1
24229,1
24230,1
24231,1
24232,0
24233,1
24234,1
24235,1
24236,1
24237,1
24238,1
24239,1
24240,1
24241,1
24242,0
24243,0
24244,1
24245,0
24246,1
24247,0
24248,1
24249,1
24250,1
24251,1
24252,1
24253,1
24254,1
24255,0
24256,1
24257,0
24258,1
24259,1
24260,1
24261,0
24262,1
24263,1
24264,1
24265,0
24266,1
24267,0
24268,0
24269,0
24270,0
24271,0
24272,1
24273,1
24274,1
24275,1
24276,0
24277,1
24278,1
24279,1
24280,1
24281,1
24282,1
24283,1
24284,0
24285,1
24286,1
24287,0
24288,1
24289,1
24290,1
24291,0
24292,1
24293,0
24294,1
24295,1
24296,1
24297,1
24298,1
24299,0
24300,0
24301,0
24302,1
24303,0
24304,1
24305,1
24306,1
24307,1
24308,1
24309,1
24310,1
24311,1
24312,1
24313,0
24314,0
24315,1
24316,1
24317,0
24318,1
24319,1
24320,1
24321,1
24322,0
24323,0
24324,1
24325,1
24326,1
24327,1
24328,1
24329,0
24330,0
24331,1
24332,0
24333,1
24334,1
24335,0
24336,1
24337,1
24338,1
24339,1
24340,1
24341,0
24342,1
24343,0
24344,1
24345,0
24346,0
24347,1
24348,0
24349,0
24350,0
24351,0
24352,1
24353,1
24354,1
24355,0
24356,1
24357,1
24358,1
24359,1
24360,0
24361,1
24362,0
24363,1
24364,1
24365,0
24366,0
24367,1
24368,0
24369,1
24370,1
24371,1
24372,1
24373,1
24374,1
24375,1
24376,1
24377,0
24378,1
24379,1
24380,1
24381,0
24382,0
24383,1
24384,0
24385,0
24386,1
24387,1
24388,0
24389,1
24390,1
24391,1
24392,0
24393,1
24394,0
24395,1
24396,0
24397,0
24398,0
24399,1
24400,1
24401,1
24402,0
24403,1
24404,1
24405,0
24406,1
24407,1
24408,1
24409,1
24410,0
24411,1
24412,1
24413,0
24414,1
24415,0
24416,1
24417,0
24418,1
24419,1
24420,1
24421,1
24422,1
24423,1
24424,0
24425,1
24426,1
24427,0
24428,1
24429,1
24430,1
24431,0
24432,1
24433,0
24434,1
24435,0
24436,1
24437,1
24438,1
24439,1
24440,0
24441,1
24442,1
24443,1
24444,0
24445,1
24446,1
24447,1
24448,1
24449,0
24450,1
24451,1
24452,1
24453,1
24454,1
24455,0
24456,1
24457,0
24458,1
24459,1
24460,1
24461,1
24462,0
24463,1
24464,1
24465,1
24466,1
24467,1
24468,1
24469,0
24470,1
24471,1
24472,1
24473,1
24474,0
24475,0
24476,1
24477,1
24478,1
24479,0
24480,1
24481,1
24482,1
24483,0
24484,1
24485,1
24486,1
24487,1
24488,1
24489,1
24490,1
24491,0
24492,1
24493,1
24494,1
24495,0
24496,0
24497,0
24498,0
24499,0
24500,1
24501,1
24502,1
24503,1
24504,1
24505,1
24506,1
24507,1
24508,1
24509,1
24510,1
24511,1
24512,1
24513,0
24514,0
24515,1
24516,1
24517,1
24518,1
24519,1
24520,1
24521,1
24522,1
24523,0
24524,1
24525,0
24526,1
24527,0
24528,0
24529,0
24530,1
24531,0
24532,0
24533,1
24534,1
24535,0
24536,1
24537,1
24538,1
24539,1
24540,1
24541,0
24542,1
24543,1
24544,1
24545,0
24546,0
24547,1
24548,1
24549,0
24550,1
24551,0
24552,1
24553,0
24554,1
24555,1
24556,1
24557,0
24558,0
24559,1
24560,1
24561,1
24562,1
24563,1
24564,1
24565,0
24566,1
24567,1
24568,0
24569,1
24570,1
24571,1
24572,1
24573,0
24574,0
24575,1
24576,1
24577,0
24578,1
24579,1
24580,1
24581,1
24582,1
24583,0
24584,1
24585,1
24586,1
24587,1
24588,1
24589,0
24590,1
24591,1
24592,1
24593,0
24594,1
24595,1
24596,1
24597,1
24598,1
24599,0
24600,0
24601,1
24602,1
24603,1
24604,1
24605,1
24606,0
24607,0
24608,0
24609,0
24610,1
24611,0
24612,1
24613,1
24614,1
24615,1
24616,0
24617,1
24618,1
24619,1
24620,1
24621,1
24622,0
24623,1
24624,1
24625,0
24626,1
24627,1
24628,0
24629,0
24630,1
24631,1
24632,1
24633,1
24634,1
24635,0
24636,1
24637,1
24638,0
24639,1
24640,1
24641,1
24642,1
24643,1
24644,1
24645,1
24646,0
24647,1
24648,1
24649,0
24650,0
24651,0
24652,0
24653,0
24654,1
24655,0
24656,0
24657,0
24658,1
24659,0
24660,0
24661,0
24662,1
24663,1
24664,1
24665,0
24666,1
24667,0
24668,0
24669,1
24670,0
24671,1
24672,0
24673,0
24674,1
24675,1
24676,1
24677,1
24678,1
24679,1
24680,1
24681,1
24682,1
24683,1
24684,1
24685,0
24686,1
24687,0
24688,1
24689,1
24690,1
24691,1
24692,1
24693,1
24694,0
24695,1
24696,1
24697,0
24698,1
24699,0
24700,1
24701,1
24702,1
24703,0
24704,1
24705,0
24706,1
24707,1
24708,0
24709,1
24710,0
24711,0
24712,1
24713,0
24714,1
24715,1
24716,0
24717,1
24718,1
24719,0
24720,1
24721,0
24722,1
24723,0
24724,1
24725,0
24726,1
24727,1
24728,1
24729,0
24730,1
24731,1
24732,1
24733,1
24734,1
24735,1
24736,1
24737,0
24738,1
24739,0
24740,1
24741,1
24742,0
24743,1
24744,1
24745,1
24746,1
24747,1
24748,1
24749,1
24750,1
24751,1
24752,1
24753,0
24754,0
24755,1
24756,1
24757,0
24758,0
24759,0
24760,1
24761,1
24762,1
24763,1
24764,0
24765,1
24766,1
24767,1
24768,1
24769,1
24770,1
24771,1
24772,0
24773,1
24774,1
24775,1
24776,1
24777,1
24778,1
24779,1
24780,1
24781,1
24782,1
24783,1
24784,1
24785,0
24786,1
24787,0
24788,1
24789,0
24790,0
24791,1
24792,1
24793,1
24794,1
24795,0
24796,1
24797,0
24798,0
24799,1
24800,1
24801,1
24802,0
24803,1
24804,1
24805,0
24806,1
24807,1
24808,0
24809,1
24810,0
24811,1
24812,0
24813,1
24814,0
24815,1
24816,1
24817,1
24818,0
24819,0
24820,1
24821,0
24822,0
24823,0
24824,1
24825,1
24826,0
24827,1
24828,1
24829,1
24830,1
24831,1
24832,1
24833,1
24834,1
24835,0
24836,1
24837,0
24838,1
24839,0
24840,0
24841,1
24842,0
24843,1
24844,1
24845,1
24846,1
24847,1
24848,1
24849,1
24850,0
24851,1
24852,1
24853,1
24854,1
24855,1
24856,1
24857,1
24858,1
24859,1
24860,1
24861,1
24862,1
24863,1
24864,0
24865,1
24866,1
24867,1
24868,0
24869,1
24870,0
24871,1
24872,1
24873,1
24874,1
24875,1
24876,1
24877,0
24878,1
24879,1
24880,1
24881,1
24882,1
24883,0
24884,1
24885,1
24886,0
24887,1
24888,0
24889,1
24890,0
24891,1
24892,0
24893,1
24894,1
24895,1
24896,0
24897,1
24898,0
24899,0
24900,1
24901,1
24902,1
24903,1
24904,1
24905,1
24906,0
24907,1
24908,1
24909,1
24910,1
24911,1
24912,1
24913,0
24914,1
24915,0
24916,0
24917,0
24918,1
24919,1
24920,1
24921,0
24922,1
24923,1
24924,1
24925,1
24926,0
24927,1
24928,1
24929,1
24930,1
24931,1
24932,0
24933,0
24934,1
24935,1
24936,1
24937,1
24938,1
24939,1
24940,0
24941,0
24942,1
24943,1
24944,1
24945,1
24946,0
24947,0
24948,1
24949,1
24950,1
24951,1
24952,1
24953,0
24954,0
24955,1
24956,1
24957,0
24958,0
24959,1
24960,0
24961,1
24962,1
24963,0
24964,1
24965,1
24966,0
24967,1
24968,1
24969,1
24970,0
24971,0
24972,0
24973,1
24974,1
24975,1
24976,1
24977,1
24978,1
24979,1
24980,1
24981,0
24982,1
24983,1
24984,0
24985,1
24986,1
24987,0
24988,1
24989,0
24990,1
24991,1
24992,0
24993,1
24994,1
24995,1
24996,1
24997,1
24998,1
24999,0
25000,1
25001,0
25002,0
25003,1
25004,0
25005,1
25006,1
25007,1
25008,0
25009,0
25010,0
25011,1
25012,1
25013,0
25014,1
25015,0
25016,1
25017,0
25018,0
25019,1
25020,1
25021,1
25022,1
25023,1
25024,1
25025,1
25026,1
25027,0
25028,0
25029,1
25030,1
25031,0
25032,1
25033,1
25034,1
25035,1
25036,0
25037,1
25038,1
25039,1
25040,1
25041,1
25042,1
25043,0
25044,0
25045,0
25046,1
25047,0
25048,1
25049,1
25050,1
25051,1
25052,0
25053,1
25054,1
25055,1
25056,1
25057,0
25058,1
25059,1
25060,0
25061,1
25062,1
25063,1
25064,0
25065,1
25066,0
25067,1
25068,1
25069,0
25070,0
25071,1
25072,1
25073,1
25074,1
25075,1
25076,1
25077,1
25078,1
25079,1
25080,0
25081,1
25082,1
25083,1
25084,0
25085,1
25086,1
25087,0
25088,0
25089,1
25090,1
25091,0
25092,1
25093,0
25094,0
25095,0
25096,1
25097,1
25098,1
25099,1
25100,1
25101,1
25102,0
25103,0
25104,0
25105,1
25106,1
25107,1
25108,0
25109,1
25110,1
25111,0
25112,1
25113,1
25114,1
25115,1
25116,1
25117,1
25118,1
25119,0
25120,1
25121,1
25122,1
25123,1
25124,1
25125,1
25126,1
25127,0
25128,0
25129,1
25130,1
25131,1
25132,0
25133,1
25134,1
25135,1
25136,1
25137,1
25138,1
25139,1
25140,1
25141,0
25142,1
25143,1
25144,1
25145,1
25146,0
25147,1
25148,0
25149,1
25150,1
25151,1
25152,0
25153,1
25154,1
25155,0
25156,0
25157,0
25158,1
25159,1
25160,1
25161,1
25162,1
25163,1
25164,1
25165,1
25166,0
25167,1
25168,1
25169,0
25170,0
25171,1
25172,0
25173,1
25174,0
25175,0
25176,1
25177,1
25178,1
25179,1
25180,1
25181,1
25182,1
25183,0
25184,1
25185,1
25186,1
25187,1
25188,1
25189,1
25190,1
25191,0
25192,1
25193,1
25194,1
25195,0
25196,1
25197,1
25198,1
25199,0
25200,1
25201,1
25202,1
25203,0
25204,1
25205,0
25206,1
25207,1
25208,1
25209,1
25210,1
25211,1
25212,1
25213,1
25214,0
25215,1
25216,1
25217,0
25218,1
25219,1
25220,1
25221,1
25222,1
25223,0
25224,1
25225,1
25226,1
25227,0
25228,1
25229,0
25230,1
25231,1
25232,0
25233,1
25234,1
25235,0
25236,0
25237,1
25238,1
25239,1
25240,0
25241,1
25242,1
25243,1
25244,1
25245,1
25246,1
25247,0
25248,1
25249,1
25250,1
25251,0
25252,0
25253,1
25254,0
25255,0
25256,1
25257,1
25258,1
25259,0
25260,0
25261,1
25262,1
25263,1
25264,1
25265,1
25266,0
25267,1
25268,1
25269,1
25270,0
25271,1
25272,0
25273,1
25274,1
25275,0
25276,1
25277,1
25278,1
25279,1
25280,1
25281,0
25282,1
25283,1
25284,1
25285,1
25286,0
25287,1
25288,1
25289,1
25290,0
25291,0
25292,1
25293,1
25294,1
25295,1
25296,0
25297,1
25298,0
25299,0
25300,1
25301,0
25302,1
25303,1
25304,1
25305,1
25306,0
25307,1
25308,1
25309,0
25310,0
25311,1
25312,0
25313,1
25314,1
25315,1
25316,0
25317,1
25318,1
25319,0
25320,1
25321,1
25322,0
25323,1
25324,0
25325,1
25326,1
25327,1
25328,0
25329,0
25330,1
25331,1
25332,0
25333,1
25334,1
25335,1
25336,1
25337,1
25338,1
25339,1
25340,1
25341,1
25342,1
25343,1
25344,1
25345,1
25346,1
25347,0
25348,1
25349,0
25350,0
25351,1
25352,1
25353,1
25354,1
25355,0
25356,0
25357,0
25358,1
25359,0
25360,0
25361,1
25362,1
25363,0
25364,1
25365,1
25366,1
25367,1
25368,0
25369,0
25370,0
25371,0
25372,1
25373,1
25374,1
25375,1
25376,1
25377,0
25378,1
25379,1
25380,1
25381,1
25382,1
25383,1
25384,0
25385,1
25386,1
25387,1
25388,0
25389,0
25390,1
25391,1
25392,1
25393,1
25394,1
25395,0
25396,0
25397,1
25398,1
25399,1
25400,0
25401,1
25402,0
25403,1
25404,1
25405,1
25406,1
25407,1
25408,0
25409,1
25410,1
25411,1
25412,0
25413,0
25414,0
25415,1
25416,0
25417,1
25418,0
25419,1
25420,1
25421,1
25422,1
25423,0
25424,1
25425,1
25426,1
25427,1
25428,1
25429,1
25430,1
25431,1
25432,1
25433,1
25434,1
25435,1
25436,0
25437,1
25438,1
25439,1
25440,1
25441,1
25442,0
25443,1
25444,0
25445,1
25446,0
25447,1
25448,1
25449,0
25450,1
25451,1
25452,1
25453,1
25454,1
25455,1
25456,0
25457,0
25458,0
25459,1
25460,1
25461,0
25462,1
25463,0
25464,1
25465,1
25466,1
25467,1
25468,0
25469,0
25470,1
25471,0
25472,1
25473,0
25474,1
25475,1
25476,1
25477,1
25478,0
25479,1
25480,1
25481,1
25482,1
25483,1
25484,1
25485,1
25486,0
25487,0
25488,1
25489,1
25490,1
25491,1
25492,1
25493,1
25494,1
25495,1
25496,1
25497,0
25498,0
25499,0
25500,1
25501,1
25502,1
25503,0
25504,0
25505,1
25506,1
25507,1
25508,0
25509,1
25510,1
25511,1
25512,1
25513,1
25514,1
25515,1
25516,1
25517,1
25518,1
25519,0
25520,1
25521,1
25522,1
25523,1
25524,1
25525,1
25526,1
25527,1
25528,0
25529,0
25530,1
25531,1
25532,0
25533,0
25534,1
25535,1
25536,0
25537,0
25538,1
25539,0
25540,1
25541,1
25542,1
25543,1
25544,1
25545,0
25546,0
25547,0
25548,1
25549,0
25550,1
25551,0
25552,1
25553,0
25554,0
25555,1
25556,1
25557,1
25558,1
25559,1
25560,0
25561,1
25562,1
25563,1
25564,1
25565,1
25566,1
25567,1
25568,1
25569,0
25570,1
25571,1
25572,1
25573,1
25574,0
25575,0
25576,0
25577,1
25578,1
25579,1
25580,0
25581,0
25582,1
25583,1
25584,1
25585,0
25586,1
25587,1
25588,1
25589,0
25590,1
25591,1
25592,1
25593,0
25594,0
25595,0
25596,0
25597,1
25598,1
25599,1
25600,0
25601,1
25602,1
25603,0
25604,1
25605,0
25606,1
25607,1
25608,1
25609,1
25610,1
25611,1
25612,0
25613,1
25614,1
25615,1
25616,1
25617,0
25618,1
25619,1
25620,0
25621,0
25622,1
25623,1
25624,0
25625,1
25626,1
25627,0
25628,0
25629,1
25630,0
25631,1
25632,1
25633,0
25634,1
25635,0
25636,0
25637,1
25638,1
25639,0
25640,1
25641,1
25642,1
25643,1
25644,1
25645,0
25646,1
25647,1
25648,1
25649,1
25650,1
25651,0
25652,0
25653,0
25654,1
25655,0
25656,1
25657,1
25658,0
25659,1
25660,1
25661,0
25662,0
25663,1
25664,1
25665,1
25666,1
25667,0
25668,0
25669,1
25670,1
25671,1
25672,1
25673,1
25674,1
25675,1
25676,1
25677,0
25678,1
25679,1
25680,0
25681,1
25682,0
25683,1
25684,1
25685,1
25686,0
25687,1
25688,1
25689,0
25690,0
25691,1
25692,0
25693,1
25694,1
25695,1
25696,1
25697,1
25698,1
25699,1
25700,1
25701,1
25702,1
25703,0
25704,1
25705,1
25706,1
25707,1
25708,1
25709,1
25710,1
25711,0
25712,1
25713,1
25714,1
25715,1
25716,1
25717,1
25718,0
25719,0
25720,1
25721,1
25722,1
25723,1
25724,1
25725,1
25726,1
25727,1
25728,1
25729,1
25730,1
25731,0
25732,1
25733,0
25734,1
25735,1
25736,0
25737,1
25738,0
25739,0
25740,1
25741,1
25742,0
25743,0
25744,1
25745,1
25746,1
25747,1
25748,1
25749,1
25750,1
25751,0
25752,0
25753,1
25754,1
25755,1
25756,0
25757,1
25758,1
25759,1
25760,0
25761,0
25762,1
25763,1
25764,0
25765,1
25766,1
25767,1
25768,1
25769,1
25770,1
25771,1
25772,1
25773,0
25774,1
25775,0
25776,1
25777,1
25778,1
25779,0
25780,1
25781,1
25782,1
25783,1
25784,1
25785,0
25786,1
25787,1
25788,1
25789,1
25790,1
25791,0
25792,0
25793,1
25794,1
25795,0
25796,0
25797,1
25798,0
25799,0
25800,1
25801,0
25802,1
25803,1
25804,0
25805,0
25806,1
25807,1
25808,1
25809,1
25810,0
25811,1
25812,1
25813,1
25814,1
25815,1
25816,0
25817,1
25818,1
25819,0
25820,0
25821,1
25822,1
25823,1
25824,1
25825,1
25826,1
25827,0
25828,0
25829,1
25830,0
25831,1
25832,1
25833,1
25834,1
25835,1
25836,0
25837,1
25838,1
25839,0
25840,0
25841,0
25842,1
25843,1
25844,0
25845,0
25846,1
25847,1
25848,1
25849,1
25850,1
25851,1
25852,1
25853,1
25854,1
25855,0
25856,1
25857,0
25858,0
25859,1
25860,1
25861,1
25862,1
25863,1
25864,1
25865,0
25866,1
25867,1
25868,1
25869,1
25870,1
25871,0
25872,1
25873,1
25874,1
25875,0
25876,1
25877,1
25878,1
25879,1
25880,1
25881,1
25882,1
25883,1
25884,1
25885,1
25886,0
25887,1
25888,0
25889,0
25890,0
25891,1
25892,1
25893,1
25894,0
25895,1
25896,0
25897,1
25898,1
25899,1
25900,1
25901,1
25902,1
25903,1
25904,0
25905,1
25906,1
25907,0
25908,1
25909,1
25910,0
25911,1
25912,0
25913,0
25914,1
25915,1
25916,1
25917,0
25918,1
25919,0
25920,0
25921,1
25922,0
25923,1
25924,1
25925,1
25926,0
25927,1
25928,1
25929,1
25930,1
25931,1
25932,1
25933,1
25934,1
25935,0
25936,0
25937,0
25938,0
25939,1
25940,0
25941,1
25942,1
25943,0
25944,1
25945,0
25946,1
25947,0
25948,1
25949,0
25950,1
25951,0
25952,1
25953,0
25954,1
25955,1
25956,0
25957,1
25958,1
25959,0
25960,0
25961,0
25962,1
25963,1
25964,1
25965,1
25966,1
25967,1
25968,1
25969,1
25970,0
25971,0
25972,0
25973,0
25974,1
25975,1
25976,1
25977,0
25978,1
25979,1
25980,1
25981,1
25982,1
25983,1
25984,1
25985,0
25986,1
25987,1
25988,0
25989,1
25990,1
25991,0
25992,1
25993,0
25994,0
25995,1
25996,0
25997,0
25998,0
25999,1
26000,0
26001,1
26002,0
26003,1
26004,1
26005,1
26006,1
26007,1
26008,1
26009,1
26010,0
26011,0
26012,1
26013,1
26014,1
26015,1
26016,1
26017,1
26018,0
26019,1
26020,1
26021,1
26022,1
26023,1
26024,1
26025,1
26026,1
26027,1
26028,1
26029,0
26030,0
26031,1
26032,1
26033,0
26034,0
26035,1
26036,1
26037,0
26038,1
26039,0
26040,1
26041,0
26042,1
26043,1
26044,1
26045,1
26046,1
26047,0
26048,0
26049,1
26050,0
26051,0
26052,1
26053,0
26054,1
26055,1
26056,1
26057,1
26058,0
26059,0
26060,0
26061,1
26062,1
26063,0
26064,0
26065,1
26066,0
26067,1
26068,1
26069,1
26070,0
26071,1
26072,0
26073,1
26074,1
26075,1
26076,0
26077,1
26078,1
26079,0
26080,1
26081,1
26082,1
26083,1
26084,1
26085,1
26086,0
26087,1
26088,1
26089,1
26090,1
26091,1
26092,1
26093,0
26094,1
26095,0
26096,1
26097,1
26098,1
26099,1
26100,1
26101,0
26102,0
26103,1
26104,0
26105,0
26106,1
26107,1
26108,1
26109,1
26110,1
26111,1
26112,1
26113,1
26114,1
26115,1
26116,1
26117,1
26118,1
26119,1
26120,1
26121,0
26122,1
26123,1
26124,0
26125,0
26126,1
26127,0
26128,0
26129,1
26130,1
26131,0
26132,1
26133,1
26134,1
26135,1
26136,0
26137,1
26138,0
26139,0
26140,1
26141,1
26142,1
26143,1
26144,1
26145,1
26146,1
26147,1
26148,0
26149,0
26150,1
26151,1
26152,0
26153,1
26154,0
26155,1
26156,1
26157,0
26158,1
26159,1
26160,1
26161,0
26162,1
26163,1
26164,1
26165,0
26166,1
26167,1
26168,0
26169,1
26170,1
26171,0
26172,1
26173,0
26174,1
26175,1
26176,0
26177,1
26178,1
26179,0
26180,1
26181,1
26182,0
26183,0
26184,1
26185,1
26186,0
26187,1
26188,1
26189,1
26190,0
26191,1
26192,0
26193,1
26194,1
26195,1
26196,1
26197,1
26198,0
26199,1
26200,1
26201,1
26202,1
26203,1
26204,1
26205,1
26206,1
26207,0
26208,1
26209,1
26210,1
26211,0
26212,1
26213,1
26214,1
26215,0
26216,0
26217,1
26218,1
26219,1
26220,0
26221,1
26222,1
26223,1
26224,1
26225,1
26226,1
26227,1
26228,1
26229,0
26230,0
26231,1
26232,1
26233,1
26234,1
26235,0
26236,1
26237,0
26238,1
26239,0
26240,0
26241,1
26242,1
26243,1
26244,1
26245,1
26246,0
26247,1
26248,1
26249,1
26250,0
26251,1
26252,0
26253,1
26254,0
26255,1
26256,1
26257,1
26258,0
26259,1
26260,1
26261,1
26262,1
26263,1
26264,1
26265,1
26266,1
26267,1
26268,1
26269,0
26270,0
26271,1
26272,1
26273,1
26274,1
26275,1
26276,0
26277,1
26278,1
26279,1
26280,0
26281,0
26282,1
26283,0
26284,1
26285,1
26286,1
26287,1
26288,1
26289,1
26290,1
26291,1
26292,1
26293,1
26294,1
26295,1
26296,1
26297,0
26298,1
26299,0
26300,1
26301,0
26302,1
26303,1
26304,1
26305,1
26306,1
26307,0
26308,0
26309,1
26310,0
26311,1
26312,1
26313,1
26314,1
26315,1
26316,1
26317,1
26318,1
26319,1
26320,1
26321,0
26322,1
26323,1
26324,1
26325,1
26326,1
26327,1
26328,1
26329,0
26330,1
26331,0
26332,1
26333,1
26334,1
26335,1
26336,1
26337,1
26338,1
26339,1
26340,1
26341,1
26342,1
26343,1
26344,1
26345,1
26346,1
26347,0
26348,1
26349,0
26350,1
26351,1
26352,1
26353,0
26354,1
26355,1
26356,0
26357,1
26358,1
26359,1
26360,1
26361,1
26362,0
26363,0
26364,1
26365,0
26366,0
26367,1
26368,1
26369,1
26370,1
26371,1
26372,1
26373,1
26374,1
26375,1
26376,0
26377,1
26378,0
26379,1
26380,0
26381,1
26382,0
26383,1
26384,1
26385,1
26386,1
26387,1
26388,1
26389,1
26390,0
26391,0
26392,0
26393,0
26394,1
26395,1
26396,1
26397,1
26398,1
26399,0
26400,1
26401,1
26402,1
26403,1
26404,1
26405,1
26406,1
26407,1
26408,1
26409,0
26410,0
26411,1
26412,1
26413,1
26414,1
26415,1
26416,0
26417,1
26418,1
26419,0
26420,0
26421,1
26422,1
26423,1
26424,0
26425,0
26426,0
26427,1
26428,1
26429,0
26430,1
26431,1
26432,1
26433,0
26434,1
26435,0
26436,1
26437,1
26438,0
26439,0
26440,1
26441,1
26442,0
26443,1
26444,1
26445,1
26446,0
26447,1
26448,0
26449,1
26450,1
26451,1
26452,1
26453,1
26454,1
26455,0
26456,0
26457,0
26458,1
26459,1
26460,1
26461,1
26462,1
26463,1
26464,0
26465,0
26466,1
26467,1
26468,0
26469,1
26470,1
26471,1
26472,1
26473,0
26474,1
26475,0
26476,1
26477,1
26478,0
26479,1
26480,1
26481,1
26482,1
26483,1
26484,0
26485,0
26486,1
26487,1
26488,0
26489,1
26490,0
26491,1
26492,1
26493,1
26494,1
26495,0
26496,1
26497,0
26498,1
26499,0
26500,1
26501,0
26502,0
26503,0
26504,0
26505,1
26506,0
26507,1
26508,0
26509,0
26510,1
26511,1
26512,1
26513,0
26514,1
26515,1
26516,1
26517,1
26518,0
26519,1
26520,0
26521,1
26522,1
26523,1
26524,0
26525,1
26526,1
26527,1
26528,1
26529,0
26530,0
26531,1
26532,0
26533,0
26534,0
26535,1
26536,1
26537,1
26538,1
26539,0
26540,1
26541,0
26542,0
26543,1
26544,0
26545,1
26546,1
26547,0
26548,1
26549,0
26550,1
26551,1
26552,0
26553,0
26554,1
26555,1
26556,0
26557,1
26558,0
26559,0
26560,0
26561,1
26562,1
26563,1
26564,1
26565,1
26566,0
26567,1
26568,1
26569,1
26570,0
26571,1
26572,1
26573,1
26574,1
26575,1
26576,0
26577,1
26578,1
26579,1
26580,1
26581,1
26582,1
26583,1
26584,1
26585,1
26586,1
26587,0
26588,1
26589,0
26590,1
26591,1
26592,0
26593,1
26594,1
26595,0
26596,1
26597,1
26598,1
26599,1
26600,1
26601,1
26602,0
26603,1
26604,0
26605,1
26606,0
26607,1
26608,0
26609,0
26610,0
26611,0
26612,1
26613,0
26614,1
26615,1
26616,1
26617,1
26618,0
26619,1
26620,0
26621,1
26622,1
26623,0
26624,1
26625,1
26626,0
26627,1
26628,0
26629,0
26630,1
26631,0
26632,1
26633,1
26634,1
26635,0
26636,0
26637,1
26638,0
26639,0
26640,1
26641,1
26642,0
26643,1
26644,1
26645,0
26646,1
26647,0
26648,1
26649,1
26650,1
26651,1
26652,0
26653,1
26654,1
26655,1
26656,1
26657,0
26658,1
26659,1
26660,0
26661,1
26662,0
26663,1
26664,1
26665,1
26666,0
26667,1
26668,0
26669,1
26670,1
26671,0
26672,0
26673,1
26674,1
26675,0
26676,0
26677,1
26678,1
26679,0
26680,1
26681,1
26682,1
26683,1
26684,1
26685,0
26686,0
26687,1
26688,1
26689,0
26690,1
26691,1
26692,0
26693,1
26694,0
26695,1
26696,1
26697,1
26698,1
26699,0
26700,0
26701,1
26702,1
26703,0
26704,1
26705,1
26706,1
26707,1
26708,1
26709,1
26710,0
26711,1
26712,1
26713,1
26714,1
26715,1
26716,1
26717,1
26718,0
26719,0
26720,1
26721,1
26722,1
26723,1
26724,1
26725,0
26726,0
26727,1
26728,0
26729,0
26730,1
26731,0
26732,1
26733,1
26734,0
26735,1
26736,0
26737,1
26738,0
26739,1
26740,1
26741,0
26742,1
26743,1
26744,1
26745,0
26746,1
26747,1
26748,0
26749,1
26750,1
26751,1
26752,1
26753,1
26754,1
26755,1
26756,1
26757,1
26758,1
26759,1
26760,1
26761,1
26762,1
26763,0
26764,0
26765,1
26766,0
26767,1
26768,1
26769,1
26770,0
26771,1
26772,0
26773,1
26774,1
26775,1
26776,1
26777,1
26778,1
26779,1
26780,1
26781,1
26782,1
26783,1
26784,1
26785,0
26786,1
26787,0
26788,1
26789,0
26790,1
26791,1
26792,1
26793,1
26794,1
26795,1
26796,1
26797,1
26798,1
26799,1
26800,1
26801,1
26802,1
26803,1
26804,1
26805,1
26806,1
26807,1
26808,1
26809,1
26810,1
26811,1
26812,1
26813,1
26814,1
26815,1
26816,1
26817,1
26818,1
26819,0
26820,0
26821,0
26822,1
26823,1
26824,0
26825,1
26826,0
26827,0
26828,1
26829,0
26830,0
26831,1
26832,1
26833,1
26834,1
26835,0
26836,0
26837,0
26838,1
26839,0
26840,1
26841,1
26842,1
26843,1
26844,1
26845,1
26846,1
26847,1
26848,1
26849,1
26850,1
26851,0
26852,1
26853,0
26854,1
26855,1
26856,1
26857,0
26858,1
26859,1
26860,1
26861,1
26862,1
26863,0
26864,0
26865,1
26866,1
26867,0
26868,0
26869,1
26870,1
26871,1
26872,1
26873,0
26874,1
26875,1
26876,0
26877,0
26878,1
26879,0
26880,0
26881,1
26882,1
26883,0
26884,1
26885,1
26886,0
26887,1
26888,1
26889,1
26890,0
26891,0
26892,1
26893,1
26894,1
26895,1
26896,1
26897,0
26898,1
26899,1
26900,1
26901,1
26902,1
26903,0
26904,1
26905,1
26906,1
26907,1
26908,0
26909,1
26910,1
26911,1
26912,1
26913,1
26914,1
26915,1
26916,0
26917,0
26918,1
26919,1
26920,1
26921,1
26922,1
26923,0
26924,1
26925,1
26926,0
26927,0
26928,0
26929,1
26930,0
26931,1
26932,1
26933,1
26934,1
26935,1
26936,1
26937,0
26938,1
26939,1
26940,1
26941,1
26942,0
26943,1
26944,1
26945,1
26946,1
26947,0
26948,1
26949,0
26950,0
26951,1
26952,1
26953,1
26954,1
26955,0
26956,1
26957,1
26958,1
26959,1
26960,1
26961,1
26962,1
26963,1
26964,1
26965,0
26966,1
26967,0
26968,1
26969,0
26970,0
26971,1
26972,1
26973,0
26974,1
26975,1
26976,1
26977,0
26978,0
26979,0
26980,1
26981,0
26982,1
26983,0
26984,0
26985,1
26986,0
26987,0
26988,1
26989,1
26990,0
26991,1
26992,0
26993,1
26994,1
26995,0
26996,1
26997,1
26998,1
26999,0
27000,1
27001,1
27002,1
27003,0
27004,0
27005,1
27006,1
27007,1
27008,1
27009,0
27010,1
27011,0
27012,1
27013,0
27014,1
27015,1
27016,1
27017,0
27018,1
27019,1
27020,1
27021,0
27022,1
27023,0
27024,1
27025,1
27026,0
27027,0
27028,0
27029,0
27030,1
27031,1
27032,0
27033,0
27034,1
27035,0
27036,1
27037,1
27038,0
27039,1
27040,1
27041,1
27042,1
27043,0
27044,1
27045,1
27046,1
27047,0
27048,1
27049,1
27050,1
27051,1
27052,0
27053,0
27054,0
27055,1
27056,0
27057,1
27058,1
27059,0
27060,1
27061,1
27062,1
27063,0
27064,1
27065,1
27066,0
27067,1
27068,1
27069,0
27070,1
27071,1
27072,1
27073,0
27074,0
27075,1
27076,0
27077,1
27078,0
27079,1
27080,0
27081,1
27082,1
27083,0
27084,1
27085,0
27086,0
27087,1
27088,1
27089,1
27090,1
27091,0
27092,0
27093,1
27094,1
27095,1
27096,0
27097,0
27098,1
27099,1
27100,0
27101,0
27102,1
27103,1
27104,1
27105,1
27106,1
27107,0
27108,0
27109,0
27110,1
27111,0
27112,0
27113,1
27114,0
27115,1
27116,1
27117,0
27118,0
27119,0
27120,1
27121,1
27122,1
27123,1
27124,1
27125,1
27126,1
27127,0
27128,1
27129,1
27130,0
27131,1
27132,0
27133,1
27134,0
27135,1
27136,1
27137,1
27138,1
27139,0
27140,1
27141,1
27142,1
27143,0
27144,1
27145,1
27146,1
27147,1
27148,1
27149,1
27150,1
27151,0
27152,0
27153,1
27154,0
27155,1
27156,1
27157,0
27158,1
27159,1
27160,0
27161,1
27162,0
27163,0
27164,1
27165,0
27166,1
27167,0
27168,1
27169,1
27170,1
27171,0
27172,0
27173,1
27174,0
27175,0
27176,1
27177,1
27178,0
27179,1
27180,1
27181,0
27182,1
27183,1
27184,1
27185,0
27186,1
27187,1
27188,1
27189,1
27190,1
27191,0
27192,1
27193,1
27194,1
27195,1
27196,0
27197,0
27198,0
27199,0
27200,1
27201,1
27202,1
27203,1
27204,1
27205,0
27206,1
27207,1
27208,1
27209,1
27210,0
27211,0
27212,1
27213,0
27214,0
27215,1
27216,1
27217,1
27218,1
27219,0
27220,0
27221,1
27222,0
27223,0
27224,1
27225,1
27226,1
27227,1
27228,1
27229,1
27230,1
27231,0
27232,0
27233,1
27234,0
27235,0
27236,1
27237,1
27238,1
27239,0
27240,1
27241,0
27242,0
27243,0
27244,1
27245,1
27246,0
27247,1
27248,1
27249,1
27250,0
27251,0
27252,1
27253,1
27254,1
27255,1
27256,0
27257,1
27258,0
27259,0
27260,1
27261,1
27262,1
27263,1
27264,0
27265,1
27266,1
27267,1
27268,0
27269,1
27270,1
27271,0
27272,0
27273,1
27274,0
27275,1
27276,1
27277,1
27278,0
27279,1
27280,1
27281,1
27282,1
27283,1
27284,1
27285,1
27286,1
27287,0
27288,1
27289,1
27290,1
27291,1
27292,1
27293,0
27294,1
27295,1
27296,1
27297,1
27298,0
27299,1
27300,0
27301,1
27302,1
27303,1
27304,0
27305,1
27306,0
27307,0
27308,0
27309,1
27310,0
27311,0
27312,1
27313,1
27314,1
27315,1
27316,0
27317,1
27318,1
27319,1
27320,1
27321,0
27322,1
27323,1
27324,1
27325,1
27326,1
27327,1
27328,1
27329,1
27330,0
27331,0
27332,1
27333,0
27334,1
27335,0
27336,1
27337,0
27338,0
27339,1
27340,0
27341,1
27342,0
27343,0
27344,1
27345,0
27346,0
27347,1
27348,0
27349,1
27350,1
27351,1
27352,1
27353,1
27354,1
27355,0
27356,0
27357,1
27358,0
27359,1
27360,1
27361,1
27362,0
27363,0
27364,1
27365,1
27366,1
27367,1
27368,1
27369,1
27370,1
27371,1
27372,1
27373,1
27374,1
27375,1
27376,1
27377,0
27378,1
27379,1
27380,0
27381,0
27382,1
27383,1
27384,1
27385,0
27386,1
27387,0
27388,1
27389,1
27390,1
27391,0
27392,1
27393,1
27394,1
27395,0
27396,1
27397,0
27398,1
27399,1
27400,1
27401,1
27402,1
27403,1
27404,0
27405,1
27406,1
27407,1
27408,0
27409,1
27410,1
27411,1
27412,1
27413,1
27414,1
27415,1
27416,1
27417,1
27418,1
27419,1
27420,1
27421,0
27422,1
27423,1
27424,1
27425,1
27426,1
27427,1
27428,1
27429,1
27430,1
27431,1
27432,0
27433,1
27434,0
27435,1
27436,1
27437,1
27438,0
27439,0
27440,1
27441,0
27442,0
27443,0
27444,0
27445,1
27446,0
27447,1
27448,1
27449,1
27450,1
27451,0
27452,1
27453,1
27454,0
27455,0
27456,1
27457,1
27458,1
27459,1
27460,1
27461,0
27462,1
27463,1
27464,1
27465,0
27466,0
27467,1
27468,1
27469,1
27470,1
27471,1
27472,1
27473,1
27474,1
27475,0
27476,1
27477,1
27478,1
27479,1
27480,1
27481,1
27482,1
27483,1
27484,1
27485,1
27486,0
27487,1
27488,1
27489,1
27490,1
27491,1
27492,1
27493,1
27494,1
27495,0
27496,1
27497,1
27498,0
27499,0
27500,1
27501,0
27502,1
27503,1
27504,1
27505,1
27506,1
27507,1
27508,0
27509,1
27510,1
27511,1
27512,1
27513,0
27514,1
27515,0
27516,1
27517,0
27518,0
27519,1
27520,1
27521,0
27522,1
27523,1
27524,1
27525,0
27526,0
27527,1
27528,1
27529,0
27530,1
27531,1
27532,1
27533,1
27534,1
27535,1
27536,1
27537,0
27538,0
27539,0
27540,1
27541,1
27542,1
27543,0
27544,0
27545,0
27546,1
27547,1
27548,0
27549,1
27550,1
27551,0
27552,1
27553,1
27554,1
27555,0
27556,1
27557,1
27558,1
27559,0
27560,1
27561,1
27562,1
27563,1
27564,1
27565,0
27566,1
27567,0
27568,1
27569,0
27570,1
27571,0
27572,0
27573,1
27574,0
27575,1
27576,0
27577,0
27578,1
27579,0
27580,1
27581,1
27582,1
27583,1
27584,0
27585,1
27586,1
27587,1
27588,1
27589,1
27590,1
27591,1
27592,0
27593,1
27594,1
27595,1
27596,1
27597,1
27598,1
27599,0
27600,0
27601,0
27602,1
27603,1
27604,0
27605,0
27606,1
27607,1
27608,1
27609,1
27610,1
27611,0
27612,1
27613,1
27614,1
27615,0
27616,1
27617,1
27618,1
27619,1
27620,1
27621,1
27622,1
27623,1
27624,0
27625,1
27626,1
27627,1
27628,1
27629,1
27630,0
27631,1
27632,0
27633,1
27634,1
27635,1
27636,1
27637,0
27638,1
27639,0
27640,1
27641,1
27642,1
27643,1
27644,1
27645,1
27646,1
27647,0
27648,0
27649,1
27650,1
27651,1
27652,1
27653,1
27654,1
27655,1
27656,1
27657,1
27658,1
27659,1
27660,0
27661,1
27662,1
27663,1
27664,1
27665,1
27666,1
27667,1
27668,1
27669,1
27670,1
27671,0
27672,1
27673,1
27674,0
27675,1
27676,1
27677,0
27678,0
27679,1
27680,1
27681,1
27682,1
27683,1
27684,1
27685,0
27686,0
27687,0
27688,1
27689,1
27690,0
27691,1
27692,0
27693,1
27694,1
27695,0
27696,1
27697,0
27698,1
27699,1
27700,1
27701,1
27702,1
27703,1
27704,1
27705,1
27706,0
27707,1
27708,0
27709,1
27710,1
27711,1
27712,1
27713,1
27714,1
27715,1
27716,0
27717,1
27718,0
27719,1
27720,1
27721,1
27722,1
27723,0
27724,1
27725,0
27726,1
27727,1
27728,0
27729,1
27730,0
27731,1
27732,1
27733,1
27734,1
27735,1
27736,1
27737,1
27738,1
27739,1
27740,1
27741,1
27742,1
27743,1
27744,0
27745,1
27746,0
27747,1
27748,1
27749,1
27750,0
27751,0
27752,1
27753,1
27754,1
27755,0
27756,1
27757,1
27758,1
27759,1
27760,0
27761,0
27762,0
27763,0
27764,1
27765,0
27766,0
27767,1
27768,0
27769,1
27770,1
27771,0
27772,0
27773,1
27774,0
27775,1
27776,1
27777,1
27778,0
27779,0
27780,1
27781,0
27782,0
27783,1
27784,1
27785,0
27786,0
27787,1
27788,1
27789,1
27790,1
27791,0
27792,0
27793,0
27794,1
27795,0
27796,1
27797,1
27798,1
27799,0
27800,1
27801,0
27802,0
27803,1
27804,1
27805,1
27806,1
27807,1
27808,1
27809,1
27810,1
27811,1
27812,1
27813,1
27814,0
27815,1
27816,0
27817,1
27818,1
27819,1
27820,1
27821,1
27822,1
27823,0
27824,1
27825,1
27826,1
27827,0
27828,1
27829,0
27830,1
27831,1
27832,1
27833,0
27834,1
27835,1
27836,1
27837,1
27838,1
27839,1
27840,1
27841,1
27842,0
27843,0
27844,1
27845,0
27846,1
27847,1
27848,1
27849,0
27850,1
27851,0
27852,0
27853,0
27854,1
27855,1
27856,1
27857,0
27858,1
27859,1
27860,1
27861,1
27862,1
27863,1
27864,1
27865,0
27866,0
27867,1
27868,1
27869,1
27870,1
27871,1
27872,1
27873,0
27874,1
27875,0
27876,1
27877,1
27878,0
27879,1
27880,1
27881,0
27882,0
27883,1
27884,1
27885,0
27886,1
27887,1
27888,0
27889,0
27890,0
27891,1
27892,0
27893,0
27894,0
27895,1
27896,1
27897,0
27898,1
27899,1
27900,1
27901,0
27902,0
27903,1
27904,1
27905,0
27906,0
27907,1
27908,1
27909,0
27910,1
27911,1
27912,1
27913,0
27914,1
27915,1
27916,1
27917,1
27918,1
27919,1
27920,1
27921,0
27922,1
27923,0
27924,0
27925,1
27926,1
27927,1
27928,0
27929,1
27930,1
27931,1
27932,1
27933,1
27934,1
27935,0
27936,1
27937,1
27938,1
27939,0
27940,0
27941,1
27942,1
27943,1
27944,1
27945,1
27946,1
27947,1
27948,1
27949,1
27950,1
27951,1
27952,1
27953,0
27954,1
27955,0
27956,0
27957,1
27958,1
27959,0
27960,1
27961,1
27962,1
27963,0
27964,1
27965,1
27966,1
27967,0
27968,0
27969,0
27970,0
27971,1
27972,1
27973,0
27974,1
27975,1
27976,1
27977,0
27978,1
27979,1
27980,1
27981,0
27982,1
27983,1
27984,1
27985,0
27986,1
27987,1
27988,1
27989,1
27990,0
27991,1
27992,1
27993,1
27994,0
27995,0
27996,0
27997,0
27998,0
27999,1
28000,1
28001,0
28002,1
28003,1
28004,0
28005,1
28006,0
28007,0
28008,1
28009,1
28010,1
28011,1
28012,0
28013,1
28014,1
28015,1
28016,1
28017,1
28018,1
28019,1
28020,0
28021,0
28022,0
28023,1
28024,1
28025,1
28026,0
28027,1
28028,1
28029,1
28030,1
28031,1
28032,1
28033,1
28034,0
28035,1
28036,1
28037,1
28038,0
28039,1
28040,1
28041,1
28042,1
28043,1
28044,1
28045,1
28046,0
28047,0
28048,0
28049,0
28050,0
28051,0
28052,1
28053,1
28054,1
28055,0
28056,1
28057,1
28058,1
28059,0
28060,0
28061,1
28062,1
28063,1
28064,1
28065,1
28066,0
28067,0
28068,1
28069,1
28070,1
28071,1
28072,1
28073,1
28074,0
28075,0
28076,1
28077,1
28078,1
28079,1
28080,1
28081,0
28082,1
28083,1
28084,1
28085,1
28086,0
28087,1
28088,1
28089,1
28090,1
28091,1
28092,0
28093,1
28094,0
28095,1
28096,1
28097,1
28098,0
28099,1
28100,1
28101,0
28102,1
28103,1
28104,0
28105,1
28106,0
28107,1
28108,1
28109,0
28110,0
28111,1
28112,1
28113,1
28114,1
28115,1
28116,1
28117,0
28118,1
28119,1
28120,0
28121,1
28122,0
28123,1
28124,1
28125,1
28126,0
28127,1
28128,0
28129,0
28130,1
28131,1
28132,1
28133,1
28134,1
28135,1
28136,1
28137,1
28138,1
28139,1
28140,1
28141,1
28142,0
28143,1
28144,1
28145,1
28146,1
28147,1
28148,1
28149,0
28150,1
28151,1
28152,1
28153,1
28154,0
28155,1
28156,1
28157,1
28158,1
28159,1
28160,0
28161,1
28162,1
28163,1
28164,0
28165,0
28166,0
28167,0
28168,1
28169,1
28170,1
28171,1
28172,1
28173,1
28174,1
28175,1
28176,0
28177,1
28178,0
28179,1
28180,1
28181,1
28182,1
28183,0
28184,1
28185,1
28186,1
28187,0
28188,1
28189,1
28190,0
28191,1
28192,1
28193,0
28194,1
28195,1
28196,1
28197,0
28198,1
28199,0
28200,1
28201,1
28202,1
28203,1
28204,0
28205,1
28206,1
28207,1
28208,1
28209,1
28210,1
28211,1
28212,0
28213,0
28214,0
28215,1
28216,1
28217,1
28218,0
28219,1
28220,1
28221,1
28222,1
28223,0
28224,1
28225,0
28226,0
28227,1
28228,0
28229,1
28230,1
28231,1
28232,1
28233,0
28234,1
28235,1
28236,1
28237,1
28238,1
28239,1
28240,1
28241,1
28242,0
28243,1
28244,1
28245,1
28246,1
28247,1
28248,0
28249,1
28250,1
28251,0
28252,0
28253,1
28254,1
28255,1
28256,1
28257,1
28258,1
28259,1
28260,0
28261,1
28262,1
28263,0
28264,1
28265,1
28266,1
28267,1
28268,1
28269,1
28270,0
28271,1
28272,0
28273,1
28274,0
28275,0
28276,1
28277,1
28278,1
28279,0
28280,1
28281,0
28282,1
28283,1
28284,1
28285,0
28286,1
28287,0
28288,0
28289,0
28290,1
28291,1
28292,0
28293,1
28294,1
28295,0
28296,1
28297,1
28298,1
28299,1
28300,1
28301,0
28302,0
28303,1
28304,1
28305,0
28306,1
28307,0
28308,1
28309,0
28310,1
28311,0
28312,1
28313,0
28314,1
28315,1
28316,1
28317,1
28318,1
28319,1
28320,1
28321,0
28322,0
28323,1
28324,1
28325,1
28326,1
28327,1
28328,1
28329,1
28330,1
28331,1
28332,1
28333,0
28334,1
28335,1
28336,1
28337,0
28338,1
28339,1
28340,1
28341,1
28342,0
28343,1
28344,1
28345,1
28346,1
28347,0
28348,0
28349,0
28350,1
28351,1
28352,0
28353,1
28354,1
28355,1
28356,1
28357,1
28358,1
28359,1
28360,1
28361,1
28362,1
28363,1
28364,0
28365,0
28366,1
28367,0
28368,1
28369,0
28370,1
28371,1
28372,1
28373,1
28374,0
28375,1
28376,1
28377,1
28378,0
28379,1
28380,1
28381,1
28382,1
28383,1
28384,1
28385,1
28386,0
28387,1
28388,1
28389,1
28390,1
28391,0
28392,1
28393,1
28394,1
28395,1
28396,1
28397,0
28398,1
28399,1
28400,0
28401,1
28402,1
28403,0
28404,0
28405,0
28406,0
28407,1
28408,1
28409,0
28410,0
28411,0
28412,1
28413,0
28414,1
28415,1
28416,1
28417,1
28418,1
28419,1
28420,0
28421,1
28422,1
28423,1
28424,1
28425,0
28426,1
28427,1
28428,1
28429,1
28430,1
28431,1
28432,1
28433,1
28434,0
28435,1
28436,1
28437,1
28438,0
28439,1
28440,1
28441,1
28442,1
28443,1
28444,0
28445,1
28446,1
28447,1
28448,1
28449,0
28450,0
28451,1
28452,1
28453,1
28454,1
28455,1
28456,1
28457,0
28458,1
28459,1
28460,0
28461,0
28462,1
28463,0
28464,1
28465,0
28466,1
28467,0
28468,1
28469,0
28470,1
28471,1
28472,0
28473,0
28474,1
28475,0
28476,1
28477,0
28478,0
28479,1
28480,0
28481,0
28482,1
28483,1
28484,1
28485,1
28486,0
28487,1
28488,0
28489,0
28490,1
28491,0
28492,0
28493,1
28494,0
28495,1
28496,1
28497,0
28498,1
28499,0
28500,1
28501,0
28502,1
28503,1
28504,1
28505,0
28506,1
28507,0
28508,1
28509,1
28510,1
28511,1
28512,1
28513,0
28514,1
28515,1
28516,1
28517,0
28518,1
28519,1
28520,1
28521,1
28522,1
28523,1
28524,0
28525,1
28526,1
28527,0
28528,0
28529,0
28530,0
28531,0
28532,0
28533,1
28534,0
28535,1
28536,1
28537,0
28538,0
28539,1
28540,0
28541,0
28542,0
28543,1
28544,1
28545,1
28546,0
28547,1
28548,1
28549,1
28550,1
28551,1
28552,1
28553,0
28554,0
28555,0
28556,1
28557,0
28558,1
28559,1
28560,1
28561,1
28562,0
28563,1
28564,1
28565,1
28566,1
28567,1
28568,0
28569,0
28570,0
28571,0
28572,0
28573,1
28574,0
28575,1
28576,1
28577,1
28578,1
28579,1
28580,1
28581,0
28582,1
28583,1
28584,1
28585,0
28586,1
28587,1
28588,1
28589,1
28590,0
28591,1
28592,1
28593,1
28594,1
28595,1
28596,1
28597,1
28598,0
28599,1
28600,1
28601,1
28602,1
28603,0
28604,1
28605,1
28606,1
28607,1
28608,1
28609,1
28610,0
28611,1
28612,0
28613,0
28614,0
28615,1
28616,1
28617,1
28618,1
28619,1
28620,1
28621,0
28622,0
28623,0
28624,0
28625,1
28626,1
28627,0
28628,0
28629,1
28630,0
28631,1
28632,1
28633,1
28634,1
28635,1
28636,1
28637,1
28638,0
28639,1
28640,1
28641,1
28642,1
28643,1
28644,1
28645,1
28646,1
28647,1
28648,0
28649,1
28650,1
28651,1
28652,0
28653,1
28654,1
28655,1
28656,1
28657,0
28658,1
28659,0
28660,1
28661,1
28662,1
28663,0
28664,1
28665,1
28666,1
28667,1
28668,1
28669,1
28670,0
28671,1
28672,1
28673,1
28674,1
28675,1
28676,1
28677,1
28678,0
28679,0
28680,1
28681,0
28682,1
28683,1
28684,1
28685,1
28686,1
28687,1
28688,0
28689,1
28690,1
28691,0
28692,0
28693,1
28694,1
28695,1
28696,1
28697,0
28698,1
28699,1
28700,1
28701,1
28702,1
28703,1
28704,1
28705,0
28706,1
28707,1
28708,0
28709,1
28710,1
28711,0
28712,1
28713,1
28714,0
28715,1
28716,1
28717,1
28718,1
28719,0
28720,1
28721,1
28722,1
28723,1
28724,1
28725,1
28726,1
28727,0
28728,1
28729,1
28730,1
28731,1
28732,1
28733,1
28734,0
28735,1
28736,1
28737,1
28738,0
28739,0
28740,0
28741,1
28742,0
28743,0
28744,1
28745,1
28746,1
28747,1
28748,1
28749,0
28750,1
28751,0
28752,1
28753,1
28754,1
28755,1
28756,1
28757,1
28758,0
28759,0
28760,1
28761,0
28762,1
28763,1
28764,1
28765,1
28766,1
28767,1
28768,0
28769,1
28770,1
28771,0
28772,1
28773,1
28774,0
28775,1
28776,0
28777,1
28778,1
28779,1
28780,0
28781,1
28782,1
28783,1
28784,0
28785,1
28786,0
28787,1
28788,1
28789,1
28790,1
28791,1
28792,1
28793,1
28794,1
28795,1
28796,0
28797,1
28798,0
28799,1
28800,1
28801,0
28802,1
28803,1
28804,1
28805,0
28806,1
28807,1
28808,1
28809,0
28810,0
28811,1
28812,1
28813,1
28814,1
28815,0
28816,1
28817,1
28818,1
28819,0
28820,1
28821,0
28822,0
28823,1
28824,1
28825,1
28826,0
28827,1
28828,0
28829,1
28830,0
28831,1
28832,1
28833,1
28834,0
28835,0
28836,1
28837,1
28838,1
28839,1
28840,1
28841,1
28842,1
28843,1
28844,1
28845,1
28846,1
28847,1
28848,1
28849,1
28850,1
28851,1
28852,1
28853,0
28854,1
28855,1
28856,1
28857,1
28858,1
28859,1
28860,1
28861,1
28862,1
28863,1
28864,0
28865,1
28866,1
28867,0
28868,0
28869,1
28870,1
28871,1
28872,0
28873,1
28874,1
28875,0
28876,1
28877,1
28878,0
28879,1
28880,1
28881,1
28882,1
28883,0
28884,0
28885,1
28886,0
28887,1
28888,0
28889,0
28890,1
28891,1
28892,1
28893,1
28894,0
28895,1
28896,1
28897,1
28898,1
28899,1
28900,0
28901,0
28902,1
28903,0
28904,0
28905,1
28906,1
28907,1
28908,0
28909,1
28910,1
28911,1
28912,1
28913,1
28914,1
28915,1
28916,1
28917,0
28918,0
28919,1
28920,1
28921,1
28922,0
28923,1
28924,0
28925,0
28926,1
28927,1
28928,0
28929,1
28930,1
28931,1
28932,0
28933,1
28934,1
28935,1
28936,1
28937,1
28938,0
28939,1
28940,0
28941,1
28942,1
28943,1
28944,1
28945,1
28946,1
28947,0
28948,1
28949,0
28950,1
28951,1
28952,0
28953,1
28954,0
28955,1
28956,1
28957,1
28958,1
28959,0
28960,0
28961,1
28962,1
28963,1
28964,1
28965,1
28966,1
28967,1
28968,1
28969,0
28970,0
28971,1
28972,1
28973,1
28974,1
28975,1
28976,1
28977,1
28978,1
28979,1
28980,1
28981,1
28982,0
28983,1
28984,0
28985,0
28986,1
28987,1
28988,1
28989,1
28990,0
28991,1
28992,1
28993,0
28994,1
28995,1
28996,0
28997,1
28998,1
28999,0
29000,1
29001,1
29002,0
29003,1
29004,1
29005,1
29006,1
29007,1
29008,1
29009,0
29010,1
29011,1
29012,1
29013,1
29014,1
29015,1
29016,1
29017,0
29018,1
29019,0
29020,1
29021,1
29022,1
29023,1
29024,1
29025,0
29026,0
29027,0
29028,0
29029,1
29030,0
29031,1
29032,0
29033,0
29034,0
29035,0
29036,1
29037,1
29038,1
29039,1
29040,0
29041,0
29042,1
29043,1
29044,1
29045,1
29046,1
29047,1
29048,1
29049,0
29050,1
29051,1
29052,1
29053,0
29054,0
29055,1
29056,1
29057,1
29058,1
29059,1
29060,1
29061,0
29062,0
29063,1
29064,1
29065,1
29066,1
29067,1
29068,0
29069,0
29070,1
29071,1
29072,1
29073,0
29074,0
29075,1
29076,1
29077,0
29078,1
29079,0
29080,1
29081,0
29082,0
29083,1
29084,1
29085,1
29086,1
29087,1
29088,0
29089,1
29090,1
29091,0
29092,0
29093,0
29094,1
29095,1
29096,1
29097,1
29098,0
29099,1
29100,1
29101,0
29102,0
29103,1
29104,1
29105,1
29106,1
29107,0
29108,1
29109,1
29110,1
29111,0
29112,1
29113,1
29114,1
29115,0
29116,1
29117,1
29118,0
29119,1
29120,0
29121,1
29122,1
29123,1
29124,1
29125,1
29126,1
29127,1
29128,0
29129,1
29130,0
29131,1
29132,1
29133,1
29134,1
29135,1
29136,1
29137,0
29138,1
29139,0
29140,1
29141,0
29142,1
29143,0
29144,1
29145,1
29146,1
29147,0
29148,1
29149,1
29150,1
29151,1
29152,1
29153,1
29154,1
29155,1
29156,1
29157,0
29158,1
29159,1
29160,1
29161,1
29162,1
29163,1
29164,0
29165,1
29166,1
29167,0
29168,0
29169,0
29170,1
29171,0
29172,0
29173,1
29174,1
29175,0
29176,1
29177,1
29178,1
29179,0
29180,1
29181,1
29182,1
29183,1
29184,1
29185,0
29186,0
29187,1
29188,1
29189,1
29190,0
29191,0
29192,0
29193,1
29194,1
29195,1
29196,0
29197,0
29198,0
29199,1
29200,1
29201,0
29202,1
29203,0
29204,0
29205,1
29206,1
29207,1
29208,1
29209,1
29210,0
29211,0
29212,1
29213,1
29214,0
29215,0
29216,1
29217,1
29218,1
29219,0
29220,1
29221,1
29222,1
29223,1
29224,1
29225,1
29226,0
29227,0
29228,1
29229,1
29230,1
29231,0
29232,0
29233,1
29234,1
29235,1
29236,1
29237,1
29238,1
29239,0
29240,0
29241,0
29242,1
29243,0
29244,0
29245,1
29246,0
29247,1
29248,1
29249,1
29250,1
29251,0
29252,1
29253,0
29254,1
29255,1
29256,1
29257,1
29258,0
29259,1
29260,1
29261,0
29262,1
29263,1
29264,1
29265,0
29266,0
29267,1
29268,0
29269,0
29270,0
29271,0
29272,1
29273,0
29274,1
29275,1
29276,1
29277,1
29278,0
29279,0
29280,1
29281,0
29282,0
29283,0
29284,1
29285,0
29286,1
29287,1
29288,1
29289,1
29290,1
29291,0
29292,1
29293,1
29294,1
29295,1
29296,1
29297,0
29298,0
29299,1
29300,0
29301,1
29302,1
29303,1
29304,1
29305,1
29306,1
29307,1
29308,1
29309,0
29310,0
29311,1
29312,1
29313,0
29314,1
29315,1
29316,1
29317,1
29318,1
29319,1
29320,0
29321,1
29322,1
29323,0
29324,1
29325,0
29326,1
29327,0
29328,0
29329,1
29330,1
29331,1
29332,1
29333,0
29334,1
29335,1
29336,1
29337,1
29338,0
29339,1
29340,0
29341,1
29342,0
29343,1
29344,1
29345,1
29346,0
29347,0
29348,0
29349,1
29350,0
29351,0
29352,0
29353,1
29354,1
29355,1
29356,1
29357,0
29358,0
29359,0
29360,0
29361,1
29362,1
29363,0
29364,1
29365,1
29366,1
29367,1
29368,1
29369,0
29370,1
29371,1
29372,1
29373,1
29374,1
29375,1
29376,1
29377,1
29378,1
29379,1
29380,1
29381,0
29382,1
29383,0
29384,1
29385,0
29386,1
29387,1
29388,1
29389,1
29390,1
29391,0
29392,1
29393,0
29394,0
29395,0
29396,0
29397,1
29398,1
29399,1
29400,1
29401,1
29402,0
29403,1
29404,1
29405,1
29406,1
29407,0
29408,1
29409,1
29410,0
29411,0
29412,0
29413,1
29414,0
29415,1
29416,1
29417,1
29418,1
29419,1
29420,1
29421,1
29422,1
29423,0
29424,0
29425,0
29426,0
29427,1
29428,1
29429,1
29430,1
29431,0
29432,1
29433,1
29434,1
29435,1
29436,1
29437,0
29438,0
29439,1
29440,1
29441,1
29442,0
29443,0
29444,1
29445,1
29446,0
29447,1
29448,1
29449,1
29450,1
29451,1
29452,1
29453,1
29454,0
29455,1
29456,0
29457,1
29458,1
29459,1
29460,0
29461,1
29462,1
29463,1
29464,1
29465,1
29466,1
29467,1
29468,1
29469,1
29470,1
29471,1
29472,1
29473,0
29474,1
29475,1
29476,0
29477,1
29478,1
29479,1
29480,1
29481,1
29482,1
29483,1
29484,1
29485,1
29486,0
29487,0
29488,1
29489,0
29490,0
29491,1
29492,1
29493,1
29494,1
29495,0
29496,1
29497,1
29498,1
29499,0
29500,1
29501,1
29502,1
29503,1
29504,0
29505,1
29506,1
29507,1
29508,1
29509,1
29510,0
29511,0
29512,1
29513,0
29514,1
29515,0
29516,0
29517,1
29518,0
29519,1
29520,1
29521,1
29522,0
29523,0
29524,0
29525,1
29526,1
29527,1
29528,1
29529,1
29530,1
29531,1
29532,1
29533,1
29534,1
29535,1
29536,0
29537,1
29538,1
29539,1
29540,1
29541,0
29542,1
29543,1
29544,1
29545,1
29546,0
29547,1
29548,0
29549,1
29550,1
29551,1
29552,1
29553,1
29554,1
29555,1
29556,1
29557,1
29558,0
29559,0
29560,1
29561,1
29562,0
29563,1
29564,1
29565,0
29566,0
29567,1
29568,0
29569,0
29570,0
29571,1
29572,1
29573,1
29574,1
29575,1
29576,1
29577,1
29578,1
29579,1
29580,0
29581,1
29582,1
29583,0
29584,0
29585,0
29586,1
29587,1
29588,0
29589,1
29590,1
29591,1
29592,0
29593,1
29594,0
29595,1
29596,1
29597,1
29598,1
29599,1
29600,1
29601,0
29602,1
29603,1
29604,1
29605,1
29606,0
29607,1
29608,1
29609,0
29610,1
29611,1
29612,0
29613,1
29614,1
29615,1
29616,0
29617,1
29618,1
29619,1
29620,0
29621,1
29622,1
29623,0
29624,1
29625,1
29626,1
29627,0
29628,1
29629,1
29630,0
29631,1
29632,0
29633,1
29634,1
29635,1
29636,1
29637,1
29638,0
29639,0
29640,1
29641,1
29642,1
29643,1
29644,1
29645,1
29646,0
29647,1
29648,1
29649,0
29650,0
29651,1
29652,1
29653,1
29654,1
29655,1
29656,0
29657,1
29658,1
29659,1
29660,1
29661,1
29662,1
29663,1
29664,0
29665,0
29666,1
29667,1
29668,1
29669,0
29670,1
29671,1
29672,1
29673,1
29674,1
29675,0
29676,0
29677,1
29678,1
29679,1
29680,0
29681,1
29682,0
29683,1
29684,1
29685,1
29686,1
29687,1
29688,1
29689,0
29690,0
29691,1
29692,1
29693,1
29694,1
29695,1
29696,1
29697,1
29698,1
29699,1
29700,1
29701,0
29702,1
29703,1
29704,1
29705,1
29706,1
29707,1
29708,1
29709,1
29710,0
29711,1
29712,1
29713,0
29714,1
29715,1
29716,1
29717,0
29718,0
29719,1
29720,0
29721,1
29722,1
29723,1
29724,0
29725,0
29726,1
29727,0
29728,1
29729,1
29730,1
29731,1
29732,1
29733,0
29734,0
29735,1
29736,1
29737,1
29738,1
29739,1
29740,0
29741,1
29742,1
29743,1
29744,0
29745,0
29746,0
29747,1
29748,0
29749,0
29750,0
29751,1
29752,1
29753,1
29754,1
29755,1
29756,1
29757,0
29758,1
29759,1
29760,1
29761,1
29762,0
29763,1
29764,1
29765,0
29766,1
29767,1
29768,0
29769,1
29770,0
29771,0
29772,1
29773,1
29774,1
29775,0
29776,1
29777,1
29778,1
29779,0
29780,1
29781,0
29782,1
29783,1
29784,1
29785,1
29786,1
29787,1
29788,1
29789,1
29790,1
29791,1
29792,0
29793,1
29794,1
29795,0
29796,1
29797,1
29798,0
29799,1
29800,1
29801,0
29802,0
29803,1
29804,1
29805,1
29806,0
29807,1
29808,1
29809,1
29810,1
29811,1
29812,0
29813,1
29814,1
29815,0
29816,1
29817,0
29818,1
29819,1
29820,1
29821,1
29822,1
29823,1
29824,1
29825,1
29826,0
29827,1
29828,1
29829,1
29830,0
29831,1
29832,1
29833,1
29834,1
29835,1
29836,1
29837,1
29838,1
29839,1
29840,1
29841,1
29842,1
29843,0
29844,1
29845,1
29846,1
29847,1
29848,0
29849,0
29850,0
29851,1
29852,0
29853,1
29854,1
29855,0
29856,1
29857,1
29858,1
29859,1
29860,1
29861,1
29862,1
29863,1
29864,0
29865,1
29866,1
29867,0
29868,1
29869,1
29870,1
29871,1
29872,0
29873,1
29874,0
29875,0
29876,1
29877,1
29878,0
29879,1
29880,1
29881,1
29882,1
29883,1
29884,0
29885,1
29886,1
29887,1
29888,0
29889,1
29890,0
29891,1
29892,1
29893,1
29894,1
29895,1
29896,0
29897,1
29898,0
29899,0
29900,0
29901,0
29902,1
29903,0
29904,1
29905,0
29906,1
29907,1
29908,1
29909,1
29910,1
29911,0
29912,0
29913,1
29914,1
29915,1
29916,0
29917,1
29918,1
29919,1
29920,0
29921,1
29922,0
29923,1
29924,1
29925,0
29926,1
29927,0
29928,0
29929,0
29930,1
29931,1
29932,0
29933,1
29934,1
29935,1
29936,0
29937,1
29938,0
29939,1
29940,1
29941,0
29942,1
29943,1
29944,1
29945,0
29946,1
29947,1
29948,1
29949,1
29950,1
29951,1
29952,1
29953,1
29954,1
29955,1
29956,1
29957,0
29958,1
29959,1
29960,1
29961,1
29962,0
29963,1
29964,1
29965,0
29966,0
29967,1
29968,1
29969,1
29970,1
29971,1
29972,1
29973,1
29974,1
29975,1
29976,0
29977,0
29978,1
29979,0
29980,1
29981,1
29982,0
29983,1
29984,1
29985,1
29986,1
29987,1
29988,1
29989,1
29990,1
29991,1
29992,1
29993,1
29994,0
29995,1
29996,1
29997,1
29998,1
29999,0
30000,1
30001,0
30002,1
30003,0
30004,0
30005,1
30006,0
30007,1
30008,1
30009,0
30010,1
30011,1
30012,0
30013,0
30014,1
30015,0
30016,1
30017,1
30018,0
30019,1
30020,1
30021,1
30022,1
30023,1
30024,0
30025,1
30026,1
30027,1
30028,1
30029,0
30030,0
30031,1
30032,1
30033,1
30034,1
30035,1
30036,0
30037,1
30038,1
30039,1
30040,1
30041,0
30042,0
30043,1
30044,0
30045,0
30046,0
30047,1
30048,1
30049,1
30050,1
30051,1
30052,1
30053,1
30054,0
30055,1
30056,1
30057,1
30058,1
30059,0
30060,1
30061,1
30062,1
30063,0
30064,1
30065,1
30066,0
30067,0
30068,1
30069,1
30070,1
30071,1
30072,1
30073,1
30074,1
30075,0
30076,1
30077,1
30078,0
30079,1
30080,0
30081,1
30082,1
30083,0
30084,1
30085,1
30086,1
30087,1
30088,0
30089,0
30090,1
30091,1
30092,1
30093,0
30094,1
30095,0
30096,1
30097,1
30098,0
30099,0
30100,1
30101,0
30102,1
30103,1
30104,0
30105,1
30106,0
30107,1
30108,0
30109,1
30110,1
30111,1
30112,1
30113,1
30114,1
30115,1
30116,1
30117,1
30118,0
30119,1
30120,0
30121,1
30122,0
30123,1
30124,1
30125,1
30126,1
30127,0
30128,1
30129,0
30130,1
30131,1
30132,0
30133,0
30134,1
30135,1
30136,1
30137,1
30138,1
30139,1
30140,1
30141,1
30142,0
30143,1
30144,1
30145,1
30146,1
30147,1
30148,1
30149,1
30150,0
30151,1
30152,0
30153,0
30154,1
30155,1
30156,1
30157,1
30158,1
30159,1
30160,0
30161,1
30162,1
30163,0
30164,0
30165,1
30166,0
30167,1
30168,0
30169,1
30170,0
30171,0
30172,1
30173,0
30174,1
30175,0
30176,0
30177,1
30178,1
30179,1
30180,1
30181,1
30182,1
30183,1
30184,1
30185,0
30186,1
30187,1
30188,0
30189,0
30190,1
30191,0
30192,1
30193,0
30194,1
30195,1
30196,1
30197,0
30198,1
30199,0
30200,0
30201,1
30202,1
30203,1
30204,1
30205,1
30206,0
30207,1
30208,1
30209,0
30210,0
30211,1
30212,1
30213,1
30214,1
30215,1
30216,1
30217,1
30218,1
30219,0
30220,1
30221,0
30222,1
30223,1
30224,0
30225,1
30226,1
30227,0
30228,1
30229,1
30230,1
30231,1
30232,1
30233,1
30234,0
30235,0
30236,1
30237,1
30238,1
30239,1
30240,1
30241,1
30242,1
30243,1
30244,0
30245,0
30246,1
30247,1
30248,0
30249,1
30250,1
30251,1
30252,1
30253,1
30254,1
30255,1
30256,1
30257,0
30258,0
30259,0
30260,1
30261,1
30262,0
30263,1
30264,1
30265,0
30266,0
30267,1
30268,1
30269,1
30270,1
30271,1
30272,1
30273,1
30274,1
30275,1
30276,0
30277,1
30278,1
30279,1
30280,0
30281,1
30282,1
30283,1
30284,1
30285,1
30286,0
30287,1
30288,1
30289,1
30290,1
30291,1
30292,1
30293,1
30294,1
30295,1
30296,1
30297,0
30298,0
30299,1
30300,0
30301,1
30302,0
30303,1
30304,1
30305,1
30306,1
30307,1
30308,1
30309,0
30310,0
30311,1
30312,1
30313,1
30314,0
30315,1
30316,1
30317,1
30318,1
30319,0
30320,0
30321,1
30322,1
30323,0
30324,0
30325,1
30326,1
30327,0
30328,1
30329,1
30330,1
30331,1
30332,1
30333,1
30334,1
30335,1
30336,1
30337,1
30338,1
30339,0
30340,1
30341,1
30342,1
30343,1
30344,0
30345,1
30346,1
30347,0
30348,1
30349,1
30350,0
30351,1
30352,1
30353,0
30354,1
30355,1
30356,1
30357,1
30358,1
30359,1
30360,1
30361,1
30362,1
30363,1
30364,1
30365,0
30366,1
30367,1
30368,1
30369,1
30370,1
30371,0
30372,0
30373,1
30374,1
30375,0
30376,1
30377,0
30378,1
30379,0
30380,0
30381,0
30382,0
30383,1
30384,0
30385,0
30386,1
30387,1
30388,1
30389,1
30390,0
30391,1
30392,1
30393,1
30394,1
30395,0
30396,0
30397,0
30398,0
30399,1
30400,1
30401,1
30402,1
30403,1
30404,0
30405,0
30406,1
30407,1
30408,0
30409,1
30410,1
30411,1
30412,1
30413,0
30414,1
30415,1
30416,1
30417,1
30418,1
30419,1
30420,0
30421,1
30422,0
30423,0
30424,1
30425,0
30426,1
30427,0
30428,1
30429,1
30430,1
30431,1
30432,1
30433,0
30434,1
30435,1
30436,0
30437,1
30438,1
30439,1
30440,0
30441,0
30442,1
30443,1
30444,0
30445,1
30446,1
30447,1
30448,1
30449,1
30450,1
30451,0
30452,0
30453,0
30454,0
30455,0
30456,0
30457,1
30458,1
30459,1
30460,1
30461,0
30462,0
30463,1
30464,1
30465,1
30466,0
30467,1
30468,1
30469,1
30470,1
30471,1
30472,0
30473,1
30474,0
30475,0
30476,1
30477,1
30478,1
30479,1
30480,1
30481,1
30482,1
30483,1
30484,1
30485,1
30486,1
30487,1
30488,1
30489,1
30490,0
30491,1
30492,0
30493,1
30494,0
30495,1
30496,1
30497,0
30498,1
30499,0
30500,1
30501,1
30502,1
30503,0
30504,1
30505,1
30506,1
30507,1
30508,1
30509,1
30510,1
30511,1
30512,1
30513,1
30514,0
30515,1
30516,1
30517,1
30518,1
30519,0
30520,1
30521,0
30522,0
30523,1
30524,1
30525,1
30526,1
30527,1
30528,0
30529,1
30530,1
30531,1
30532,0
30533,1
30534,1
30535,0
30536,0
30537,1
30538,0
30539,0
30540,0
30541,1
30542,1
30543,1
30544,1
30545,1
30546,1
30547,1
30548,1
30549,1
30550,1
30551,1
30552,1
30553,1
30554,1
30555,0
30556,1
30557,1
30558,1
30559,1
30560,0
30561,0
30562,0
30563,1
30564,1
30565,1
30566,0
30567,1
30568,1
30569,0
30570,1
30571,1
30572,1
30573,1
30574,1
30575,1
30576,0
30577,0
30578,0
30579,0
30580,0
30581,1
30582,0
30583,1
30584,1
30585,1
30586,1
30587,1
30588,1
30589,0
30590,1
30591,1
30592,1
30593,1
30594,1
30595,1
30596,0
30597,0
30598,1
30599,0
30600,1
30601,0
30602,1
30603,0
30604,1
30605,1
30606,1
30607,0
30608,1
30609,1
30610,1
30611,1
30612,0
30613,1
30614,1
30615,0
30616,1
30617,1
30618,0
30619,1
30620,1
30621,1
30622,0
30623,1
30624,0
30625,1
30626,0
30627,0
30628,1
30629,0
30630,1
30631,1
30632,1
30633,1
30634,1
30635,0
30636,1
30637,1
30638,1
30639,0
30640,1
30641,1
30642,1
30643,1
30644,1
30645,0
30646,1
30647,1
30648,1
30649,1
30650,0
30651,1
30652,1
30653,0
30654,1
30655,1
30656,1
30657,1
30658,0
30659,1
30660,0
30661,1
30662,0
30663,0
30664,0
30665,1
30666,0
30667,1
30668,0
30669,1
30670,1
30671,1
30672,1
30673,1
30674,1
30675,1
30676,1
30677,1
30678,1
30679,1
30680,1
30681,0
30682,0
30683,1
30684,1
30685,1
30686,0
30687,0
30688,0
30689,1
30690,0
30691,0
30692,1
30693,0
30694,1
30695,1
30696,1
30697,1
30698,1
30699,1
30700,0
30701,0
30702,1
30703,1
30704,1
30705,1
30706,1
30707,0
30708,0
30709,1
30710,1
30711,0
30712,1
30713,1
30714,1
30715,1
30716,1
30717,1
30718,1
30719,0
30720,0
30721,0
30722,1
30723,0
30724,0
30725,1
30726,0
30727,1
30728,1
30729,1
30730,0
30731,1
30732,1
30733,1
30734,1
30735,0
30736,0
30737,1
30738,1
30739,1
30740,1
30741,1
30742,1
30743,0
30744,0
30745,0
30746,1
30747,1
30748,1
30749,0
30750,0
30751,1
30752,1
30753,1
30754,1
30755,1
30756,1
30757,1
30758,1
30759,1
30760,0
30761,0
30762,1
30763,0
30764,1
30765,0
30766,1
30767,1
30768,1
30769,1
30770,1
30771,1
30772,1
30773,1
30774,0
30775,1
30776,1
30777,1
30778,1
30779,1
30780,0
30781,1
30782,1
30783,0
30784,1
30785,1
30786,1
30787,0
30788,1
30789,1
30790,0
30791,1
30792,1
30793,1
30794,0
30795,1
30796,0
30797,0
30798,1
30799,1
30800,0
30801,1
30802,0
30803,1
30804,1
30805,1
30806,1
30807,0
30808,1
30809,1
30810,0
30811,1
30812,1
30813,1
30814,0
30815,1
30816,0
30817,0
30818,1
30819,1
30820,1
30821,0
30822,1
30823,1
30824,1
30825,1
30826,1
30827,0
30828,1
30829,1
30830,1
30831,1
30832,1
30833,1
30834,1
30835,1
30836,1
30837,1
30838,1
30839,0
30840,0
30841,1
30842,1
30843,0
30844,1
30845,0
30846,1
30847,1
30848,1
30849,0
30850,1
30851,0
30852,1
30853,1
30854,1
30855,1
30856,1
30857,0
30858,1
30859,0
30860,1
30861,1
30862,1
30863,0
30864,1
30865,1
30866,1
30867,0
30868,0
30869,1
30870,0
30871,1
30872,1
30873,1
30874,1
30875,1
30876,0
30877,1
30878,0
30879,1
30880,1
30881,0
30882,1
30883,1
30884,0
30885,1
30886,1
30887,1
30888,1
30889,0
30890,1
30891,1
30892,1
30893,1
30894,0
30895,1
30896,0
30897,0
30898,1
30899,0
30900,0
30901,1
30902,1
30903,1
30904,0
30905,0
30906,1
30907,0
30908,1
30909,1
30910,1
30911,1
30912,1
30913,1
30914,1
30915,1
30916,1
30917,1
30918,1
30919,1
30920,1
30921,0
30922,1
30923,1
30924,1
30925,1
30926,1
30927,0
30928,1
30929,0
30930,0
30931,1
30932,1
30933,1
30934,0
30935,1
30936,0
30937,1
30938,1
30939,1
30940,1
30941,1
30942,1
30943,0
30944,1
30945,0
30946,1
30947,1
30948,0
30949,1
30950,1
30951,1
30952,1
30953,0
30954,1
30955,1
30956,0
30957,1
30958,1
30959,0
30960,0
30961,1
30962,1
30963,1
30964,1
30965,0
30966,1
30967,1
30968,1
30969,0
30970,1
30971,1
30972,1
30973,1
30974,1
30975,1
30976,1
30977,1
30978,1
30979,1
30980,0
30981,0
30982,1
30983,1
30984,0
30985,1
30986,1
30987,1
30988,1
30989,1
30990,0
30991,1
30992,0
30993,1
30994,0
30995,1
30996,1
30997,1
30998,1
30999,1
31000,1
31001,1
31002,0
31003,1
31004,1
31005,0
31006,1
31007,0
31008,1
31009,0
31010,1
31011,1
31012,0
31013,0
31014,1
31015,1
31016,0
31017,1
31018,1
31019,1
31020,1
31021,1
31022,1
31023,1
31024,1
31025,1
31026,0
31027,1
31028,1
31029,1
31030,1
31031,0
31032,1
31033,1
31034,1
31035,1
31036,0
31037,1
31038,0
31039,0
31040,1
31041,1
31042,0
31043,1
31044,1
31045,1
31046,1
31047,1
31048,1
31049,1
31050,0
31051,0
31052,1
31053,1
31054,0
31055,0
31056,1
31057,0
31058,1
31059,1
31060,1
31061,1
31062,1
31063,1
31064,1
31065,1
31066,1
31067,0
31068,1
31069,1
31070,1
31071,1
31072,1
31073,1
31074,0
31075,1
31076,1
31077,0
31078,1
31079,0
31080,1
31081,1
31082,1
31083,0
31084,1
31085,1
31086,1
31087,1
31088,1
31089,1
31090,1
31091,1
31092,1
31093,1
31094,1
31095,1
31096,1
31097,0
31098,1
31099,1
31100,1
31101,0
31102,0
31103,0
31104,0
31105,0
31106,0
31107,1
31108,0
31109,1
31110,0
31111,1
31112,0
31113,1
31114,1
31115,1
31116,1
31117,1
31118,1
31119,1
31120,1
31121,1
31122,0
31123,1
31124,0
31125,1
31126,1
31127,1
31128,0
31129,0
31130,1
31131,0
31132,1
31133,1
31134,1
31135,1
31136,1
31137,1
31138,1
31139,1
31140,1
31141,0
31142,0
31143,1
31144,0
31145,0
31146,1
31147,1
31148,1
31149,1
31150,1
31151,1
31152,1
31153,1
31154,1
31155,0
31156,0
31157,1
31158,1
31159,0
31160,1
31161,1
31162,0
31163,1
31164,0
31165,0
31166,0
31167,1
31168,1
31169,1
31170,1
31171,1
31172,1
31173,1
31174,1
31175,1
31176,1
31177,0
31178,1
31179,1
31180,1
31181,1
31182,1
31183,1
31184,1
31185,1
31186,0
31187,1
31188,1
31189,1
31190,1
31191,1
31192,0
31193,0
31194,0
31195,1
31196,1
31197,1
31198,1
31199,1
31200,0
31201,1
31202,0
31203,1
31204,1
31205,1
31206,0
31207,1
31208,1
31209,1
31210,0
31211,0
31212,1
31213,1
31214,0
31215,1
31216,1
31217,1
31218,1
31219,1
31220,0
31221,0
31222,0
31223,0
31224,1
31225,1
31226,1
31227,1
31228,1
31229,1
31230,1
31231,1
31232,0
31233,1
31234,1
31235,0
31236,1
31237,1
31238,1
31239,1
31240,1
31241,1
31242,1
31243,1
31244,0
31245,1
31246,1
31247,1
31248,0
31249,1
31250,1
31251,1
31252,0
31253,1
31254,1
31255,1
31256,0
31257,1
31258,1
31259,1
31260,1
31261,1
31262,1
31263,0
31264,1
31265,1
31266,1
31267,1
31268,1
31269,0
31270,0
31271,1
31272,0
31273,1
31274,1
31275,1
31276,1
31277,1
31278,1
31279,0
31280,1
31281,1
31282,0
31283,1
31284,1
31285,0
31286,1
31287,0
31288,1
31289,1
31290,1
31291,0
31292,1
31293,1
31294,0
31295,1
31296,1
31297,1
31298,1
31299,1
31300,1
31301,1
31302,0
31303,1
31304,1
31305,1
31306,1
31307,1
31308,1
31309,0
31310,1
31311,1
31312,1
31313,1
31314,0
31315,0
31316,1
31317,0
31318,1
31319,1
31320,1
31321,0
31322,1
31323,1
31324,0
31325,0
31326,1
31327,0
31328,0
31329,0
31330,1
31331,1
31332,0
31333,1
31334,1
31335,1
31336,1
31337,1
31338,1
31339,1
31340,1
31341,1
31342,1
31343,1
31344,1
31345,0
31346,1
31347,1
31348,1
31349,0
31350,1
31351,1
31352,0
31353,0
31354,1
31355,1
31356,1
31357,1
31358,1
31359,1
31360,0
31361,0
31362,1
31363,1
31364,1
31365,0
31366,0
31367,1
31368,1
31369,1
31370,1
31371,0
31372,1
31373,0
31374,0
31375,1
31376,0
31377,1
31378,1
31379,1
31380,1
31381,1
31382,0
31383,1
31384,0
31385,0
31386,0
31387,0
31388,1
31389,1
31390,1
31391,1
31392,1
31393,0
31394,1
31395,1
31396,0
31397,1
31398,1
31399,0
31400,1
31401,1
31402,0
31403,1
31404,1
31405,1
31406,1
31407,1
31408,1
31409,1
31410,1
31411,0
31412,0
31413,1
31414,0
31415,1
31416,1
31417,1
31418,1
31419,0
31420,0
31421,0
31422,0
31423,1
31424,1
31425,1
31426,1
31427,1
31428,1
31429,0
31430,1
31431,1
31432,0
31433,1
31434,0
31435,1
31436,1
31437,1
31438,1
31439,0
31440,1
31441,1
31442,0
31443,1
31444,1
31445,1
31446,0
31447,1
31448,1
31449,1
31450,0
31451,1
31452,0
31453,1
31454,1
31455,1
31456,0
31457,1
31458,1
31459,1
31460,1
31461,0
31462,1
31463,1
31464,1
31465,0
31466,1
31467,0
31468,0
31469,1
31470,1
31471,0
31472,0
31473,1
31474,1
31475,1
31476,0
31477,0
31478,1
31479,1
31480,1
31481,0
31482,1
31483,1
31484,1
31485,0
31486,1
31487,1
31488,1
31489,1
31490,0
31491,1
31492,1
31493,1
31494,1
31495,1
31496,1
31497,1
31498,1
31499,1
31500,1
31501,1
31502,0
31503,1
31504,1
31505,1
31506,1
31507,1
31508,1
31509,1
31510,0
31511,0
31512,1
31513,0
31514,1
31515,1
31516,0
31517,1
31518,1
31519,1
31520,1
31521,1
31522,1
31523,1
31524,0
31525,0
31526,1
31527,0
31528,1
31529,1
31530,1
31531,1
31532,0
31533,1
31534,1
31535,1
31536,0
31537,0
31538,1
31539,1
31540,1
31541,1
31542,0
31543,0
31544,1
31545,1
31546,1
31547,0
31548,1
31549,1
31550,1
31551,1
31552,0
31553,1
31554,0
31555,1
31556,0
31557,0
31558,1
31559,0
31560,1
31561,1
31562,1
31563,1
31564,1
31565,1
31566,1
31567,0
31568,1
31569,1
31570,1
31571,0
31572,1
31573,1
31574,1
31575,1
31576,0
31577,0
31578,1
31579,1
31580,1
31581,1
31582,1
31583,1
31584,0
31585,1
31586,1
31587,1
31588,1
31589,1
31590,1
31591,1
31592,1
31593,1
31594,0
31595,0
31596,1
31597,0
31598,1
31599,1
31600,0
31601,1
31602,0
31603,1
31604,1
31605,1
31606,1
31607,1
31608,1
31609,1
31610,0
31611,1
31612,1
31613,0
31614,1
31615,1
31616,1
31617,0
31618,1
31619,1
31620,1
31621,0
31622,1
31623,1
31624,0
31625,0
31626,0
31627,0
31628,1
31629,1
31630,1
31631,1
31632,1
31633,0
31634,1
31635,1
31636,1
31637,1
31638,0
31639,0
31640,1
31641,0
31642,0
31643,1
31644,1
31645,1
31646,0
31647,1
31648,1
31649,1
31650,1
31651,0
31652,1
31653,1
31654,1
31655,1
31656,1
31657,1
31658,1
31659,1
31660,0
31661,1
31662,1
31663,1
31664,1
31665,0
31666,1
31667,1
31668,1
31669,0
31670,1
31671,0
31672,1
31673,0
31674,1
31675,1
31676,1
31677,1
31678,1
31679,0
31680,1
31681,1
31682,0
31683,1
31684,1
31685,1
31686,1
31687,0
31688,1
31689,0
31690,1
31691,1
31692,1
31693,0
31694,1
31695,0
31696,1
31697,1
31698,1
31699,1
31700,1
31701,1
31702,1
31703,1
31704,1
31705,0
31706,0
31707,0
31708,0
31709,1
31710,1
31711,0
31712,1
31713,1
31714,0
31715,0
31716,1
31717,1
31718,1
31719,1
31720,1
31721,1
31722,1
31723,1
31724,1
31725,0
31726,0
31727,1
31728,1
31729,0
31730,1
31731,1
31732,1
31733,0
31734,1
31735,1
31736,1
31737,1
31738,1
31739,0
31740,1
31741,1
31742,1
31743,1
31744,1
31745,1
31746,0
31747,1
31748,1
31749,1
31750,1
31751,1
31752,1
31753,1
31754,1
31755,1
31756,1
31757,1
31758,1
31759,1
31760,1
31761,1
31762,1
31763,1
31764,1
31765,1
31766,0
31767,0
31768,0
31769,1
31770,1
31771,1
31772,1
31773,1
31774,0
31775,1
31776,0
31777,1
31778,1
31779,0
31780,1
31781,1
31782,1
31783,0
31784,1
31785,1
31786,1
31787,1
31788,1
31789,0
31790,0
31791,1
31792,0
31793,1
31794,1
31795,0
31796,1
31797,1
31798,1
31799,1
31800,1
31801,1
31802,1
31803,0
31804,1
31805,1
31806,0
31807,1
31808,1
31809,0
31810,1
31811,1
31812,1
31813,1
31814,1
31815,1
31816,1
31817,1
31818,1
31819,0
31820,1
31821,1
31822,1
31823,0
31824,1
31825,1
31826,1
31827,1
31828,0
31829,0
31830,1
31831,0
31832,0
31833,0
31834,1
31835,1
31836,0
31837,1
31838,1
31839,0
31840,1
31841,0
31842,0
31843,0
31844,1
31845,1
31846,0
31847,1
31848,1
31849,0
31850,0
31851,1
31852,1
31853,1
31854,1
31855,1
31856,0
31857,1
31858,1
31859,0
31860,1
31861,1
31862,1
31863,1
31864,1
31865,0
31866,1
31867,1
31868,1
31869,0
31870,1
31871,0
31872,1
31873,1
31874,1
31875,0
31876,1
31877,1
31878,1
31879,1
31880,0
31881,1
31882,1
31883,0
31884,1
31885,1
31886,0
31887,1
31888,1
31889,1
31890,0
31891,0
31892,1
31893,1
31894,1
31895,1
31896,1
31897,1
31898,1
31899,1
31900,1
31901,0
31902,1
31903,0
31904,1
31905,1
31906,1
31907,1
31908,1
31909,1
31910,0
31911,1
31912,0
31913,1
31914,0
31915,1
31916,1
31917,1
31918,1
31919,1
31920,0
31921,0
31922,0
31923,0
31924,1
31925,0
31926,1
31927,0
31928,1
31929,1
31930,1
31931,0
31932,1
31933,1
31934,1
31935,0
31936,0
31937,1
31938,1
31939,1
31940,1
31941,1
31942,1
31943,1
31944,1
31945,0
31946,0
31947,1
31948,1
31949,1
31950,1
31951,1
31952,1
31953,1
31954,1
31955,0
31956,1
31957,1
31958,1
31959,1
31960,1
31961,1
31962,0
31963,0
31964,1
31965,1
31966,1
31967,0
31968,1
31969,0
31970,1
31971,1
31972,1
31973,1
31974,1
31975,1
31976,0
31977,0
31978,1
31979,0
31980,0
31981,1
31982,1
31983,0
31984,1
31985,0
31986,0
31987,1
31988,1
31989,1
31990,1
31991,1
31992,1
31993,0
31994,1
31995,1
31996,0
31997,1
31998,1
31999,1
32000,1
32001,0
32002,1
32003,1
32004,0
32005,0
32006,0
32007,1
32008,1
32009,1
32010,0
32011,1
32012,1
32013,1
32014,1
32015,1
32016,1
32017,0
32018,1
32019,0
32020,0
32021,1
32022,1
32023,1
32024,1
32025,0
32026,1
32027,1
32028,1
32029,1
32030,0
32031,1
32032,1
32033,1
32034,0
32035,1
32036,1
32037,0
32038,1
32039,1
32040,1
32041,1
32042,1
32043,1
32044,1
32045,1
32046,1
32047,0
32048,0
32049,1
32050,0
32051,1
32052,1
32053,1
32054,0
32055,1
32056,1
32057,1
32058,1
32059,0
32060,1
32061,1
32062,1
32063,0
32064,1
32065,1
32066,1
32067,1
32068,0
32069,0
32070,0
32071,1
32072,0
32073,1
32074,1
32075,1
32076,1
32077,0
32078,1
32079,1
32080,0
32081,1
32082,0
32083,1
32084,1
32085,0
32086,0
32087,1
32088,0
32089,1
32090,1
32091,1
32092,1
32093,1
32094,1
32095,1
32096,1
32097,0
32098,1
32099,0
32100,0
32101,1
32102,1
32103,1
32104,1
32105,1
32106,1
32107,0
32108,0
32109,1
32110,1
32111,0
32112,0
32113,1
32114,1
32115,1
32116,1
32117,1
32118,1
32119,1
32120,0
32121,1
32122,1
32123,1
32124,0
32125,1
32126,1
32127,0
32128,0
32129,0
32130,1
32131,1
32132,1
32133,1
32134,1
32135,0
32136,0
32137,1
32138,0
32139,1
32140,0
32141,1
32142,1
32143,1
32144,1
32145,1
32146,0
32147,0
32148,1
32149,1
32150,0
32151,1
32152,1
32153,1
32154,0
32155,0
32156,1
32157,0
32158,1
32159,1
32160,0
32161,1
32162,1
32163,0
32164,1
32165,0
32166,1
32167,0
32168,1
32169,0
32170,0
32171,1
32172,1
32173,1
32174,0
32175,1
32176,1
32177,1
32178,1
32179,0
32180,1
32181,1
32182,1
32183,1
32184,0
32185,0
32186,1
32187,1
32188,1
32189,1
32190,0
32191,1
32192,0
32193,1
32194,0
32195,1
32196,1
32197,1
32198,1
32199,1
32200,0
32201,1
32202,1
32203,1
32204,1
32205,0
32206,1
32207,1
32208,1
32209,1
32210,0
32211,0
32212,1
32213,0
32214,1
32215,0
32216,1
32217,1
32218,1
32219,1
32220,0
32221,0
32222,1
32223,0
32224,1
32225,1
32226,1
32227,0
32228,1
32229,0
32230,1
32231,0
32232,1
32233,1
32234,1
32235,1
32236,1
32237,1
32238,0
32239,0
32240,1
32241,0
32242,1
32243,1
32244,1
32245,1
32246,1
32247,1
32248,1
32249,0
32250,0
32251,1
32252,0
32253,1
32254,0
32255,1
32256,1
32257,1
32258,0
32259,1
32260,1
32261,1
32262,1
32263,1
32264,0
32265,0
32266,1
32267,1
32268,1
32269,1
32270,0
32271,0
32272,1
32273,1
32274,0
32275,1
32276,0
32277,1
32278,1
32279,1
32280,1
32281,1
32282,0
32283,0
32284,0
32285,0
32286,1
32287,1
32288,1
32289,0
32290,1
32291,1
32292,1
32293,1
32294,1
32295,0
32296,1
32297,1
32298,1
32299,0
32300,1
32301,1
32302,0
32303,0
32304,0
32305,1
32306,1
32307,0
32308,1
32309,0
32310,0
32311,1
32312,1
32313,1
32314,1
32315,1
32316,1
32317,1
32318,0
32319,1
32320,1
32321,1
32322,1
32323,1
32324,1
32325,0
32326,0
32327,1
32328,1
32329,1
32330,1
32331,1
32332,1
32333,1
32334,1
32335,0
32336,1
32337,1
32338,1
32339,1
32340,1
32341,1
32342,0
32343,0
32344,0
32345,1
32346,1
32347,1
32348,1
32349,0
32350,0
32351,1
32352,1
32353,1
32354,1
32355,1
32356,1
32357,0
32358,1
32359,1
32360,0
32361,0
32362,0
32363,1
32364,0
32365,1
32366,1
32367,1
32368,0
32369,1
32370,0
32371,1
32372,0
32373,1
32374,1
32375,1
32376,1
32377,0
32378,0
32379,0
32380,1
32381,0
32382,1
32383,1
32384,1
32385,1
32386,1
32387,1
32388,0
32389,1
32390,0
32391,1
32392,0
32393,0
32394,0
32395,1
32396,1
32397,0
32398,0
32399,1
32400,1
32401,1
32402,1
32403,1
32404,1
32405,1
32406,1
32407,0
32408,0
32409,0
32410,0
32411,1
32412,1
32413,1
32414,1
32415,1
32416,1
32417,1
32418,1
32419,0
32420,1
32421,1
32422,1
32423,0
32424,1
32425,1
32426,0
32427,1
32428,0
32429,1
32430,0
32431,1
32432,0
32433,0
32434,0
32435,1
32436,1
32437,1
32438,1
32439,0
32440,0
32441,0
32442,1
32443,0
32444,1
32445,1
32446,1
32447,1
32448,0
32449,1
32450,0
32451,1
32452,0
32453,0
32454,1
32455,0
32456,1
32457,0
32458,1
32459,1
32460,0
32461,1
32462,1
32463,1
32464,1
32465,1
32466,1
32467,1
32468,1
32469,1
32470,1
32471,1
32472,1
32473,1
32474,1
32475,0
32476,0
32477,1
32478,1
32479,0
32480,0
32481,1
32482,1
32483,0
32484,0
32485,1
32486,0
32487,1
32488,1
32489,0
32490,1
32491,1
32492,1
32493,0
32494,1
32495,0
32496,1
32497,0
32498,1
32499,1
32500,1
32501,1
32502,0
32503,1
32504,1
32505,1
32506,1
32507,0
32508,1
32509,1
32510,1
32511,1
32512,1
32513,0
32514,1
32515,0
32516,1
32517,1
32518,1
32519,0
32520,1
32521,0
32522,1
32523,1
32524,1
32525,1
32526,0
32527,1
32528,1
32529,1
32530,1
32531,1
32532,0
32533,0
32534,1
32535,0
32536,1
32537,1
32538,0
32539,1
32540,0
32541,1
32542,1
32543,0
32544,1
32545,1
32546,1
32547,1
32548,0
32549,0
32550,1
32551,1
32552,0
32553,0
32554,1
32555,1
32556,0
32557,0
32558,1
32559,0
32560,1
32561,0
32562,1
32563,1
32564,1
32565,1
32566,1
32567,0
32568,0
32569,0
32570,1
32571,1
32572,1
32573,0
32574,0
32575,1
32576,0
32577,1
32578,1
32579,1
32580,1
32581,1
32582,0
32583,1
32584,1
32585,0
32586,1
32587,1
32588,1
32589,0
32590,0
32591,1
32592,0
32593,1
32594,0
32595,1
32596,1
32597,1
32598,1
32599,1
32600,1
32601,1
32602,1
32603,1
32604,1
32605,0
32606,1
32607,1
32608,1
32609,1
32610,0
32611,1
32612,0
32613,0
32614,1
32615,0
32616,0
32617,1
32618,1
32619,1
32620,1
32621,1
32622,1
32623,0
32624,1
32625,1
32626,1
32627,0
32628,1
32629,1
32630,1
32631,0
32632,1
32633,1
32634,1
32635,1
32636,1
32637,1
32638,0
32639,1
32640,1
32641,1
32642,1
32643,1
32644,0
32645,1
32646,1
32647,0
32648,1
32649,1
32650,1
32651,1
32652,1
32653,0
32654,1
32655,1
32656,1
32657,0
32658,1
32659,1
32660,1
32661,1
32662,0
32663,1
32664,0
32665,0
32666,1
32667,1
32668,1
32669,0
32670,1
32671,0
32672,0
32673,1
32674,1
32675,1
32676,1
32677,1
32678,0
32679,1
32680,1
32681,1
32682,1
32683,1
32684,1
32685,1
32686,1
32687,1
32688,1
32689,0
32690,1
32691,1
32692,1
32693,0
32694,0
32695,1
32696,1
32697,0
32698,0
32699,1
32700,1
32701,0
32702,1
32703,0
32704,1
32705,1
32706,1
32707,1
32708,1
32709,0
32710,1
32711,1
32712,1
32713,1
32714,0
32715,0
32716,0
32717,1
32718,0
32719,1
32720,0
32721,0
32722,1
32723,1
32724,1
32725,1
32726,1
32727,1
32728,1
32729,1
32730,1
32731,1
32732,1
32733,1
32734,1
32735,1
32736,1
32737,0
32738,0
32739,1
32740,1
32741,1
32742,0
32743,0
32744,1
32745,1
32746,0
32747,1
32748,1
32749,0
32750,0
32751,1
32752,1
32753,1
32754,1
32755,0
32756,1
32757,1
32758,1
32759,1
32760,1
32761,1
32762,0
32763,0
32764,1
32765,0
32766,1
32767,1
32768,1
32769,0
32770,0
32771,1
32772,0
32773,1
32774,1
32775,1
32776,0
32777,0
32778,1
32779,1
32780,1
32781,0
32782,1
32783,1
32784,0
32785,0
32786,1
32787,1
32788,1
32789,1
32790,0
32791,1
32792,1
32793,1
32794,1
32795,1
32796,1
32797,0
32798,0
32799,1
32800,0
32801,1
32802,1
32803,1
32804,0
32805,1
32806,1
32807,1
32808,1
32809,0
32810,1
32811,1
32812,0
32813,1
32814,1
32815,1
32816,1
32817,1
32818,1
32819,0
32820,0
32821,0
32822,1
32823,0
32824,0
32825,1
32826,1
32827,1
32828,1
32829,0
32830,1
32831,1
32832,0
32833,1
32834,0
32835,0
32836,1
32837,1
32838,1
32839,1
32840,0
32841,1
32842,1
32843,0
32844,1
32845,1
32846,1
32847,1
32848,1
32849,1
32850,0
32851,0
32852,1
32853,1
32854,1
32855,0
32856,1
32857,1
32858,1
32859,1
32860,0
32861,1
32862,1
32863,1
32864,1
32865,1
32866,0
32867,0
32868,1
32869,1
32870,1
32871,1
32872,1
32873,1
32874,1
32875,0
32876,1
32877,1
32878,1
32879,1
32880,1
32881,1
32882,0
32883,0
32884,0
32885,1
32886,1
32887,1
32888,0
32889,0
32890,1
32891,1
32892,0
32893,0
32894,0
32895,1
32896,1
32897,1
32898,1
32899,1
32900,1
32901,1
32902,1
32903,1
32904,1
32905,0
32906,1
32907,1
32908,0
32909,1
32910,1
32911,0
32912,1
32913,0
32914,0
32915,1
32916,1
32917,0
32918,1
32919,1
32920,1
32921,1
32922,0
32923,1
32924,0
32925,0
32926,1
32927,1
32928,0
32929,0
32930,0
32931,1
32932,0
32933,1
32934,1
32935,1
32936,1
32937,0
32938,1
32939,0
32940,1
32941,1
32942,1
32943,1
32944,1
32945,0
32946,1
32947,0
32948,1
32949,0
32950,1
32951,1
32952,1
32953,1
32954,0
32955,1
32956,1
32957,1
32958,1
32959,1
32960,1
32961,0
32962,0
32963,1
32964,1
32965,1
32966,1
32967,0
32968,1
32969,1
32970,1
32971,0
32972,0
32973,0
32974,1
32975,0
32976,1
32977,0
32978,1
32979,1
32980,0
32981,0
32982,1
32983,1
32984,0
32985,0
32986,1
32987,1
32988,0
32989,0
32990,1
32991,1
32992,1
32993,1
32994,1
32995,1
32996,1
32997,1
32998,1
32999,0
33000,1
33001,1
33002,1
33003,1
33004,1
33005,1
33006,1
33007,1
33008,1
33009,0
33010,0
33011,0
33012,1
33013,0
33014,1
33015,1
33016,0
33017,1
33018,1
33019,1
33020,0
33021,1
33022,1
33023,0
33024,1
33025,0
33026,0
33027,1
33028,1
33029,0
33030,1
33031,1
33032,1
33033,0
33034,1
33035,1
33036,0
33037,1
33038,1
33039,0
33040,1
33041,1
33042,1
33043,1
33044,1
33045,1
33046,1
33047,0
33048,1
33049,1
33050,1
33051,1
33052,0
33053,1
33054,1
33055,1
33056,0
33057,1
33058,1
33059,1
33060,0
33061,1
33062,0
33063,0
33064,1
33065,1
33066,0
33067,1
33068,0
33069,0
33070,1
33071,1
33072,1
33073,0
33074,1
33075,0
33076,1
33077,1
33078,1
33079,1
33080,1
33081,0
33082,1
33083,1
33084,0
33085,1
33086,0
33087,1
33088,1
33089,1
33090,1
33091,1
33092,1
33093,1
33094,1
33095,1
33096,1
33097,0
33098,0
33099,1
33100,1
33101,0
33102,0
33103,1
33104,1
33105,1
33106,0
33107,1
33108,1
33109,1
33110,1
33111,1
33112,1
33113,0
33114,1
33115,1
33116,0
33117,0
33118,1
33119,0
33120,1
33121,0
33122,1
33123,1
33124,0
33125,1
33126,1
33127,1
33128,1
33129,1
33130,1
33131,1
33132,1
33133,1
33134,1
33135,1
33136,1
33137,0
33138,0
33139,1
33140,0
33141,1
33142,0
33143,1
33144,1
33145,1
33146,1
33147,0
33148,1
33149,1
33150,1
33151,0
33152,1
33153,1
33154,1
33155,1
33156,1
33157,1
33158,1
33159,1
33160,1
33161,0
33162,1
33163,0
33164,1
33165,1
33166,1
33167,1
33168,1
33169,0
33170,1
33171,1
33172,0
33173,1
33174,1
33175,0
33176,1
33177,1
33178,0
33179,1
33180,1
33181,1
33182,0
33183,1
33184,1
33185,1
33186,0
33187,1
33188,1
33189,1
33190,1
33191,1
33192,0
33193,1
33194,1
33195,0
33196,1
33197,1
33198,0
33199,0
33200,1
33201,0
33202,1
33203,0
33204,1
33205,1
33206,1
33207,0
33208,1
33209,1
33210,0
33211,1
33212,1
33213,1
33214,0
33215,1
33216,1
33217,1
33218,1
33219,0
33220,0
33221,1
33222,1
33223,1
33224,1
33225,0
33226,1
33227,1
33228,1
33229,1
33230,1
33231,1
33232,1
33233,0
33234,0
33235,1
33236,0
33237,1
33238,1
33239,0
33240,1
33241,1
33242,1
33243,1
33244,1
33245,0
33246,1
33247,1
33248,1
33249,0
33250,1
33251,1
33252,1
33253,1
33254,1
33255,1
33256,1
33257,1
33258,1
33259,0
33260,1
33261,1
33262,1
33263,1
33264,1
33265,0
33266,1
33267,1
33268,1
33269,1
33270,0
33271,0
33272,0
33273,0
33274,1
33275,0
33276,0
33277,1
33278,0
33279,1
33280,1
33281,0
33282,1
33283,1
33284,1
33285,1
33286,1
33287,1
33288,1
33289,0
33290,0
33291,1
33292,1
33293,1
33294,1
33295,1
33296,0
33297,1
33298,1
33299,1
33300,1
33301,1
33302,1
33303,0
33304,0
33305,0
33306,1
33307,0
33308,1
33309,1
33310,1
33311,1
33312,0
33313,0
33314,1
33315,0
33316,0
33317,1
33318,0
33319,1
33320,1
33321,1
33322,0
33323,1
33324,1
33325,1
33326,1
33327,1
33328,0
33329,1
33330,0
33331,0
33332,1
33333,1
33334,0
33335,0
33336,0
33337,0
33338,1
33339,1
33340,1
33341,1
33342,1
33343,1
33344,1
33345,1
33346,1
33347,0
33348,1
33349,0
33350,1
33351,1
33352,1
33353,1
33354,1
33355,1
33356,1
33357,1
33358,0
33359,1
33360,0
33361,0
33362,0
33363,1
33364,1
33365,0
33366,0
33367,0
33368,1
33369,0
33370,1
33371,1
33372,1
33373,1
33374,1
33375,1
33376,1
33377,1
33378,1
33379,0
33380,1
33381,1
33382,0
33383,0
33384,0
33385,1
33386,1
33387,0
33388,1
33389,1
33390,0
33391,1
33392,0
33393,1
33394,0
33395,1
33396,1
33397,1
33398,1
33399,0
33400,1
33401,1
33402,1
33403,1
33404,1
33405,0
33406,0
33407,0
33408,1
33409,1
33410,1
33411,0
33412,1
33413,0
33414,0
33415,0
33416,1
33417,1
33418,1
33419,0
33420,1
33421,1
33422,1
33423,1
33424,1
33425,1
33426,0
33427,1
33428,1
33429,1
33430,0
33431,0
33432,0
33433,1
33434,1
33435,1
33436,0
33437,1
33438,0
33439,0
33440,0
33441,0
33442,1
33443,1
33444,1
33445,1
33446,0
33447,0
33448,1
33449,0
33450,1
33451,0
33452,1
33453,0
33454,1
33455,0
33456,1
33457,0
33458,1
33459,1
33460,1
33461,0
33462,1
33463,1
33464,1
33465,1
33466,0
33467,1
33468,0
33469,1
33470,1
33471,1
33472,1
33473,1
33474,1
33475,1
33476,0
33477,0
33478,1
33479,0
33480,0
33481,1
33482,1
33483,1
33484,0
33485,1
33486,0
33487,1
33488,1
33489,1
33490,1
33491,0
33492,1
33493,1
33494,0
33495,0
33496,1
33497,0
33498,1
33499,1
33500,1
33501,0
33502,1
33503,1
33504,1
33505,1
33506,1
33507,1
33508,1
33509,0
33510,1
33511,1
33512,1
33513,1
33514,0
33515,1
33516,1
33517,0
33518,1
33519,1
33520,0
33521,0
33522,0
33523,1
33524,1
33525,1
33526,1
33527,0
33528,1
33529,1
33530,1
33531,1
33532,0
33533,1
33534,1
33535,1
33536,1
33537,0
33538,0
33539,1
33540,0
33541,1
33542,1
33543,0
33544,0
33545,1
33546,0
33547,0
33548,0
33549,1
33550,1
33551,1
33552,1
33553,0
33554,0
33555,1
33556,0
33557,1
33558,1
33559,0
33560,0
33561,1
33562,0
33563,1
33564,1
33565,1
33566,1
33567,1
33568,1
33569,0
33570,0
33571,1
33572,0
33573,0
33574,1
33575,1
33576,0
33577,1
33578,1
33579,0
33580,1
33581,1
33582,1
33583,1
33584,1
33585,1
33586,0
33587,0
33588,1
33589,0
33590,1
33591,1
33592,1
33593,1
33594,1
33595,1
33596,1
33597,1
33598,1
33599,1
33600,1
33601,0
33602,1
33603,0
33604,1
33605,1
33606,1
33607,1
33608,1
33609,0
33610,1
33611,1
33612,0
33613,0
33614,1
33615,1
33616,0
33617,1
33618,1
33619,1
33620,0
33621,0
33622,1
33623,0
33624,1
33625,1
33626,1
33627,1
33628,0
33629,1
33630,1
33631,1
33632,1
33633,0
33634,0
33635,0
33636,1
33637,0
33638,1
33639,1
33640,0
33641,1
33642,1
33643,1
33644,1
33645,1
33646,0
33647,0
33648,0
33649,1
33650,0
33651,1
33652,1
33653,1
33654,1
33655,1
33656,0
33657,1
33658,1
33659,0
33660,0
33661,0
33662,1
33663,0
33664,1
33665,1
33666,1
33667,1
33668,1
33669,0
33670,0
33671,0
33672,0
33673,0
33674,1
33675,1
33676,1
33677,0
33678,1
33679,1
33680,0
33681,1
33682,1
33683,1
33684,1
33685,1
33686,1
33687,0
33688,1
33689,1
33690,0
33691,1
33692,0
33693,1
33694,0
33695,0
33696,0
33697,0
33698,1
33699,1
33700,0
33701,0
33702,0
33703,0
33704,0
33705,1
33706,1
33707,1
33708,1
33709,0
33710,1
33711,1
33712,1
33713,1
33714,1
33715,1
33716,1
33717,1
33718,0
33719,0
33720,1
33721,1
33722,0
33723,1
33724,1
33725,1
33726,1
33727,1
33728,1
33729,0
33730,1
33731,0
33732,1
33733,0
33734,1
33735,0
33736,1
33737,1
33738,1
33739,1
33740,1
33741,1
33742,1
33743,0
33744,0
33745,1
33746,1
33747,1
33748,0
33749,1
33750,0
33751,0
33752,1
33753,1
33754,1
33755,1
33756,1
33757,1
33758,1
33759,1
33760,1
33761,1
33762,1
33763,1
33764,1
33765,1
33766,0
33767,1
33768,1
33769,1
33770,1
33771,1
33772,1
33773,0
33774,1
33775,0
33776,1
33777,1
33778,1
33779,0
33780,1
33781,1
33782,1
33783,1
33784,1
33785,1
33786,1
33787,1
33788,1
33789,1
33790,1
33791,0
33792,1
33793,1
33794,1
33795,1
33796,0
33797,1
33798,0
33799,1
33800,0
33801,1
33802,1
33803,1
33804,1
33805,1
33806,0
33807,0
33808,0
33809,0
33810,1
33811,1
33812,1
33813,1
33814,1
33815,1
33816,1
33817,1
33818,1
33819,1
33820,1
33821,1
33822,1
33823,1
33824,0
33825,1
33826,0
33827,0
33828,1
33829,1
33830,0
33831,0
33832,1
33833,0
33834,1
33835,1
33836,1
33837,1
33838,1
33839,1
33840,0
33841,1
33842,1
33843,1
33844,0
33845,1
33846,1
33847,0
33848,1
33849,1
33850,0
33851,1
33852,1
33853,0
33854,1
33855,1
33856,1
33857,1
33858,1
33859,0
33860,1
33861,1
33862,1
33863,1
33864,1
33865,1
33866,1
33867,1
33868,1
33869,1
33870,1
33871,1
33872,1
33873,0
33874,1
33875,1
33876,1
33877,1
33878,0
33879,1
33880,1
33881,1
33882,1
33883,0
33884,0
33885,1
33886,0
33887,1
33888,1
33889,0
33890,1
33891,0
33892,1
33893,1
33894,0
33895,1
33896,1
33897,1
33898,1
33899,1
33900,1
33901,1
33902,1
33903,1
33904,1
33905,1
33906,1
33907,1
33908,1
33909,1
33910,1
33911,1
33912,1
33913,1
33914,1
33915,1
33916,1
33917,1
33918,0
33919,1
33920,1
33921,1
33922,1
33923,0
33924,1
33925,1
33926,1
33927,0
33928,1
33929,0
33930,0
33931,1
33932,1
33933,1
33934,0
33935,1
33936,1
33937,1
33938,1
33939,1
33940,1
33941,0
33942,0
33943,0
33944,0
33945,0
33946,0
33947,0
33948,0
33949,1
33950,1
33951,1
33952,1
33953,0
33954,1
33955,1
33956,1
33957,1
33958,1
33959,1
33960,1
33961,1
33962,0
33963,0
33964,1
33965,1
33966,1
33967,0
33968,1
33969,0
33970,0
33971,1
33972,1
33973,1
33974,1
33975,1
33976,1
33977,0
33978,1
33979,0
33980,0
33981,1
33982,1
33983,1
33984,0
33985,1
33986,0
33987,1
33988,1
33989,0
33990,0
33991,1
33992,0
33993,1
33994,1
33995,1
33996,0
33997,1
33998,0
33999,0
34000,0
34001,1
34002,1
34003,1
34004,1
34005,0
34006,1
34007,1
34008,1
34009,1
34010,1
34011,0
34012,1
34013,1
34014,0
34015,1
34016,0
34017,1
34018,1
34019,1
34020,1
34021,1
34022,0
34023,1
34024,1
34025,1
34026,1
34027,1
34028,1
34029,1
34030,1
34031,1
34032,1
34033,0
34034,1
34035,0
34036,1
34037,0
34038,0
34039,1
34040,1
34041,1
34042,1
34043,1
34044,1
34045,0
34046,1
34047,1
34048,1
34049,1
34050,1
34051,1
34052,1
34053,1
34054,1
34055,1
34056,0
34057,1
34058,1
34059,0
34060,1
34061,0
34062,0
34063,1
34064,1
34065,0
34066,1
34067,1
34068,1
34069,1
34070,0
34071,0
34072,0
34073,1
34074,1
34075,1
34076,1
34077,1
34078,1
34079,0
34080,0
34081,1
34082,1
34083,1
34084,0
34085,0
34086,1
34087,0
34088,1
34089,1
34090,0
34091,1
34092,1
34093,1
34094,1
34095,0
34096,1
34097,1
34098,1
34099,1
34100,1
34101,1
34102,1
34103,1
34104,1
34105,1
34106,1
34107,0
34108,0
34109,0
34110,1
34111,0
34112,1
34113,1
34114,1
34115,1
34116,1
34117,0
34118,1
34119,1
34120,1
34121,1
34122,0
34123,1
34124,0
34125,1
34126,1
34127,0
34128,0
34129,0
34130,1
34131,0
34132,0
34133,1
34134,1
34135,1
34136,1
34137,1
34138,0
34139,0
34140,0
34141,1
34142,1
34143,0
34144,1
34145,1
34146,1
34147,1
34148,0
34149,1
34150,1
34151,1
34152,0
34153,1
34154,1
34155,0
34156,1
34157,0
34158,0
34159,0
34160,1
34161,1
34162,0
34163,0
34164,0
34165,1
34166,1
34167,1
34168,1
34169,0
34170,1
34171,0
34172,1
34173,1
34174,1
34175,1
34176,1
34177,0
34178,1
34179,0
34180,1
34181,0
34182,1
34183,1
34184,1
34185,1
34186,1
34187,0
34188,1
34189,1
34190,0
34191,1
34192,0
34193,1
34194,1
34195,1
34196,1
34197,1
34198,0
34199,1
34200,0
34201,1
34202,1
34203,1
34204,0
34205,1
34206,0
34207,1
34208,0
34209,1
34210,1
34211,1
34212,1
34213,0
34214,0
34215,1
34216,1
34217,0
34218,1
34219,1
34220,0
34221,1
34222,0
34223,1
34224,1
34225,1
34226,1
34227,1
34228,1
34229,1
34230,0
34231,1
34232,0
34233,0
34234,1
34235,0
34236,1
34237,1
34238,1
34239,0
34240,0
34241,0
34242,1
34243,1
34244,0
34245,1
34246,1
34247,1
34248,0
34249,1
34250,1
34251,1
34252,0
34253,1
34254,1
34255,1
34256,1
34257,1
34258,0
34259,1
34260,0
34261,1
34262,0
34263,1
34264,1
34265,0
34266,0
34267,1
34268,1
34269,1
34270,1
34271,0
34272,1
34273,1
34274,1
34275,1
34276,1
34277,1
34278,1
34279,1
34280,1
34281,1
34282,1
34283,0
34284,1
34285,1
34286,1
34287,1
34288,1
34289,0
34290,1
34291,1
34292,1
34293,0
34294,1
34295,1
34296,1
34297,0
34298,1
34299,1
34300,1
34301,1
34302,0
34303,1
34304,0
34305,1
34306,1
34307,1
34308,0
34309,1
34310,0
34311,0
34312,0
34313,1
34314,1
34315,1
34316,1
34317,1
34318,1
34319,0
34320,1
34321,1
34322,1
34323,0
34324,0
34325,1
34326,0
34327,0
34328,1
34329,1
34330,1
34331,1
34332,1
34333,1
34334,0
34335,1
34336,1
34337,1
34338,1
34339,1
34340,1
34341,1
34342,0
34343,1
34344,1
34345,1
34346,1
34347,1
34348,1
34349,1
34350,1
34351,1
34352,1
34353,1
34354,1
34355,1
34356,1
34357,1
34358,0
34359,1
34360,1
34361,1
34362,1
34363,0
34364,1
34365,1
34366,0
34367,0
34368,1
34369,0
34370,0
34371,0
34372,1
34373,1
34374,1
34375,1
34376,1
34377,0
34378,0
34379,1
34380,1
34381,1
34382,0
34383,0
34384,1
34385,1
34386,1
34387,1
34388,0
34389,0
34390,1
34391,1
34392,1
34393,1
34394,0
34395,1
34396,1
34397,0
34398,1
34399,1
34400,1
34401,1
34402,0
34403,1
34404,1
34405,1
34406,1
34407,1
34408,0
34409,1
34410,1
34411,1
34412,0
34413,1
34414,1
34415,0
34416,1
34417,1
34418,0
34419,1
34420,1
34421,1
34422,0
34423,0
34424,0
34425,0
34426,1
34427,0
34428,1
34429,1
34430,0
34431,1
34432,1
34433,0
34434,0
34435,1
34436,1
34437,1
34438,1
34439,1
34440,1
34441,1
34442,0
34443,1
34444,1
34445,0
34446,1
34447,1
34448,1
34449,1
34450,1
34451,1
34452,1
34453,0
34454,1
34455,1
34456,1
34457,0
34458,1
34459,1
34460,1
34461,1
34462,1
34463,1
34464,1
34465,1
34466,0
34467,1
34468,1
34469,1
34470,1
34471,0
34472,1
34473,1
34474,0
34475,1
34476,1
34477,1
34478,1
34479,0
34480,0
34481,1
34482,1
34483,0
34484,1
34485,1
34486,1
34487,1
34488,1
34489,1
34490,1
34491,1
34492,0
34493,1
34494,1
34495,1
34496,1
34497,0
34498,1
34499,1
34500,1
34501,1
34502,1
34503,1
34504,1
34505,0
34506,1
34507,1
34508,1
34509,1
34510,0
34511,0
34512,0
34513,1
34514,1
34515,1
34516,1
34517,1
34518,0
34519,1
34520,1
34521,1
34522,1
34523,1
34524,1
34525,1
34526,1
34527,1
34528,0
34529,1
34530,1
34531,1
34532,1
34533,1
34534,0
34535,1
34536,1
34537,0
34538,1
34539,1
34540,1
34541,1
34542,0
34543,1
34544,0
34545,1
34546,1
34547,1
34548,1
34549,0
34550,0
34551,1
34552,0
34553,0
34554,0
34555,1
34556,1
34557,1
34558,1
34559,0
34560,0
34561,1
34562,1
34563,1
34564,1
34565,1
34566,1
34567,1
34568,1
34569,0
34570,1
34571,1
34572,1
34573,0
34574,1
34575,1
34576,1
34577,1
34578,1
34579,1
34580,1
34581,1
34582,1
34583,1
34584,1
34585,1
34586,1
34587,1
34588,1
34589,1
34590,1
34591,1
34592,1
34593,1
34594,1
34595,1
34596,1
34597,1
34598,0
34599,1
34600,1
34601,0
34602,1
34603,0
34604,0
34605,1
34606,1
34607,0
34608,1
34609,1
34610,1
34611,1
34612,0
34613,0
34614,1
34615,1
34616,1
34617,1
34618,1
34619,1
34620,0
34621,1
34622,1
34623,1
34624,1
34625,1
34626,1
34627,1
34628,0
34629,0
34630,0
34631,0
34632,1
34633,0
34634,0
34635,0
34636,0
34637,0
34638,0
34639,1
34640,0
34641,1
34642,1
34643,0
34644,1
34645,0
34646,0
34647,0
34648,1
34649,1
34650,0
34651,1
34652,1
34653,1
34654,0
34655,1
34656,1
34657,0
34658,1
34659,0
34660,1
34661,1
34662,1
34663,1
34664,1
34665,1
34666,0
34667,1
34668,0
34669,1
34670,1
34671,1
34672,1
34673,1
34674,0
34675,0
34676,1
34677,1
34678,0
34679,0
34680,1
34681,1
34682,1
34683,1
34684,1
34685,0
34686,1
34687,1
34688,1
34689,1
34690,1
34691,1
34692,0
34693,0
34694,0
34695,1
34696,0
34697,1
34698,1
34699,1
34700,1
34701,1
34702,1
34703,1
34704,0
34705,0
34706,0
34707,0
34708,1
34709,0
34710,1
34711,0
34712,1
34713,0
34714,1
34715,0
34716,1
34717,0
34718,1
34719,0
34720,0
34721,1
34722,1
34723,1
34724,1
34725,1
34726,1
34727,1
34728,0
34729,0
34730,0
34731,1
34732,1
34733,1
34734,1
34735,1
34736,0
34737,1
34738,1
34739,1
34740,1
34741,1
34742,1
34743,1
34744,1
34745,1
34746,1
34747,0
34748,0
34749,1
34750,1
34751,1
34752,0
34753,0
34754,1
34755,1
34756,0
34757,1
34758,0
34759,1
34760,1
34761,1
34762,1
34763,1
34764,1
34765,0
34766,0
34767,1
34768,1
34769,1
34770,1
34771,0
34772,1
34773,1
34774,1
34775,1
34776,1
34777,1
34778,1
34779,0
34780,1
34781,1
34782,1
34783,1
34784,1
34785,0
34786,1
34787,1
34788,1
34789,1
34790,0
34791,1
34792,0
34793,1
34794,0
34795,1
34796,1
34797,1
34798,0
34799,0
34800,1
34801,1
34802,1
34803,0
34804,1
34805,1
34806,0
34807,0
34808,1
34809,1
34810,1
34811,1
34812,1
34813,1
34814,1
34815,1
34816,1
34817,1
34818,1
34819,0
34820,1
34821,1
34822,1
34823,1
34824,1
34825,1
34826,0
34827,0
34828,1
34829,1
34830,1
34831,0
34832,0
34833,1
34834,1
34835,0
34836,0
34837,1
34838,1
34839,0
34840,1
34841,1
34842,0
34843,1
34844,0
34845,1
34846,1
34847,0
34848,1
34849,0
34850,1
34851,1
34852,1
34853,1
34854,1
34855,0
34856,1
34857,1
34858,1
34859,0
34860,1
34861,1
34862,1
34863,1
34864,0
34865,1
34866,0
34867,1
34868,1
34869,1
34870,1
34871,1
34872,0
34873,1
34874,0
34875,1
34876,0
34877,1
34878,1
34879,1
34880,1
34881,0
34882,0
34883,0
34884,1
34885,1
34886,1
34887,1
34888,0
34889,0
34890,1
34891,1
34892,1
34893,0
34894,1
34895,1
34896,1
34897,1
34898,1
34899,1
34900,1
34901,1
34902,0
34903,1
34904,1
34905,0
34906,0
34907,1
34908,1
34909,0
34910,0
34911,1
34912,1
34913,1
34914,1
34915,0
34916,1
34917,1
34918,0
34919,1
34920,1
34921,1
34922,0
34923,1
34924,1
34925,0
34926,1
34927,1
34928,1
34929,1
34930,0
34931,0
34932,0
34933,1
34934,0
34935,1
34936,1
34937,0
34938,1
34939,0
34940,1
34941,1
34942,1
34943,1
34944,1
34945,0
34946,1
34947,0
34948,1
34949,0
34950,1
34951,1
34952,1
34953,1
34954,0
34955,1
34956,1
34957,0
34958,0
34959,1
34960,1
34961,0
34962,1
34963,1
34964,1
34965,1
34966,1
34967,1
34968,1
34969,1
34970,0
34971,0
34972,1
34973,1
34974,1
34975,1
34976,0
34977,1
34978,1
34979,0
34980,0
34981,1
34982,0
34983,1
34984,1
34985,1
34986,0
34987,0
34988,1
34989,1
34990,0
34991,0
34992,0
34993,1
34994,1
34995,1
34996,1
34997,1
34998,1
34999,0
35000,1
35001,1
35002,1
35003,0
35004,0
35005,1
35006,0
35007,1
35008,1
35009,0
35010,0
35011,1
35012,1
35013,0
35014,0
35015,1
35016,1
35017,1
35018,0
35019,1
35020,1
35021,0
35022,0
35023,1
35024,0
35025,1
35026,1
35027,0
35028,1
35029,1
35030,0
35031,1
35032,1
35033,1
35034,1
35035,1
35036,1
35037,1
35038,1
35039,1
35040,1
35041,1
35042,1
35043,0
35044,1
35045,1
35046,0
35047,1
35048,1
35049,0
35050,1
35051,1
35052,1
35053,1
35054,1
35055,1
35056,0
35057,0
35058,0
35059,1
35060,1
35061,1
35062,1
35063,1
35064,0
35065,0
35066,1
35067,0
35068,1
35069,0
35070,1
35071,0
35072,1
35073,1
35074,1
35075,1
35076,1
35077,1
35078,1
35079,0
35080,1
35081,1
35082,0
35083,1
35084,1
35085,1
35086,0
35087,1
35088,1
35089,1
35090,1
35091,1
35092,1
35093,0
35094,1
35095,1
35096,1
35097,1
35098,1
35099,0
35100,1
35101,1
35102,1
35103,1
35104,1
35105,1
35106,0
35107,0
35108,0
35109,1
35110,1
35111,1
35112,0
35113,0
35114,0
35115,1
35116,1
35117,1
35118,0
35119,1
35120,1
35121,1
35122,0
35123,1
35124,1
35125,0
35126,0
35127,0
35128,0
35129,0
35130,1
35131,1
35132,1
35133,0
35134,1
35135,1
35136,1
35137,1
35138,1
35139,1
35140,0
35141,0
35142,0
35143,1
35144,0
35145,1
35146,0
35147,1
35148,1
35149,0
35150,1
35151,0
35152,1
35153,1
35154,0
35155,1
35156,1
35157,0
35158,0
35159,0
35160,1
35161,1
35162,1
35163,1
35164,1
35165,0
35166,1
35167,1
35168,1
35169,1
35170,1
35171,1
35172,1
35173,1
35174,1
35175,1
35176,1
35177,1
35178,1
35179,1
35180,1
35181,0
35182,1
35183,1
35184,1
35185,0
35186,1
35187,0
35188,0
35189,1
35190,0
35191,0
35192,1
35193,1
35194,1
35195,0
35196,1
35197,1
35198,1
35199,1
35200,0
35201,1
35202,1
35203,1
35204,0
35205,1
35206,1
35207,1
35208,0
35209,0
35210,0
35211,1
35212,1
35213,1
35214,1
35215,1
35216,0
35217,0
35218,1
35219,0
35220,1
35221,1
35222,1
35223,0
35224,1
35225,1
35226,0
35227,1
35228,1
35229,1
35230,0
35231,1
35232,0
35233,0
35234,0
35235,0
35236,0
35237,0
35238,1
35239,1
35240,1
35241,1
35242,1
35243,1
35244,1
35245,1
35246,1
35247,0
35248,0
35249,1
35250,1
35251,1
35252,1
35253,0
35254,1
35255,1
35256,1
35257,1
35258,1
35259,1
35260,1
35261,1
35262,0
35263,0
35264,1
35265,1
35266,1
35267,1
35268,1
35269,0
35270,1
35271,1
35272,1
35273,1
35274,0
35275,1
35276,1
35277,1
35278,0
35279,1
35280,1
35281,0
35282,1
35283,0
35284,1
35285,1
35286,1
35287,0
35288,1
35289,0
35290,0
35291,0
35292,0
35293,1
35294,0
35295,1
35296,1
35297,1
35298,1
35299,1
35300,1
35301,0
35302,1
35303,1
35304,1
35305,0
35306,1
35307,1
35308,1
35309,1
35310,1
35311,0
35312,1
35313,0
35314,1
35315,0
35316,1
35317,1
35318,0
35319,0
35320,0
35321,1
35322,0
35323,1
35324,1
35325,0
35326,0
35327,1
35328,1
35329,1
35330,1
35331,0
35332,1
35333,0
35334,0
35335,0
35336,1
35337,1
35338,1
35339,0
35340,1
35341,1
35342,1
35343,1
35344,0
35345,1
35346,1
35347,1
35348,0
35349,1
35350,0
35351,0
35352,1
35353,0
35354,1
35355,1
35356,1
35357,1
35358,1
35359,0
35360,1
35361,1
35362,1
35363,1
35364,1
35365,1
35366,0
35367,1
35368,0
35369,1
35370,1
35371,1
35372,1
35373,1
35374,0
35375,1
35376,1
35377,1
35378,1
35379,1
35380,0
35381,1
35382,1
35383,1
35384,1
35385,1
35386,1
35387,1
35388,1
35389,1
35390,0
35391,1
35392,1
35393,0
35394,0
35395,1
35396,0
35397,1
35398,1
35399,0
35400,0
35401,1
35402,1
35403,1
35404,1
35405,1
35406,1
35407,0
35408,1
35409,1
35410,0
35411,0
35412,1
35413,1
35414,1
35415,0
35416,1
35417,1
35418,1
35419,1
35420,1
35421,0
35422,0
35423,1
35424,0
35425,0
35426,1
35427,1
35428,1
35429,1
35430,1
35431,1
35432,0
35433,0
35434,1
35435,1
35436,1
35437,1
35438,1
35439,1
35440,1
35441,1
35442,1
35443,1
35444,1
35445,1
35446,0
35447,1
35448,1
35449,1
35450,0
35451,0
35452,1
35453,1
35454,1
35455,1
35456,1
35457,1
35458,1
35459,1
35460,0
35461,0
35462,1
35463,1
35464,1
35465,0
35466,1
35467,1
35468,0
35469,0
35470,1
35471,1
35472,1
35473,1
35474,1
35475,0
35476,1
35477,1
35478,1
35479,0
35480,1
35481,1
35482,1
35483,0
35484,1
35485,0
35486,0
35487,1
35488,1
35489,1
35490,1
35491,1
35492,1
35493,0
35494,1
35495,0
35496,0
35497,1
35498,1
35499,1
35500,1
35501,0
35502,0
35503,1
35504,0
35505,1
35506,1
35507,1
35508,1
35509,1
35510,0
35511,1
35512,1
35513,1
35514,1
35515,0
35516,0
35517,1
35518,1
35519,0
35520,1
35521,0
35522,1
35523,0
35524,1
35525,1
35526,0
35527,1
35528,1
35529,1
35530,1
35531,0
35532,1
35533,0
35534,1
35535,0
35536,1
35537,1
35538,0
35539,1
35540,0
35541,0
35542,1
35543,1
35544,1
35545,0
35546,1
35547,1
35548,1
35549,1
35550,1
35551,1
35552,1
35553,0
35554,1
35555,1
35556,1
35557,0
35558,1
35559,0
35560,1
35561,1
35562,1
35563,1
35564,1
35565,1
35566,1
35567,0
35568,1
35569,1
35570,1
35571,0
35572,1
35573,1
35574,0
35575,0
35576,1
35577,1
35578,1
35579,1
35580,1
35581,0
35582,1
35583,1
35584,1
35585,1
35586,1
35587,0
35588,1
35589,1
35590,0
35591,1
35592,1
35593,0
35594,1
35595,1
35596,0
35597,1
35598,1
35599,1
35600,0
35601,1
35602,1
35603,0
35604,1
35605,0
35606,1
35607,1
35608,1
35609,0
35610,0
35611,1
35612,1
35613,0
35614,0
35615,0
35616,1
35617,1
35618,1
35619,1
35620,1
35621,1
35622,1
35623,1
35624,1
35625,1
35626,0
35627,1
35628,1
35629,0
35630,1
35631,1
35632,1
35633,1
35634,1
35635,0
35636,0
35637,1
35638,1
35639,1
35640,1
35641,1
35642,1
35643,1
35644,1
35645,1
35646,1
35647,0
35648,1
35649,0
35650,0
35651,1
35652,1
35653,1
35654,1
35655,1
35656,0
35657,1
35658,1
35659,1
35660,0
35661,1
35662,0
35663,1
35664,1
35665,0
35666,1
35667,1
35668,1
35669,1
35670,1
35671,1
35672,0
35673,1
35674,1
35675,0
35676,0
35677,0
35678,1
35679,0
35680,1
35681,1
35682,1
35683,0
35684,0
35685,0
35686,1
35687,1
35688,1
35689,0
35690,0
35691,1
35692,1
35693,0
35694,1
35695,1
35696,1
35697,1
35698,1
35699,1
35700,1
35701,0
35702,1
35703,1
35704,1
35705,1
35706,1
35707,1
35708,1
35709,1
35710,1
35711,1
35712,0
35713,1
35714,1
35715,0
35716,0
35717,1
35718,1
35719,1
35720,1
35721,1
35722,1
35723,1
35724,1
35725,0
35726,1
35727,1
35728,1
35729,1
35730,1
35731,1
35732,1
35733,1
35734,0
35735,1
35736,1
35737,0
35738,1
35739,1
35740,0
35741,1
35742,1
35743,1
35744,1
35745,1
35746,1
35747,0
35748,1
35749,1
35750,1
35751,1
35752,1
35753,1
35754,1
35755,1
35756,0
35757,1
35758,1
35759,0
35760,1
35761,1
35762,0
35763,1
35764,0
35765,1
35766,0
35767,1
35768,1
35769,1
35770,1
35771,1
35772,0
35773,1
35774,0
35775,1
35776,1
35777,0
35778,1
35779,0
35780,0
35781,1
35782,1
35783,0
35784,0
35785,1
35786,1
35787,1
35788,1
35789,1
35790,0
35791,1
35792,1
35793,1
35794,1
35795,0
35796,1
35797,0
35798,1
35799,1
35800,1
35801,1
35802,0
35803,1
35804,0
35805,1
35806,1
35807,1
35808,0
35809,0
35810,1
35811,0
35812,1
35813,1
35814,1
35815,1
35816,1
35817,1
35818,1
35819,1
35820,0
35821,1
35822,1
35823,1
35824,1
35825,1
35826,1
35827,1
35828,1
35829,1
35830,1
35831,1
35832,1
35833,0
35834,1
35835,1
35836,1
35837,0
35838,1
35839,1
35840,1
35841,1
35842,1
35843,0
35844,0
35845,1
35846,1
35847,1
35848,1
35849,0
35850,1
35851,0
35852,1
35853,1
35854,0
35855,1
35856,0
35857,0
35858,0
35859,1
35860,1
35861,0
35862,1
35863,1
35864,0
35865,1
35866,1
35867,1
35868,1
35869,1
35870,0
35871,1
35872,1
35873,0
35874,1
35875,1
35876,1
35877,1
35878,0
35879,1
35880,0
35881,1
35882,1
35883,1
35884,1
35885,0
35886,0
35887,0
35888,0
35889,0
35890,0
35891,0
35892,0
35893,1
35894,1
35895,1
35896,0
35897,1
35898,1
35899,1
35900,0
35901,1
35902,1
35903,0
35904,0
35905,1
35906,0
35907,1
35908,1
35909,1
35910,1
35911,1
35912,1
35913,1
35914,0
35915,1
35916,1
35917,1
35918,1
35919,1
35920,0
35921,1
35922,0
35923,1
35924,0
35925,1
35926,1
35927,1
35928,1
35929,1
35930,0
35931,1
35932,1
35933,1
35934,1
35935,1
35936,0
35937,1
35938,1
35939,0
35940,1
35941,0
35942,1
35943,1
35944,1
35945,1
35946,0
35947,1
35948,1
35949,1
35950,1
35951,1
35952,0
35953,1
35954,1
35955,1
35956,1
35957,1
35958,1
35959,1
35960,0
35961,1
35962,1
35963,1
35964,1
35965,1
35966,1
35967,1
35968,0
35969,1
35970,0
35971,1
35972,0
35973,1
35974,1
35975,0
35976,0
35977,0
35978,1
35979,1
35980,1
35981,1
35982,1
35983,1
35984,1
35985,1
35986,1
35987,0
35988,0
35989,1
35990,0
35991,1
35992,1
35993,1
35994,0
35995,0
35996,1
35997,1
35998,1
35999,1
36000,1
36001,0
36002,1
36003,1
36004,1
36005,1
36006,0
36007,0
36008,1
36009,1
36010,1
36011,1
36012,1
36013,1
36014,1
36015,0
36016,1
36017,0
36018,0
36019,1
36020,1
36021,1
36022,0
36023,1
36024,1
36025,0
36026,1
36027,1
36028,0
36029,1
36030,0
36031,0
36032,1
36033,1
36034,0
36035,0
36036,0
36037,1
36038,1
36039,1
36040,0
36041,1
36042,1
36043,1
36044,1
36045,1
36046,0
36047,1
36048,1
36049,1
36050,1
36051,1
36052,1
36053,1
36054,0
36055,1
36056,1
36057,1
36058,0
36059,1
36060,1
36061,0
36062,0
36063,0
36064,1
36065,1
36066,1
36067,1
36068,1
36069,1
36070,1
36071,0
36072,1
36073,1
36074,1
36075,1
36076,1
36077,1
36078,1
36079,1
36080,0
36081,1
36082,1
36083,1
36084,1
36085,0
36086,1
36087,0
36088,0
36089,0
36090,1
36091,1
36092,0
36093,1
36094,0
36095,1
36096,1
36097,0
36098,0
36099,1
36100,1
36101,1
36102,1
36103,1
36104,1
36105,1
36106,0
36107,1
36108,1
36109,1
36110,1
36111,1
36112,0
36113,1
36114,1
36115,0
36116,1
36117,1
36118,1
36119,0
36120,1
36121,1
36122,1
36123,1
36124,1
36125,0
36126,0
36127,1
36128,1
36129,0
36130,1
36131,0
36132,1
36133,1
36134,1
36135,1
36136,1
36137,0
36138,1
36139,1
36140,1
36141,1
36142,1
36143,1
36144,0
36145,1
36146,1
36147,1
36148,1
36149,1
36150,1
36151,0
36152,1
36153,1
36154,1
36155,0
36156,0
36157,0
36158,1
36159,0
36160,1
36161,0
36162,1
36163,1
36164,0
36165,1
36166,1
36167,0
36168,1
36169,1
36170,1
36171,1
36172,1
36173,1
36174,1
36175,1
36176,0
36177,1
36178,1
36179,1
36180,1
36181,1
36182,1
36183,1
36184,1
36185,0
36186,1
36187,0
36188,1
36189,1
36190,1
36191,1
36192,1
36193,0
36194,0
36195,1
36196,1
36197,1
36198,1
36199,1
36200,1
36201,0
36202,1
36203,1
36204,1
36205,0
36206,1
36207,1
36208,1
36209,0
36210,0
36211,1
36212,1
36213,0
36214,1
36215,1
36216,1
36217,1
36218,1
36219,1
36220,1
36221,1
36222,1
36223,1
36224,1
36225,1
36226,1
36227,1
36228,1
36229,1
36230,1
36231,1
36232,1
36233,0
36234,0
36235,0
36236,1
36237,1
36238,1
36239,1
36240,1
36241,0
36242,0
36243,0
36244,0
36245,1
36246,0
36247,1
36248,1
36249,0
36250,0
36251,1
36252,1
36253,1
36254,1
36255,0
36256,1
36257,1
36258,1
36259,1
36260,1
36261,1
36262,1
36263,1
36264,1
36265,1
36266,1
36267,1
36268,1
36269,1
36270,0
36271,1
36272,0
36273,1
36274,0
36275,1
36276,1
36277,1
36278,0
36279,1
36280,1
36281,1
36282,1
36283,1
36284,1
36285,0
36286,1
36287,1
36288,1
36289,1
36290,1
36291,0
36292,0
36293,0
36294,1
36295,1
36296,1
36297,0
36298,1
36299,1
36300,1
36301,1
36302,1
36303,1
36304,1
36305,1
36306,1
36307,0
36308,0
36309,0
36310,0
36311,0
36312,1
36313,1
36314,1
36315,0
36316,0
36317,0
36318,1
36319,1
36320,1
36321,0
36322,1
36323,0
36324,1
36325,0
36326,0
36327,1
36328,0
36329,0
36330,1
36331,1
36332,0
36333,1
36334,1
36335,1
36336,0
36337,1
36338,1
36339,1
36340,0
36341,0
36342,1
36343,1
36344,1
36345,1
36346,1
36347,1
36348,1
36349,1
36350,1
36351,1
36352,0
36353,1
36354,0
36355,1
36356,1
36357,1
36358,0
36359,0
36360,1
36361,1
36362,0
36363,1
36364,1
36365,1
36366,0
36367,1
36368,1
36369,1
36370,0
36371,1
36372,1
36373,1
36374,1
36375,0
36376,0
36377,0
36378,1
36379,1
36380,1
36381,1
36382,1
36383,1
36384,1
36385,0
36386,1
36387,1
36388,1
36389,0
36390,1
36391,1
36392,1
36393,1
36394,0
36395,1
36396,1
36397,0
36398,1
36399,0
36400,1
36401,1
36402,1
36403,1
36404,1
36405,1
36406,1
36407,0
36408,1
36409,0
36410,0
36411,1
36412,0
36413,1
36414,1
36415,0
36416,0
36417,0
36418,1
36419,1
36420,1
36421,1
36422,1
36423,0
36424,1
36425,0
36426,0
36427,0
36428,0
36429,1
36430,1
36431,1
36432,1
36433,1
36434,1
36435,1
36436,1
36437,1
36438,1
36439,0
36440,1
36441,1
36442,1
36443,1
36444,1
36445,0
36446,0
36447,1
36448,0
36449,1
36450,1
36451,1
36452,1
36453,1
36454,1
36455,1
36456,0
36457,1
36458,1
36459,1
36460,0
36461,0
36462,0
36463,1
36464,0
36465,1
36466,1
36467,0
36468,0
36469,1
36470,1
36471,1
36472,0
36473,0
36474,1
36475,1
36476,0
36477,1
36478,0
36479,1
36480,1
36481,1
36482,1
36483,1
36484,1
36485,0
36486,1
36487,0
36488,1
36489,1
36490,1
36491,1
36492,1
36493,1
36494,1
36495,1
36496,0
36497,0
36498,1
36499,1
36500,1
36501,1
36502,1
36503,1
36504,0
36505,0
36506,0
36507,0
36508,0
36509,1
36510,0
36511,1
36512,1
36513,1
36514,0
36515,1
36516,1
36517,1
36518,1
36519,0
36520,1
36521,0
36522,1
36523,0
36524,1
36525,1
36526,0
36527,1
36528,1
36529,1
36530,1
36531,1
36532,1
36533,1
36534,0
36535,0
36536,0
36537,1
36538,0
36539,1
36540,1
36541,0
36542,0
36543,1
36544,1
36545,1
36546,0
36547,0
36548,0
36549,0
36550,1
36551,1
36552,1
36553,0
36554,1
36555,1
36556,1
36557,1
36558,1
36559,1
36560,0
36561,1
36562,1
36563,1
36564,0
36565,1
36566,1
36567,1
36568,1
36569,0
36570,1
36571,1
36572,1
36573,1
36574,1
36575,1
36576,1
36577,0
36578,1
36579,1
36580,1
36581,0
36582,1
36583,1
36584,1
36585,1
36586,1
36587,1
36588,0
36589,0
36590,1
36591,0
36592,0
36593,1
36594,1
36595,1
36596,1
36597,1
36598,1
36599,1
36600,1
36601,1
36602,1
36603,1
36604,0
36605,0
36606,1
36607,1
36608,1
36609,0
36610,0
36611,1
36612,1
36613,1
36614,1
36615,1
36616,0
36617,0
36618,0
36619,1
36620,1
36621,1
36622,1
36623,0
36624,0
36625,0
36626,0
36627,0
36628,1
36629,1
36630,0
36631,1
36632,1
36633,1
36634,1
36635,0
36636,1
36637,1
36638,1
36639,1
36640,1
36641,0
36642,1
36643,1
36644,1
36645,1
36646,0
36647,1
36648,1
36649,0
36650,1
36651,0
36652,0
36653,1
36654,0
36655,1
36656,1
36657,1
36658,1
36659,0
36660,1
36661,0
36662,1
36663,1
36664,0
36665,0
36666,1
36667,1
36668,1
36669,1
36670,1
36671,0
36672,0
36673,1
36674,1
36675,1
36676,1
36677,1
36678,1
36679,0
36680,0
36681,1
36682,1
36683,1
36684,0
36685,1
36686,1
36687,1
36688,1
36689,1
36690,1
36691,1
36692,1
36693,0
36694,1
36695,1
36696,0
36697,1
36698,1
36699,1
36700,1
36701,1
36702,1
36703,0
36704,0
36705,1
36706,1
36707,1
36708,1
36709,1
36710,1
36711,0
36712,1
36713,1
36714,1
36715,0
36716,0
36717,1
36718,1
36719,1
36720,1
36721,1
36722,1
36723,0
36724,1
36725,0
36726,1
36727,1
36728,1
36729,0
36730,1
36731,1
36732,0
36733,1
36734,1
36735,1
36736,0
36737,1
36738,1
36739,1
36740,1
36741,1
36742,1
36743,1
36744,1
36745,1
36746,1
36747,1
36748,1
36749,1
36750,1
36751,1
36752,1
36753,1
36754,1
36755,0
36756,1
36757,1
36758,1
36759,1
36760,0
36761,1
36762,1
36763,1
36764,1
36765,1
36766,1
36767,0
36768,0
36769,0
36770,1
36771,1
36772,1
36773,0
36774,0
36775,1
36776,0
36777,0
36778,1
36779,1
36780,1
36781,1
36782,1
36783,0
36784,1
36785,1
36786,1
36787,1
36788,0
36789,0
36790,1
36791,1
36792,1
36793,1
36794,0
36795,0
36796,1
36797,0
36798,0
36799,1
36800,0
36801,1
36802,0
36803,1
36804,1
36805,1
36806,1
36807,1
36808,1
36809,1
36810,1
36811,1
36812,0
36813,1
36814,1
36815,1
36816,0
36817,1
36818,1
36819,1
36820,1
36821,1
36822,1
36823,1
36824,1
36825,0
36826,1
36827,1
36828,1
36829,1
36830,1
36831,1
36832,0
36833,1
36834,0
36835,1
36836,1
36837,0
36838,0
36839,0
36840,1
36841,1
36842,1
36843,1
36844,1
36845,0
36846,1
36847,0
36848,1
36849,1
36850,1
36851,1
36852,0
36853,1
36854,1
36855,1
36856,1
36857,0
36858,1
36859,1
36860,1
36861,1
36862,1
36863,1
36864,1
36865,0
36866,1
36867,1
36868,1
36869,1
36870,1
36871,1
36872,0
36873,1
36874,0
36875,1
36876,0
36877,1
36878,1
36879,0
36880,1
36881,1
36882,0
36883,1
36884,1
36885,1
36886,1
36887,1
36888,0
36889,0
36890,1
36891,1
36892,1
36893,1
36894,0
36895,1
36896,1
36897,1
36898,1
36899,1
36900,1
36901,0
36902,1
36903,1
36904,0
36905,1
36906,0
36907,1
36908,1
36909,1
36910,1
36911,0
36912,0
36913,1
36914,1
36915,1
36916,1
36917,1
36918,1
36919,1
36920,1
36921,1
36922,1
36923,0
36924,1
36925,1
36926,1
36927,0
36928,0
36929,1
36930,0
36931,1
36932,1
36933,1
36934,0
36935,1
36936,1
36937,0
36938,1
36939,1
36940,1
36941,1
36942,0
36943,0
36944,1
36945,1
36946,1
36947,0
36948,0
36949,1
36950,1
36951,1
36952,0
36953,0
36954,1
36955,0
36956,1
36957,0
36958,1
36959,1
36960,1
36961,0
36962,1
36963,1
36964,1
36965,1
36966,1
36967,1
36968,1
36969,1
36970,0
36971,1
36972,1
36973,1
36974,1
36975,0
36976,1
36977,1
36978,1
36979,1
36980,1
36981,1
36982,1
36983,1
36984,1
36985,1
36986,1
36987,1
36988,1
36989,1
36990,1
36991,1
36992,0
36993,1
36994,1
36995,1
36996,0
36997,0
36998,1
36999,1
37000,1
37001,1
37002,1
37003,0
37004,1
37005,1
37006,1
37007,0
37008,1
37009,1
37010,0
37011,1
37012,1
37013,0
37014,1
37015,0
37016,0
37017,1
37018,1
37019,1
37020,1
37021,1
37022,1
37023,1
37024,1
37025,0
37026,0
37027,1
37028,1
37029,0
37030,0
37031,0
37032,0
37033,1
37034,1
37035,0
37036,1
37037,1
37038,0
37039,1
37040,1
37041,1
37042,0
37043,1
37044,0
37045,1
37046,0
37047,1
37048,1
37049,1
37050,1
37051,0
37052,0
37053,1
37054,1
37055,1
37056,0
37057,1
37058,1
37059,1
37060,1
37061,1
37062,0
37063,0
37064,1
37065,1
37066,1
37067,1
37068,1
37069,1
37070,1
37071,1
37072,0
37073,1
37074,0
37075,1
37076,1
37077,0
37078,1
37079,0
37080,1
37081,1
37082,1
37083,1
37084,1
37085,0
37086,1
37087,1
37088,1
37089,1
37090,0
37091,0
37092,0
37093,1
37094,0
37095,1
37096,1
37097,1
37098,0
37099,1
37100,0
37101,1
37102,1
37103,1
37104,1
37105,1
37106,1
37107,1
37108,1
37109,0
37110,1
37111,1
37112,1
37113,1
37114,1
37115,0
37116,1
37117,1
37118,1
37119,0
37120,0
37121,1
37122,0
37123,1
37124,1
37125,1
37126,1
37127,1
37128,1
37129,0
37130,1
37131,1
37132,0
37133,1
37134,1
37135,1
37136,1
37137,1
37138,0
37139,1
37140,1
37141,1
37142,1
37143,1
37144,1
37145,1
37146,1
37147,1
37148,0
37149,1
37150,1
37151,0
37152,1
37153,0
37154,1
37155,1
37156,1
37157,1
37158,1
37159,1
37160,1
37161,0
37162,0
37163,0
37164,1
37165,0
37166,0
37167,1
37168,0
37169,1
37170,1
37171,1
37172,0
37173,1
37174,0
37175,0
37176,1
37177,1
37178,1
37179,0
37180,0
37181,1
37182,1
37183,1
37184,1
37185,1
37186,1
37187,0
37188,1
37189,1
37190,0
37191,0
37192,0
37193,0
37194,1
37195,1
37196,0
37197,1
37198,1
37199,1
37200,0
37201,0
37202,1
37203,1
37204,1
37205,1
37206,1
37207,1
37208,1
37209,0
37210,1
37211,1
37212,0
37213,1
37214,1
37215,1
37216,1
37217,0
37218,1
37219,1
37220,1
37221,1
37222,0
37223,1
37224,0
37225,1
37226,1
37227,1
37228,0
37229,0
37230,1
37231,0
37232,1
37233,1
37234,0
37235,1
37236,1
37237,1
37238,1
37239,0
37240,1
37241,1
37242,0
37243,1
37244,1
37245,1
37246,0
37247,1
37248,0
37249,1
37250,0
37251,1
37252,0
37253,1
37254,1
37255,1
37256,0
37257,1
37258,1
37259,1
37260,0
37261,1
37262,1
37263,1
37264,1
37265,0
37266,0
37267,1
37268,0
37269,0
37270,1
37271,1
37272,1
37273,1
37274,1
37275,0
37276,1
37277,1
37278,0
37279,1
37280,0
37281,0
37282,1
37283,0
37284,1
37285,0
37286,1
37287,1
37288,0
37289,1
37290,1
37291,1
37292,1
37293,1
37294,1
37295,1
37296,0
37297,1
37298,1
37299,1
37300,1
37301,0
37302,1
37303,1
37304,1
37305,1
37306,0
37307,1
37308,1
37309,0
37310,1
37311,1
37312,1
37313,0
37314,1
37315,0
37316,0
37317,1
37318,1
37319,0
37320,1
37321,1
37322,1
37323,1
37324,1
37325,0
37326,1
37327,0
37328,1
37329,1
37330,1
37331,1
37332,1
37333,1
37334,1
37335,0
37336,1
37337,1
37338,1
37339,1
37340,0
37341,1
37342,1
37343,1
37344,1
37345,1
37346,0
37347,0
37348,1
37349,0
37350,0
37351,1
37352,1
37353,1
37354,1
37355,0
37356,0
37357,0
37358,0
37359,1
37360,1
37361,1
37362,1
37363,1
37364,1
37365,1
37366,0
37367,0
37368,1
37369,0
37370,0
37371,1
37372,0
37373,0
37374,0
37375,1
37376,1
37377,0
37378,0
37379,1
37380,0
37381,0
37382,0
37383,0
37384,1
37385,0
37386,1
37387,0
37388,1
37389,1
37390,1
37391,1
37392,1
37393,1
37394,0
37395,1
37396,0
37397,1
37398,1
37399,1
37400,0
37401,0
37402,1
37403,1
37404,1
37405,1
37406,1
37407,1
37408,1
37409,0
37410,1
37411,1
37412,1
37413,0
37414,1
37415,1
37416,1
37417,1
37418,1
37419,0
37420,1
37421,0
37422,1
37423,1
37424,1
37425,1
37426,1
37427,1
37428,1
37429,0
37430,0
37431,1
37432,1
37433,1
37434,1
37435,1
37436,0
37437,1
37438,1
37439,1
37440,1
37441,1
37442,0
37443,1
37444,0
37445,1
37446,1
37447,0
37448,1
37449,0
37450,1
37451,1
37452,0
37453,0
37454,1
37455,0
37456,0
37457,1
37458,0
37459,1
37460,0
37461,0
37462,1
37463,0
37464,1
37465,0
37466,1
37467,0
37468,1
37469,1
37470,0
37471,1
37472,0
37473,0
37474,0
37475,0
37476,1
37477,1
37478,1
37479,1
37480,0
37481,0
37482,1
37483,1
37484,1
37485,0
37486,1
37487,0
37488,1
37489,1
37490,0
37491,0
37492,0
37493,0
37494,1
37495,1
37496,0
37497,0
37498,0
37499,0
37500,1
37501,0
37502,1
37503,1
37504,1
37505,1
37506,1
37507,1
37508,1
37509,0
37510,0
37511,1
37512,1
37513,1
37514,1
37515,1
37516,0
37517,0
37518,1
37519,0
37520,0
37521,1
37522,1
37523,1
37524,0
37525,1
37526,1
37527,0
37528,1
37529,1
37530,1
37531,1
37532,1
37533,1
37534,1
37535,1
37536,1
37537,1
37538,1
37539,1
37540,1
37541,1
37542,0
37543,0
37544,1
37545,1
37546,0
37547,1
37548,1
37549,0
37550,0
37551,1
37552,1
37553,1
37554,1
37555,1
37556,0
37557,0
37558,1
37559,0
37560,1
37561,1
37562,0
37563,0
37564,0
37565,1
37566,1
37567,1
37568,1
37569,1
37570,1
37571,0
37572,1
37573,1
37574,1
37575,1
37576,1
37577,1
37578,1
37579,1
37580,0
37581,1
37582,1
37583,1
37584,1
37585,0
37586,0
37587,1
37588,1
37589,1
37590,1
37591,1
37592,0
37593,0
37594,1
37595,1
37596,0
37597,1
37598,1
37599,1
37600,1
37601,1
37602,1
37603,0
37604,0
37605,0
37606,1
37607,0
37608,0
37609,1
37610,1
37611,1
37612,0
37613,0
37614,1
37615,1
37616,1
37617,1
37618,1
37619,0
37620,1
37621,1
37622,1
37623,1
37624,1
37625,1
37626,0
37627,1
37628,1
37629,1
37630,1
37631,1
37632,0
37633,0
37634,1
37635,1
37636,1
37637,1
37638,0
37639,1
37640,1
37641,1
37642,0
37643,0
37644,0
37645,1
37646,1
37647,1
37648,0
37649,1
37650,0
37651,0
37652,1
37653,1
37654,1
37655,1
37656,0
37657,1
37658,1
37659,0
37660,0
37661,1
37662,1
37663,1
37664,1
37665,1
37666,1
37667,0
37668,0
37669,1
37670,1
37671,1
37672,0
37673,1
37674,1
37675,1
37676,1
37677,1
37678,1
37679,0
37680,1
37681,0
37682,1
37683,1
37684,1
37685,1
37686,1
37687,1
37688,1
37689,1
37690,1
37691,0
37692,1
37693,1
37694,1
37695,1
37696,1
37697,1
37698,1
37699,1
37700,0
37701,1
37702,1
37703,0
37704,0
37705,1
37706,1
37707,1
37708,1
37709,1
37710,1
37711,0
37712,1
37713,1
37714,1
37715,1
37716,1
37717,0
37718,1
37719,0
37720,1
37721,1
37722,1
37723,1
37724,1
37725,1
37726,1
37727,1
37728,1
37729,1
37730,1
37731,0
37732,1
37733,1
37734,1
37735,1
37736,1
37737,0
37738,1
37739,1
37740,1
37741,1
37742,1
37743,1
37744,0
37745,0
37746,1
37747,0
37748,1
37749,1
37750,1
37751,0
37752,1
37753,1
37754,1
37755,1
37756,1
37757,1
37758,0
37759,1
37760,1
37761,1
37762,1
37763,1
37764,1
37765,0
37766,1
37767,1
37768,1
37769,1
37770,1
37771,1
37772,1
37773,0
37774,1
37775,1
37776,1
37777,0
37778,0
37779,1
37780,0
37781,0
37782,0
37783,1
37784,1
37785,0
37786,1
37787,1
37788,1
37789,1
37790,1
37791,1
37792,0
37793,0
37794,1
37795,1
37796,1
37797,1
37798,1
37799,1
37800,1
37801,1
37802,1
37803,1
37804,1
37805,1
37806,1
37807,1
37808,1
37809,1
37810,0
37811,1
37812,1
37813,0
37814,0
37815,1
37816,0
37817,0
37818,1
37819,1
37820,1
37821,1
37822,1
37823,1
37824,1
37825,1
37826,1
37827,0
37828,0
37829,1
37830,1
37831,1
37832,0
37833,1
37834,1
37835,0
37836,1
37837,1
37838,1
37839,1
37840,1
37841,1
37842,0
37843,1
37844,1
37845,1
37846,1
37847,1
37848,1
37849,1
37850,1
37851,0
37852,1
37853,0
37854,1
37855,1
37856,1
37857,1
37858,1
37859,1
37860,1
37861,0
37862,0
37863,0
37864,0
37865,0
37866,1
37867,1
37868,0
37869,1
37870,1
37871,0
37872,1
37873,1
37874,1
37875,1
37876,1
37877,1
37878,1
37879,1
37880,1
37881,1
37882,1
37883,1
37884,1
37885,0
37886,1
37887,1
37888,0
37889,0
37890,1
37891,1
37892,0
37893,1
37894,1
37895,1
37896,0
37897,1
37898,1
37899,0
37900,1
37901,1
37902,0
37903,0
37904,1
37905,0
37906,0
37907,1
37908,0
37909,1
37910,1
37911,1
37912,1
37913,1
37914,1
37915,0
37916,0
37917,1
37918,0
37919,1
37920,1
37921,1
37922,1
37923,1
37924,1
37925,0
37926,1
37927,1
37928,1
37929,0
37930,1
37931,1
37932,1
37933,1
37934,0
37935,0
37936,1
37937,1
37938,1
37939,1
37940,1
37941,1
37942,1
37943,1
37944,1
37945,1
37946,1
37947,1
37948,1
37949,0
37950,1
37951,0
37952,1
37953,1
37954,1
37955,1
37956,0
37957,0
37958,1
37959,0
37960,1
37961,1
37962,1
37963,0
37964,1
37965,0
37966,1
37967,1
37968,1
37969,0
37970,1
37971,1
37972,1
37973,1
37974,0
37975,1
37976,1
37977,0
37978,0
37979,1
37980,0
37981,1
37982,0
37983,1
37984,1
37985,0
37986,0
37987,1
37988,0
37989,1
37990,0
37991,0
37992,0
37993,1
37994,0
37995,0
37996,1
37997,0
37998,1
37999,1
38000,0
38001,1
38002,1
38003,1
38004,0
38005,1
38006,1
38007,1
38008,1
38009,1
38010,1
38011,1
38012,1
38013,0
38014,1
38015,1
38016,1
38017,1
38018,1
38019,1
38020,1
38021,1
38022,1
38023,1
38024,1
38025,1
38026,0
38027,1
38028,1
38029,1
38030,0
38031,1
38032,1
38033,0
38034,0
38035,1
38036,0
38037,1
38038,1
38039,1
38040,1
38041,1
38042,0
38043,1
38044,1
38045,1
38046,1
38047,1
38048,0
38049,1
38050,1
38051,1
38052,1
38053,0
38054,1
38055,0
38056,1
38057,1
38058,0
38059,1
38060,0
38061,1
38062,0
38063,1
38064,0
38065,1
38066,1
38067,0
38068,1
38069,1
38070,0
38071,1
38072,0
38073,0
38074,1
38075,1
38076,1
38077,1
38078,1
38079,1
38080,1
38081,1
38082,1
38083,0
38084,1
38085,1
38086,1
38087,1
38088,1
38089,0
38090,1
38091,1
38092,0
38093,1
38094,1
38095,0
38096,0
38097,1
38098,1
38099,0
38100,0
38101,1
38102,1
38103,1
38104,1
38105,1
38106,0
38107,1
38108,0
38109,1
38110,0
38111,1
38112,1
38113,0
38114,1
38115,0
38116,1
38117,1
38118,1
38119,1
38120,1
38121,1
38122,1
38123,1
38124,1
38125,1
38126,1
38127,1
38128,0
38129,1
38130,0
38131,0
38132,0
38133,1
38134,1
38135,0
38136,0
38137,1
38138,1
38139,1
38140,0
38141,1
38142,1
38143,1
38144,0
38145,1
38146,1
38147,1
38148,0
38149,1
38150,1
38151,1
38152,1
38153,1
38154,0
38155,1
38156,1
38157,0
38158,1
38159,0
38160,0
38161,1
38162,1
38163,0
38164,0
38165,1
38166,1
38167,1
38168,0
38169,0
38170,1
38171,1
38172,1
38173,1
38174,1
38175,1
38176,0
38177,1
38178,0
38179,1
38180,1
38181,1
38182,1
38183,1
38184,1
38185,1
38186,1
38187,1
38188,1
38189,1
38190,1
38191,0
38192,1
38193,1
38194,0
38195,1
38196,1
38197,1
38198,1
38199,1
38200,1
38201,1
38202,0
38203,1
38204,1
38205,1
38206,1
38207,1
38208,0
38209,1
38210,0
38211,1
38212,1
38213,1
38214,1
38215,1
38216,1
38217,0
38218,1
38219,1
38220,0
38221,1
38222,1
38223,1
38224,0
38225,1
38226,1
38227,0
38228,1
38229,1
38230,1
38231,1
38232,1
38233,1
38234,1
38235,0
38236,1
38237,1
38238,1
38239,1
38240,1
38241,1
38242,0
38243,0
38244,0
38245,1
38246,1
38247,1
38248,1
38249,0
38250,1
38251,0
38252,1
38253,1
38254,0
38255,0
38256,0
38257,1
38258,0
38259,1
38260,0
38261,1
38262,1
38263,1
38264,1
38265,1
38266,1
38267,0
38268,1
38269,1
38270,1
38271,0
38272,0
38273,0
38274,1
38275,1
38276,1
38277,1
38278,0
38279,0
38280,1
38281,0
38282,1
38283,0
38284,1
38285,1
38286,1
38287,1
38288,1
38289,1
38290,1
38291,0
38292,0
38293,1
38294,1
38295,0
38296,1
38297,1
38298,1
38299,1
38300,1
38301,0
38302,1
38303,1
38304,0
38305,1
38306,1
38307,0
38308,0
38309,0
38310,1
38311,1
38312,1
38313,0
38314,1
38315,1
38316,1
38317,1
38318,0
38319,1
38320,1
38321,1
38322,1
38323,0
38324,1
38325,1
38326,1
38327,0
38328,0
38329,1
38330,1
38331,1
38332,1
38333,1
38334,1
38335,0
38336,0
38337,1
38338,0
38339,0
38340,1
38341,1
38342,1
38343,0
38344,1
38345,0
38346,1
38347,1
38348,1
38349,1
38350,0
38351,0
38352,0
38353,0
38354,1
38355,1
38356,0
38357,1
38358,1
38359,1
38360,1
38361,1
38362,0
38363,0
38364,1
38365,0
38366,1
38367,0
38368,1
38369,1
38370,0
38371,1
38372,1
38373,1
38374,1
38375,1
38376,1
38377,1
38378,1
38379,0
38380,1
38381,1
38382,1
38383,1
38384,1
38385,0
38386,0
38387,0
38388,1
38389,1
38390,1
38391,1
38392,1
38393,1
38394,1
38395,1
38396,1
38397,1
38398,1
38399,1
38400,1
38401,1
38402,1
38403,1
38404,1
38405,1
38406,0
38407,0
38408,0
38409,1
38410,1
38411,1
38412,0
38413,0
38414,0
38415,1
38416,1
38417,1
38418,0
38419,1
38420,1
38421,0
38422,1
38423,0
38424,1
38425,1
38426,1
38427,1
38428,1
38429,1
38430,1
38431,1
38432,1
38433,0
38434,1
38435,1
38436,1
38437,1
38438,0
38439,1
38440,0
38441,1
38442,1
38443,1
38444,1
38445,1
38446,1
38447,1
38448,1
38449,1
38450,1
38451,1
38452,1
38453,0
38454,1
38455,1
38456,0
38457,1
38458,1
38459,0
38460,0
38461,0
38462,0
38463,1
38464,1
38465,1
38466,0
38467,1
38468,0
38469,0
38470,1
38471,1
38472,1
38473,1
38474,1
38475,1
38476,1
38477,1
38478,0
38479,1
38480,0
38481,0
38482,1
38483,1
38484,0
38485,0
38486,1
38487,0
38488,1
38489,0
38490,0
38491,1
38492,0
38493,1
38494,0
38495,0
38496,1
38497,1
38498,1
38499,1
38500,1
38501,1
38502,1
38503,0
38504,1
38505,1
38506,1
38507,0
38508,1
38509,1
38510,0
38511,1
38512,0
38513,1
38514,1
38515,0
38516,0
38517,1
38518,1
38519,1
38520,1
38521,1
38522,0
38523,1
38524,0
38525,1
38526,1
38527,0
38528,0
38529,0
38530,1
38531,1
38532,1
38533,0
38534,0
38535,0
38536,1
38537,1
38538,1
38539,0
38540,1
38541,0
38542,1
38543,1
38544,1
38545,1
38546,0
38547,1
38548,1
38549,1
38550,1
38551,1
38552,0
38553,1
38554,1
38555,1
38556,0
38557,1
38558,0
38559,1
38560,1
38561,1
38562,0
38563,1
38564,1
38565,1
38566,1
38567,1
38568,0
38569,0
38570,1
38571,1
38572,1
38573,0
38574,1
38575,1
38576,0
38577,1
38578,1
38579,1
38580,1
38581,0
38582,1
38583,0
38584,1
38585,1
38586,1
38587,1
38588,1
38589,0
38590,1
38591,1
38592,0
38593,1
38594,0
38595,1
38596,1
38597,1
38598,1
38599,1
38600,0
38601,1
38602,0
38603,1
38604,0
38605,0
38606,1
38607,0
38608,0
38609,0
38610,1
38611,1
38612,1
38613,1
38614,1
38615,0
38616,1
38617,1
38618,0
38619,1
38620,0
38621,1
38622,1
38623,1
38624,1
38625,1
38626,1
38627,0
38628,1
38629,1
38630,0
38631,0
38632,0
38633,0
38634,1
38635,1
38636,1
38637,1
38638,1
38639,1
38640,1
38641,1
38642,1
38643,1
38644,1
38645,1
38646,1
38647,0
38648,1
38649,1
38650,1
38651,1
38652,1
38653,1
38654,1
38655,0
38656,1
38657,1
38658,1
38659,1
38660,0
38661,1
38662,1
38663,1
38664,1
38665,1
38666,1
38667,1
38668,1
38669,0
38670,0
38671,1
38672,1
38673,1
38674,1
38675,0
38676,1
38677,0
38678,1
38679,1
38680,1
38681,0
38682,1
38683,1
38684,1
38685,1
38686,1
38687,0
38688,0
38689,1
38690,0
38691,1
38692,1
38693,1
38694,1
38695,1
38696,1
38697,0
38698,0
38699,1
38700,1
38701,1
38702,1
38703,1
38704,0
38705,1
38706,1
38707,1
38708,1
38709,1
38710,1
38711,1
38712,1
38713,1
38714,0
38715,1
38716,1
38717,0
38718,1
38719,0
38720,1
38721,1
38722,0
38723,1
38724,0
38725,1
38726,1
38727,1
38728,0
38729,0
38730,0
38731,1
38732,1
38733,1
38734,1
38735,0
38736,1
38737,1
38738,1
38739,1
38740,1
38741,1
38742,1
38743,1
38744,0
38745,1
38746,0
38747,1
38748,1
38749,1
38750,1
38751,1
38752,1
38753,1
38754,1
38755,1
38756,1
38757,1
38758,1
38759,1
38760,1
38761,0
38762,1
38763,1
38764,1
38765,0
38766,1
38767,1
38768,1
38769,1
38770,1
38771,1
38772,1
38773,1
38774,0
38775,1
38776,1
38777,0
38778,1
38779,1
38780,1
38781,1
38782,1
38783,1
38784,0
38785,1
38786,1
38787,0
38788,1
38789,1
38790,0
38791,0
38792,1
38793,0
38794,1
38795,0
38796,1
38797,0
38798,1
38799,1
38800,1
38801,1
38802,1
38803,0
38804,1
38805,1
38806,1
38807,1
38808,1
38809,1
38810,1
38811,1
38812,1
38813,1
38814,1
38815,1
38816,0
38817,1
38818,1
38819,1
38820,1
38821,0
38822,1
38823,0
38824,1
38825,1
38826,0
38827,0
38828,1
38829,0
38830,0
38831,1
38832,0
38833,1
38834,1
38835,0
38836,0
38837,0
38838,1
38839,0
38840,1
38841,1
38842,1
38843,0
38844,1
38845,1
38846,1
38847,1
38848,1
38849,0
38850,1
38851,0
38852,1
38853,0
38854,0
38855,1
38856,1
38857,1
38858,0
38859,1
38860,0
38861,0
38862,1
38863,1
38864,0
38865,1
38866,0
38867,0
38868,1
38869,1
38870,1
38871,0
38872,1
38873,1
38874,0
38875,1
38876,1
38877,1
38878,0
38879,1
38880,1
38881,1
38882,1
38883,0
38884,1
38885,1
38886,1
38887,1
38888,1
38889,1
38890,1
38891,1
38892,0
38893,0
38894,1
38895,1
38896,0
38897,1
38898,0
38899,1
38900,1
38901,1
38902,1
38903,0
38904,1
38905,0
38906,1
38907,1
38908,0
38909,1
38910,1
38911,1
38912,1
38913,0
38914,1
38915,1
38916,1
38917,1
38918,1
38919,0
38920,0
38921,1
38922,0
38923,0
38924,0
38925,1
38926,1
38927,1
38928,0
38929,0
38930,0
38931,0
38932,1
38933,1
38934,1
38935,0
38936,1
38937,0
38938,1
38939,1
38940,1
38941,1
38942,0
38943,0
38944,1
38945,1
38946,1
38947,0
38948,0
38949,0
38950,1
38951,1
38952,1
38953,1
38954,1
38955,1
38956,1
38957,1
38958,1
38959,0
38960,1
38961,1
38962,0
38963,1
38964,0
38965,1
38966,1
38967,1
38968,1
38969,1
38970,1
38971,1
38972,0
38973,1
38974,1
38975,1
38976,1
38977,1
38978,0
38979,1
38980,0
38981,1
38982,1
38983,1
38984,1
38985,0
38986,1
38987,1
38988,1
38989,1
38990,1
38991,1
38992,1
38993,1
38994,0
38995,0
38996,1
38997,0
38998,1
38999,1
39000,1
39001,0
39002,1
39003,1
39004,1
39005,1
39006,1
39007,1
39008,1
39009,1
39010,1
39011,1
39012,1
39013,0
39014,1
39015,0
39016,1
39017,1
39018,1
39019,1
39020,1
39021,1
39022,1
39023,1
39024,0
39025,1
39026,1
39027,1
39028,1
39029,0
39030,1
39031,1
39032,0
39033,1
39034,0
39035,1
39036,1
39037,1
39038,1
39039,1
39040,1
39041,1
39042,1
39043,0
39044,1
39045,1
39046,1
39047,1
39048,1
39049,1
39050,1
39051,1
39052,1
39053,1
39054,1
39055,1
39056,1
39057,1
39058,0
39059,1
39060,1
39061,1
39062,0
39063,1
39064,1
39065,0
39066,1
39067,1
39068,1
39069,1
39070,0
39071,1
39072,0
39073,0
39074,1
39075,0
39076,1
39077,0
39078,0
39079,1
39080,1
39081,1
39082,1
39083,1
39084,1
39085,1
39086,1
39087,0
39088,0
39089,1
39090,1
39091,1
39092,0
39093,1
39094,1
39095,1
39096,0
39097,0
39098,0
39099,1
39100,1
39101,1
39102,1
39103,1
39104,1
39105,1
39106,0
39107,1
39108,0
39109,1
39110,1
39111,0
39112,1
39113,0
39114,0
39115,1
39116,1
39117,1
39118,1
39119,1
39120,1
39121,1
39122,1
39123,1
39124,0
39125,1
39126,1
39127,1
39128,1
39129,1
39130,0
39131,0
39132,1
39133,0
39134,1
39135,1
39136,1
39137,1
39138,1
39139,1
39140,1
39141,1
39142,0
39143,0
39144,1
39145,0
39146,0
39147,0
39148,1
39149,1
39150,0
39151,0
39152,0
39153,1
39154,0
39155,1
39156,1
39157,1
39158,1
39159,1
39160,1
39161,1
39162,1
39163,1
39164,1
39165,1
39166,1
39167,1
39168,1
39169,1
39170,1
39171,1
39172,0
39173,1
39174,1
39175,0
39176,0
39177,0
39178,1
39179,1
39180,1
39181,1
39182,1
39183,1
39184,1
39185,1
39186,1
39187,1
39188,1
39189,1
39190,1
39191,1
39192,1
39193,1
39194,0
39195,1
39196,1
39197,1
39198,0
39199,1
39200,1
39201,0
39202,0
39203,1
39204,1
39205,1
39206,1
39207,1
39208,1
39209,0
39210,1
39211,1
39212,1
39213,1
39214,1
39215,1
39216,0
39217,1
39218,1
39219,1
39220,1
39221,0
39222,0
39223,0
39224,0
39225,1
39226,1
39227,1
39228,1
39229,0
39230,0
39231,0
39232,1
39233,1
39234,1
39235,0
39236,0
39237,1
39238,0
39239,1
39240,1
39241,1
39242,1
39243,1
39244,1
39245,1
39246,1
39247,1
39248,0
39249,1
39250,0
39251,1
39252,1
39253,1
39254,1
39255,0
39256,1
39257,1
39258,0
39259,1
39260,1
39261,1
39262,1
39263,1
39264,1
39265,1
39266,0
39267,1
39268,0
39269,1
39270,1
39271,0
39272,1
39273,1
39274,1
39275,0
39276,0
39277,0
39278,1
39279,0
39280,0
39281,1
39282,1
39283,0
39284,1
39285,0
39286,1
39287,1
39288,1
39289,1
39290,1
39291,0
39292,1
39293,0
39294,1
39295,1
39296,1
39297,1
39298,1
39299,1
39300,0
39301,1
39302,1
39303,0
39304,1
39305,1
39306,0
39307,0
39308,1
39309,1
39310,1
39311,1
39312,1
39313,1
39314,0
39315,0
39316,1
39317,1
39318,1
39319,1
39320,0
39321,1
39322,1
39323,1
39324,1
39325,1
39326,0
39327,1
39328,0
39329,0
39330,1
39331,1
39332,1
39333,1
39334,1
39335,1
39336,0
39337,0
39338,1
39339,0
39340,1
39341,1
39342,0
39343,1
39344,1
39345,1
39346,0
39347,0
39348,1
39349,1
39350,1
39351,0
39352,1
39353,1
39354,1
39355,1
39356,1
39357,1
39358,1
39359,1
39360,1
39361,1
39362,1
39363,1
39364,0
39365,1
39366,1
39367,0
39368,1
39369,1
39370,1
39371,0
39372,1
39373,1
39374,1
39375,0
39376,1
39377,1
39378,1
39379,1
39380,0
39381,0
39382,1
39383,1
39384,1
39385,1
39386,1
39387,1
39388,0
39389,1
39390,0
39391,1
39392,1
39393,1
39394,0
39395,1
39396,0
39397,1
39398,1
39399,1
39400,1
39401,0
39402,1
39403,1
39404,1
39405,1
39406,1
39407,0
39408,0
39409,1
39410,1
39411,1
39412,1
39413,1
39414,1
39415,1
39416,1
39417,1
39418,1
39419,1
39420,0
39421,1
39422,1
39423,1
39424,0
39425,1
39426,1
39427,1
39428,1
39429,1
39430,1
39431,0
39432,0
39433,0
39434,0
39435,1
39436,1
39437,1
39438,1
39439,1
39440,1
39441,1
39442,0
39443,1
39444,1
39445,1
39446,1
39447,1
39448,1
39449,1
39450,1
39451,1
39452,1
39453,1
39454,0
39455,1
39456,1
39457,1
39458,1
39459,1
39460,0
39461,1
39462,1
39463,0
39464,0
39465,1
39466,0
39467,1
39468,0
39469,1
39470,1
39471,1
39472,1
39473,1
39474,0
39475,1
39476,1
39477,0
39478,0
39479,0
39480,0
39481,1
39482,1
39483,0
39484,0
39485,1
39486,0
39487,1
39488,1
39489,1
39490,1
39491,1
39492,1
39493,1
39494,1
39495,1
39496,1
39497,1
39498,1
39499,1
39500,1
39501,0
39502,1
39503,0
39504,0
39505,1
39506,0
39507,1
39508,1
39509,1
39510,1
39511,1
39512,1
39513,0
39514,1
39515,0
39516,1
39517,1
39518,0
39519,1
39520,0
39521,1
39522,1
39523,1
39524,1
39525,1
39526,0
39527,1
39528,0
39529,1
39530,1
39531,1
39532,1
39533,0
39534,1
39535,1
39536,0
39537,1
39538,1
39539,1
39540,0
39541,0
39542,1
39543,1
39544,1
39545,1
39546,0
39547,1
39548,1
39549,0
39550,1
39551,0
39552,1
39553,0
39554,0
39555,1
39556,1
39557,1
39558,1
39559,1
39560,1
39561,0
39562,1
39563,1
39564,1
39565,1
39566,1
39567,0
39568,0
39569,1
39570,1
39571,1
39572,1
39573,1
39574,1
39575,1
39576,1
39577,1
39578,1
39579,0
39580,0
39581,1
39582,0
39583,1
39584,1
39585,1
39586,1
39587,1
39588,0
39589,0
39590,1
39591,1
39592,1
39593,1
39594,1
39595,1
39596,1
39597,1
39598,1
39599,1
39600,1
39601,1
39602,1
39603,1
39604,1
39605,0
39606,1
39607,0
39608,1
39609,0
39610,0
39611,1
39612,1
39613,1
39614,1
39615,1
39616,1
39617,1
39618,1
39619,1
39620,1
39621,1
39622,0
39623,1
39624,1
39625,0
39626,1
39627,1
39628,1
39629,1
39630,0
39631,1
39632,1
39633,1
39634,0
39635,1
39636,1
39637,1
39638,1
39639,1
39640,1
39641,1
39642,1
39643,1
39644,1
39645,1
39646,1
39647,1
39648,0
39649,1
39650,1
39651,1
39652,1
39653,1
39654,1
39655,0
39656,1
39657,1
39658,0
39659,0
39660,1
39661,0
39662,0
39663,1
39664,0
39665,1
39666,1
39667,1
39668,1
39669,1
39670,1
39671,0
39672,1
39673,1
39674,1
39675,0
39676,0
39677,1
39678,1
39679,0
39680,1
39681,1
39682,0
39683,1
39684,1
39685,1
39686,1
39687,1
39688,0
39689,0
39690,1
39691,0
39692,0
39693,1
39694,1
39695,1
39696,0
39697,0
39698,1
39699,1
39700,0
39701,1
39702,0
39703,0
39704,1
39705,1
39706,1
39707,1
39708,1
39709,1
39710,1
39711,0
39712,1
39713,1
39714,0
39715,1
39716,1
39717,1
39718,1
39719,1
39720,1
39721,1
39722,1
39723,1
39724,0
39725,0
39726,1
39727,1
39728,1
39729,1
39730,0
39731,1
39732,1
39733,1
39734,1
39735,0
39736,1
39737,1
39738,0
39739,1
39740,1
39741,1
39742,1
39743,0
39744,1
39745,1
39746,0
39747,0
39748,1
39749,0
39750,1
39751,1
39752,1
39753,0
39754,0
39755,1
39756,1
39757,1
39758,1
39759,1
39760,0
39761,0
39762,0
39763,0
39764,1
39765,1
39766,1
39767,0
39768,0
39769,0
39770,0
39771,0
39772,1
39773,1
39774,0
39775,0
39776,1
39777,1
39778,1
39779,1
39780,0
39781,1
39782,1
39783,1
39784,1
39785,1
39786,1
39787,1
39788,1
39789,1
39790,1
39791,1
39792,0
39793,0
39794,1
39795,1
39796,0
39797,1
39798,1
39799,1
39800,1
39801,1
39802,1
39803,1
39804,1
39805,1
39806,1
39807,0
39808,0
39809,1
39810,1
39811,1
39812,1
39813,1
39814,1
39815,0
39816,1
39817,1
39818,0
39819,1
39820,0
39821,0
39822,1
39823,0
39824,0
39825,1
39826,1
39827,0
39828,1
39829,1
39830,0
39831,1
39832,1
39833,0
39834,1
39835,1
39836,1
39837,1
39838,0
39839,1
39840,0
39841,0
39842,1
39843,1
39844,1
39845,1
39846,1
39847,0
39848,1
39849,0
39850,0
39851,1
39852,0
39853,1
39854,0
39855,1
39856,1
39857,1
39858,0
39859,1
39860,0
39861,1
39862,0
39863,1
39864,1
39865,0
39866,1
39867,1
39868,0
39869,0
39870,1
39871,1
39872,0
39873,1
39874,1
39875,0
39876,1
39877,1
39878,0
39879,1
39880,1
39881,0
39882,1
39883,1
39884,1
39885,1
39886,1
39887,0
39888,1
39889,0
39890,1
39891,1
39892,1
39893,1
39894,0
39895,1
39896,1
39897,1
39898,1
39899,0
39900,1
39901,1
39902,1
39903,0
39904,1
39905,1
39906,1
39907,1
39908,0
39909,0
39910,1
39911,0
39912,1
39913,0
39914,1
39915,0
39916,0
39917,1
39918,1
39919,0
39920,0
39921,0
39922,1
39923,1
39924,1
39925,1
39926,1
39927,1
39928,1
39929,1
39930,1
39931,1
39932,0
39933,0
39934,1
39935,1
39936,1
39937,1
39938,1
39939,1
39940,1
39941,0
39942,0
39943,0
39944,1
39945,1
39946,1
39947,0
39948,0
39949,1
39950,0
39951,0
39952,0
39953,1
39954,1
39955,0
39956,1
39957,1
39958,1
39959,1
39960,0
39961,1
39962,0
39963,1
39964,0
39965,0
39966,1
39967,1
39968,1
39969,1
39970,1
39971,1
39972,1
39973,1
39974,1
39975,1
39976,1
39977,1
39978,1
39979,1
39980,1
39981,1
39982,1
39983,1
39984,0
39985,0
39986,1
39987,0
39988,1
39989,1
39990,1
39991,0
39992,0
39993,0
39994,1
39995,0
39996,1
39997,1
39998,1
39999,1
40000,1
40001,0
40002,1
40003,1
40004,1
40005,1
40006,1
40007,1
40008,1
40009,1
40010,1
40011,0
40012,0
40013,0
40014,1
40015,0
40016,1
40017,1
40018,1
40019,1
40020,0
40021,1
40022,0
40023,1
40024,0
40025,1
40026,1
40027,1
40028,1
40029,0
40030,1
40031,1
40032,0
40033,1
40034,1
40035,0
40036,1
40037,0
40038,1
40039,1
40040,1
40041,1
40042,1
40043,1
40044,1
40045,1
40046,1
40047,1
40048,1
40049,1
40050,1
40051,0
40052,1
40053,1
40054,1
40055,0
40056,0
40057,1
40058,1
40059,0
40060,1
40061,0
40062,1
40063,1
40064,1
40065,1
40066,1
40067,0
40068,0
40069,1
40070,1
40071,1
40072,0
40073,0
40074,1
40075,0
40076,1
40077,0
40078,0
40079,1
40080,1
40081,0
40082,0
40083,0
40084,1
40085,1
40086,1
40087,1
40088,1
40089,1
40090,0
40091,0
40092,1
40093,1
40094,1
40095,0
40096,1
40097,0
40098,1
40099,1
40100,1
40101,0
40102,0
40103,1
40104,0
40105,1
40106,1
40107,0
40108,1
40109,0
40110,0
40111,0
40112,1
40113,1
40114,1
40115,1
40116,0
40117,1
40118,1
40119,1
40120,1
40121,1
40122,1
40123,1
40124,0
40125,1
40126,1
40127,0
40128,1
40129,1
40130,1
40131,1
40132,0
40133,1
40134,0
40135,1
40136,1
40137,1
40138,0
40139,1
40140,1
40141,1
40142,1
40143,1
40144,0
40145,1
40146,1
40147,0
40148,1
40149,1
40150,1
40151,1
40152,1
40153,1
40154,1
40155,0
40156,0
40157,1
40158,0
40159,1
40160,0
40161,1
40162,1
40163,1
40164,1
40165,0
40166,0
40167,1
40168,0
40169,0
40170,1
40171,1
40172,1
40173,1
40174,0
40175,0
40176,1
40177,0
40178,1
40179,1
40180,1
40181,1
40182,1
40183,1
40184,1
40185,1
40186,1
40187,0
40188,0
40189,0
40190,0
40191,1
40192,1
40193,0
40194,0
40195,1
40196,1
40197,0
40198,1
40199,0
40200,0
40201,1
40202,1
40203,1
40204,1
40205,1
40206,1
40207,1
40208,1
40209,1
40210,0
40211,1
40212,1
40213,0
40214,1
40215,0
40216,1
40217,0
40218,1
40219,1
40220,1
40221,1
40222,0
40223,1
40224,1
40225,0
40226,1
40227,1
40228,1
40229,1
40230,1
40231,0
40232,1
40233,0
40234,0
40235,1
40236,1
40237,1
40238,1
40239,1
40240,0
40241,1
40242,0
40243,0
40244,1
40245,0
40246,0
40247,1
40248,1
40249,1
40250,0
40251,0
40252,1
40253,1
40254,0
40255,0
40256,0
40257,1
40258,1
40259,1
40260,1
40261,1
40262,0
40263,1
40264,1
40265,1
40266,1
40267,0
40268,0
40269,1
40270,1
40271,0
40272,1
40273,1
40274,1
40275,1
40276,0
40277,1
40278,1
40279,1
40280,1
40281,1
40282,0
40283,0
40284,1
40285,0
40286,1
40287,0
40288,0
40289,1
40290,0
40291,0
40292,1
40293,1
40294,0
40295,1
40296,1
40297,1
40298,1
40299,1
40300,0
40301,1
40302,1
40303,1
40304,1
40305,0
40306,0
40307,1
40308,1
40309,1
40310,1
40311,1
40312,0
40313,1
40314,0
40315,1
40316,1
40317,1
40318,1
40319,1
40320,0
40321,0
40322,1
40323,1
40324,0
40325,0
40326,1
40327,1
40328,1
40329,1
40330,0
40331,1
40332,1
40333,1
40334,1
40335,1
40336,1
40337,0
40338,1
40339,1
40340,1
40341,1
40342,0
40343,1
40344,1
40345,1
40346,0
40347,1
40348,1
40349,1
40350,1
40351,1
40352,1
40353,1
40354,1
40355,1
40356,1
40357,1
40358,1
40359,1
40360,1
40361,1
40362,1
40363,1
40364,1
40365,0
40366,1
40367,0
40368,1
40369,1
40370,1
40371,0
40372,1
40373,1
40374,1
40375,1
40376,0
40377,1
40378,1
40379,1
40380,1
40381,1
40382,1
40383,1
40384,1
40385,1
40386,1
40387,1
40388,0
40389,1
40390,1
40391,0
40392,1
40393,0
40394,1
40395,1
40396,0
40397,1
40398,1
40399,1
40400,0
40401,1
40402,1
40403,0
40404,1
40405,0
40406,1
40407,1
40408,0
40409,1
40410,1
40411,0
40412,1
40413,1
40414,1
40415,0
40416,1
40417,0
40418,1
40419,1
40420,1
40421,0
40422,1
40423,0
40424,1
40425,1
40426,1
40427,1
40428,1
40429,1
40430,0
40431,1
40432,1
40433,1
40434,1
40435,0
40436,0
40437,1
40438,0
40439,0
40440,1
40441,0
40442,1
40443,1
40444,1
40445,0
40446,1
40447,1
40448,1
40449,1
40450,1
40451,1
40452,0
40453,1
40454,0
40455,1
40456,1
40457,1
40458,1
40459,1
40460,0
40461,0
40462,1
40463,1
40464,1
40465,0
40466,0
40467,1
40468,1
40469,1
40470,0
40471,1
40472,1
40473,1
40474,1
40475,1
40476,1
40477,1
40478,0
40479,1
40480,0
40481,1
40482,1
40483,0
40484,1
40485,1
40486,0
40487,0
40488,0
40489,1
40490,1
40491,1
40492,0
40493,0
40494,1
40495,1
40496,1
40497,1
40498,1
40499,0
40500,1
40501,1
40502,0
40503,1
40504,1
40505,0
40506,1
40507,1
40508,1
40509,1
40510,1
40511,1
40512,1
40513,1
40514,0
40515,0
40516,0
40517,1
40518,1
40519,0
40520,1
40521,1
40522,1
40523,1
40524,1
40525,1
40526,1
40527,1
40528,1
40529,0
40530,0
40531,0
40532,1
40533,1
40534,1
40535,0
40536,1
40537,0
40538,1
40539,0
40540,0
40541,1
40542,0
40543,1
40544,1
40545,1
40546,1
40547,0
40548,0
40549,0
40550,1
40551,1
40552,1
40553,0
40554,0
40555,1
40556,1
40557,1
40558,1
40559,0
40560,1
40561,1
40562,1
40563,1
40564,1
40565,1
40566,1
40567,0
40568,1
40569,1
40570,1
40571,1
40572,0
40573,1
40574,0
40575,1
40576,1
40577,0
40578,1
40579,1
40580,0
40581,1
40582,1
40583,0
40584,1
40585,0
40586,1
40587,0
40588,1
40589,1
40590,1
40591,1
40592,1
40593,1
40594,1
40595,1
40596,1
40597,0
40598,0
40599,0
40600,1
40601,0
40602,1
40603,1
40604,0
40605,1
40606,1
40607,1
40608,1
40609,1
40610,1
40611,1
40612,1
40613,1
40614,1
40615,1
40616,0
40617,0
40618,1
40619,1
40620,1
40621,0
40622,0
40623,0
40624,0
40625,1
40626,1
40627,1
40628,0
40629,1
40630,1
40631,1
40632,1
40633,0
40634,1
40635,0
40636,0
40637,1
40638,1
40639,1
40640,1
40641,0
40642,1
40643,0
40644,1
40645,0
40646,1
40647,1
40648,1
40649,1
40650,1
40651,1
40652,1
40653,1
40654,1
40655,0
40656,1
40657,1
40658,1
40659,1
40660,0
40661,1
40662,0
40663,0
40664,1
40665,1
40666,1
40667,0
40668,1
40669,1
40670,0
40671,1
40672,1
40673,0
40674,0
40675,1
40676,0
40677,1
40678,0
40679,1
40680,1
40681,1
40682,1
40683,1
40684,0
40685,0
40686,0
40687,0
40688,1
40689,1
40690,1
40691,1
40692,1
40693,1
40694,0
40695,1
40696,1
40697,1
40698,1
40699,1
40700,1
40701,1
40702,1
40703,0
40704,1
40705,1
40706,1
40707,1
40708,1
40709,0
40710,1
40711,1
40712,1
40713,1
40714,0
40715,0
40716,1
40717,1
40718,1
40719,1
40720,0
40721,1
40722,0
40723,1
40724,0
40725,1
40726,1
40727,1
40728,0
40729,1
40730,1
40731,1
40732,1
40733,1
40734,1
40735,0
40736,0
40737,1
40738,0
40739,1
40740,1
40741,1
40742,0
40743,1
40744,1
40745,1
40746,1
40747,0
40748,0
40749,0
40750,0
40751,0
40752,1
40753,1
40754,1
40755,0
40756,0
40757,0
40758,0
40759,1
40760,0
40761,1
40762,1
40763,0
40764,0
40765,0
40766,0
40767,1
40768,1
40769,1
40770,0
40771,1
40772,1
40773,0
40774,1
40775,1
40776,1
40777,1
40778,1
40779,1
40780,1
40781,1
40782,0
40783,1
40784,1
40785,1
40786,0
40787,1
40788,1
40789,1
40790,1
40791,1
40792,1
40793,0
40794,1
40795,0
40796,1
40797,0
40798,1
40799,0
40800,1
40801,1
40802,1
40803,1
40804,0
40805,0
40806,0
40807,1
40808,0
40809,1
40810,1
40811,1
40812,1
40813,1
40814,1
40815,1
40816,1
40817,1
40818,1
40819,0
40820,0
40821,1
40822,1
40823,1
40824,1
40825,1
40826,1
40827,1
40828,1
40829,1
40830,1
40831,1
40832,1
40833,0
40834,1
40835,0
40836,1
40837,1
40838,1
40839,1
40840,1
40841,0
40842,0
40843,1
40844,0
40845,1
40846,1
40847,0
40848,0
40849,1
40850,0
40851,1
40852,0
40853,1
40854,0
40855,1
40856,1
40857,0
40858,1
40859,1
40860,1
40861,0
40862,1
40863,0
40864,0
40865,1
40866,1
40867,1
40868,1
40869,0
40870,1
40871,0
40872,1
40873,0
40874,0
40875,1
40876,0
40877,1
40878,1
40879,0
40880,1
40881,1
40882,0
40883,1
40884,1
40885,1
40886,1
40887,1
40888,0
40889,1
40890,1
40891,1
40892,1
40893,0
40894,0
40895,0
40896,1
40897,1
40898,1
40899,0
40900,0
40901,1
40902,0
40903,1
40904,0
40905,0
40906,1
40907,1
40908,1
40909,1
40910,1
40911,0
40912,1
40913,1
40914,1
40915,1
40916,1
40917,1
40918,1
40919,1
40920,1
40921,0
40922,1
40923,0
40924,1
40925,1
40926,1
40927,1
40928,0
40929,1
40930,0
40931,1
40932,0
40933,0
40934,1
40935,0
40936,1
40937,1
40938,1
40939,0
40940,1
40941,0
40942,1
40943,1
40944,1
40945,1
40946,1
40947,1
40948,0
40949,1
40950,0
40951,1
40952,1
40953,1
40954,1
40955,1
40956,0
40957,1
40958,0
40959,1
40960,1
40961,0
40962,1
40963,0
40964,1
40965,0
40966,1
40967,1
40968,1
40969,1
40970,1
40971,1
40972,1
40973,1
40974,1
40975,0
40976,0
40977,0
40978,0
40979,0
40980,1
40981,0
40982,1
40983,0
40984,0
40985,1
40986,1
40987,0
40988,1
40989,1
40990,0
40991,0
40992,1
40993,1
40994,1
40995,1
40996,0
40997,1
40998,0
40999,0
41000,0
41001,1
41002,1
41003,1
41004,1
41005,0
41006,1
41007,0
41008,1
41009,1
41010,0
41011,1
41012,0
41013,0
41014,0
41015,0
41016,0
41017,0
41018,1
41019,1
41020,1
41021,1
41022,1
41023,0
41024,1
41025,0
41026,1
41027,0
41028,0
41029,1
41030,0
41031,0
41032,0
41033,1
41034,1
41035,1
41036,1
41037,1
41038,1
41039,1
41040,1
41041,0
41042,0
41043,1
41044,1
41045,0
41046,1
41047,1
41048,1
41049,1
41050,1
41051,1
41052,1
41053,0
41054,0
41055,1
41056,1
41057,1
41058,1
41059,1
41060,0
41061,0
41062,1
41063,0
41064,1
41065,1
41066,1
41067,1
41068,1
41069,0
41070,1
41071,1
41072,0
41073,0
41074,1
41075,1
41076,1
41077,1
41078,1
41079,1
41080,1
41081,1
41082,1
41083,1
41084,1
41085,1
41086,0
41087,1
41088,1
41089,1
41090,1
41091,0
41092,0
41093,1
41094,0
41095,1
41096,0
41097,1
41098,1
41099,0
41100,1
41101,1
41102,1
41103,0
41104,1
41105,0
41106,1
41107,1
41108,1
41109,0
41110,1
41111,1
41112,1
41113,1
41114,0
41115,1
41116,1
41117,0
41118,1
41119,1
41120,1
41121,1
41122,1
41123,1
41124,1
41125,0
41126,1
41127,0
41128,1
41129,1
41130,1
41131,1
41132,1
41133,1
41134,1
41135,1
41136,0
41137,1
41138,1
41139,1
41140,0
41141,1
41142,1
41143,1
41144,1
41145,0
41146,1
41147,0
41148,1
41149,1
41150,0
41151,1
41152,0
41153,0
41154,1
41155,1
41156,1
41157,1
41158,1
41159,0
41160,1
41161,1
41162,1
41163,1
41164,1
41165,0
41166,1
41167,1
41168,1
41169,0
41170,0
41171,1
41172,1
41173,1
41174,1
41175,1
41176,1
41177,1
41178,0
41179,0
41180,1
41181,1
41182,1
41183,1
41184,1
41185,1
41186,1
41187,1
41188,1
41189,0
41190,0
41191,0
41192,1
41193,1
41194,0
41195,1
41196,0
41197,1
41198,1
41199,1
41200,1
41201,0
41202,1
41203,0
41204,1
41205,1
41206,1
41207,1
41208,0
41209,1
41210,1
41211,1
41212,1
41213,1
41214,1
41215,1
41216,1
41217,1
41218,1
41219,1
41220,1
41221,1
41222,0
41223,1
41224,1
41225,1
41226,0
41227,1
41228,1
41229,1
41230,0
41231,1
41232,1
41233,0
41234,1
41235,0
41236,0
41237,0
41238,1
41239,1
41240,0
41241,1
41242,0
41243,1
41244,1
41245,0
41246,1
41247,1
41248,1
41249,1
41250,1
41251,1
41252,1
41253,1
41254,1
41255,1
41256,1
41257,1
41258,0
41259,1
41260,1
41261,1
41262,1
41263,0
41264,1
41265,1
41266,1
41267,1
41268,1
41269,1
41270,0
41271,1
41272,1
41273,1
41274,1
41275,1
41276,1
41277,0
41278,1
41279,0
41280,1
41281,1
41282,1
41283,1
41284,1
41285,1
41286,1
41287,1
41288,1
41289,1
41290,1
41291,1
41292,1
41293,1
41294,1
41295,0
41296,1
41297,0
41298,1
41299,1
41300,1
41301,1
41302,1
41303,1
41304,0
41305,1
41306,1
41307,1
41308,1
41309,1
41310,1
41311,0
41312,1
41313,1
41314,0
41315,1
41316,0
41317,1
41318,1
41319,1
41320,1
41321,1
41322,1
41323,1
41324,1
41325,1
41326,1
41327,1
41328,1
41329,1
41330,1
41331,0
41332,1
41333,0
41334,0
41335,1
41336,1
41337,0
41338,1
41339,1
41340,1
41341,0
41342,1
41343,0
41344,1
41345,1
41346,1
41347,1
41348,1
41349,1
41350,1
41351,1
41352,1
41353,1
41354,0
41355,1
41356,1
41357,1
41358,1
41359,0
41360,1
41361,1
41362,1
41363,0
41364,1
41365,1
41366,0
41367,1
41368,0
41369,1
41370,1
41371,1
41372,1
41373,1
41374,1
41375,1
41376,0
41377,0
41378,1
41379,1
41380,0
41381,0
41382,0
41383,1
41384,1
41385,1
41386,0
41387,1
41388,1
41389,0
41390,1
41391,1
41392,1
41393,1
41394,1
41395,1
41396,1
41397,1
41398,1
41399,1
41400,1
41401,0
41402,1
41403,1
41404,0
41405,1
41406,1
41407,1
41408,1
41409,1
41410,1
41411,1
41412,1
41413,0
41414,1
41415,1
41416,1
41417,1
41418,0
41419,0
41420,1
41421,0
41422,0
41423,1
41424,1
41425,1
41426,1
41427,1
41428,1
41429,1
41430,1
41431,1
41432,1
41433,0
41434,1
41435,0
41436,1
41437,0
41438,0
41439,1
41440,1
41441,1
41442,1
41443,1
41444,1
41445,1
41446,1
41447,1
41448,0
41449,0
41450,1
41451,0
41452,1
41453,0
41454,1
41455,1
41456,0
41457,1
41458,1
41459,0
41460,1
41461,1
41462,1
41463,0
41464,1
41465,1
41466,1
41467,1
41468,0
41469,1
41470,0
41471,0
41472,0
41473,1
41474,1
41475,1
41476,0
41477,0
41478,1
41479,0
41480,1
41481,0
41482,1
41483,1
41484,1
41485,0
41486,0
41487,1
41488,1
41489,0
41490,1
41491,1
41492,1
41493,0
41494,0
41495,1
41496,0
41497,1
41498,1
41499,1
41500,1
41501,0
41502,1
41503,1
41504,0
41505,0
41506,1
41507,0
41508,1
41509,0
41510,1
41511,0
41512,1
41513,1
41514,0
41515,1
41516,1
41517,1
41518,1
41519,0
41520,0
41521,1
41522,1
41523,1
41524,1
41525,1
41526,1
41527,1
41528,1
41529,1
41530,1
41531,0
41532,0
41533,1
41534,1
41535,0
41536,1
41537,1
41538,1
41539,0
41540,1
41541,1
41542,1
41543,1
41544,1
41545,1
41546,1
41547,1
41548,1
41549,1
41550,1
41551,1
41552,0
41553,1
41554,1
41555,1
41556,0
41557,1
41558,0
41559,0
41560,1
41561,1
41562,1
41563,0
41564,1
41565,1
41566,1
41567,1
41568,1
41569,1
41570,0
41571,0
41572,1
41573,1
41574,0
41575,1
41576,1
41577,0
41578,1
41579,0
41580,1
41581,1
41582,1
41583,1
41584,1
41585,1
41586,0
41587,0
41588,1
41589,1
41590,1
41591,1
41592,1
41593,0
41594,1
41595,0
41596,1
41597,1
41598,1
41599,0
41600,1
41601,1
41602,0
41603,1
41604,0
41605,0
41606,1
41607,1
41608,0
41609,1
41610,0
41611,1
41612,1
41613,0
41614,0
41615,1
41616,1
41617,1
41618,1
41619,0
41620,1
41621,1
41622,0
41623,1
41624,1
41625,1
41626,0
41627,0
41628,1
41629,0
41630,1
41631,0
41632,1
41633,1
41634,1
41635,0
41636,1
41637,0
41638,0
41639,1
41640,0
41641,1
41642,1
41643,1
41644,1
41645,1
41646,1
41647,1
41648,1
41649,0
41650,0
41651,1
41652,1
41653,0
41654,1
41655,1
41656,0
41657,1
41658,1
41659,0
41660,1
41661,1
41662,1
41663,1
41664,1
41665,1
41666,0
41667,1
41668,0
41669,0
41670,1
41671,1
41672,0
41673,1
41674,1
41675,1
41676,0
41677,1
41678,1
41679,1
41680,1
41681,1
41682,1
41683,1
41684,1
41685,0
41686,1
41687,1
41688,1
41689,0
41690,0
41691,1
41692,1
41693,0
41694,1
41695,1
41696,1
41697,1
41698,1
41699,1
41700,1
41701,0
41702,1
41703,0
41704,1
41705,1
41706,0
41707,1
41708,1
41709,1
41710,1
41711,1
41712,1
41713,1
41714,1
41715,1
41716,1
41717,1
41718,1
41719,0
41720,1
41721,1
41722,1
41723,1
41724,1
41725,1
41726,1
41727,1
41728,0
41729,1
41730,0
41731,1
41732,0
41733,0
41734,1
41735,1
41736,1
41737,1
41738,1
41739,0
41740,0
41741,1
41742,0
41743,1
41744,1
41745,1
41746,1
41747,0
41748,1
41749,0
41750,0
41751,1
41752,1
41753,1
41754,1
41755,1
41756,1
41757,1
41758,0
41759,0
41760,1
41761,1
41762,1
41763,0
41764,1
41765,0
41766,0
41767,1
41768,1
41769,1
41770,1
41771,1
41772,1
41773,1
41774,1
41775,1
41776,1
41777,1
41778,1
41779,1
41780,0
41781,0
41782,1
41783,0
41784,0
41785,1
41786,0
41787,1
41788,1
41789,0
41790,1
41791,1
41792,1
41793,1
41794,1
41795,1
41796,0
41797,1
41798,0
41799,0
41800,1
41801,1
41802,1
41803,1
41804,1
41805,0
41806,0
41807,1
41808,1
41809,1
41810,0
41811,1
41812,0
41813,0
41814,1
41815,0
41816,1
41817,0
41818,1
41819,1
41820,1
41821,1
41822,1
41823,1
41824,0
41825,0
41826,1
41827,0
41828,1
41829,0
41830,0
41831,1
41832,0
41833,1
41834,0
41835,0
41836,1
41837,0
41838,0
41839,1
41840,0
41841,1
41842,1
41843,1
41844,0
41845,1
41846,0
41847,1
41848,0
41849,1
41850,0
41851,0
41852,0
41853,1
41854,1
41855,1
41856,1
41857,1
41858,1
41859,0
41860,1
41861,0
41862,0
41863,0
41864,1
41865,0
41866,1
41867,0
41868,1
41869,1
41870,0
41871,1
41872,0
41873,1
41874,1
41875,1
41876,1
41877,0
41878,1
41879,0
41880,1
41881,0
41882,1
41883,1
41884,1
41885,0
41886,0
41887,1
41888,0
41889,1
41890,0
41891,1
41892,1
41893,0
41894,1
41895,0
41896,1
41897,1
41898,0
41899,1
41900,1
41901,1
41902,1
41903,1
41904,1
41905,1
41906,1
41907,0
41908,1
41909,1
41910,1
41911,1
41912,1
41913,1
41914,1
41915,0
41916,1
41917,1
41918,1
41919,1
41920,1
41921,0
41922,1
41923,1
41924,1
41925,0
41926,1
41927,1
41928,1
41929,1
41930,1
41931,1
41932,1
41933,1
41934,0
41935,1
41936,1
41937,1
41938,1
41939,1
41940,0
41941,1
41942,1
41943,1
41944,1
41945,0
41946,1
41947,1
41948,0
41949,1
41950,1
41951,1
41952,1
41953,0
41954,0
41955,0
41956,1
41957,1
41958,1
41959,1
41960,1
41961,0
41962,0
41963,0
41964,0
41965,1
41966,1
41967,0
41968,0
41969,0
41970,1
41971,1
41972,1
41973,1
41974,1
41975,1
41976,0
41977,1
41978,0
41979,0
41980,1
41981,1
41982,1
41983,1
41984,1
41985,1
41986,0
41987,1
41988,1
41989,0
41990,0
41991,1
41992,1
41993,0
41994,0
41995,1
41996,0
41997,0
41998,0
41999,0
42000,1
42001,1
42002,0
42003,0
42004,1
42005,1
42006,0
42007,1
42008,1
42009,1
42010,1
42011,1
42012,1
42013,1
42014,1
42015,1
42016,1
42017,1
42018,0
42019,1
42020,0
42021,1
42022,1
42023,0
42024,1
42025,1
42026,1
42027,0
42028,1
42029,1
42030,1
42031,1
42032,1
42033,1
42034,1
42035,1
42036,0
42037,1
42038,1
42039,1
42040,1
42041,1
42042,1
42043,1
42044,0
42045,1
42046,0
42047,0
42048,1
42049,1
42050,1
42051,1
42052,1
42053,0
42054,1
42055,0
42056,1
42057,1
42058,1
42059,0
42060,0
42061,1
42062,1
42063,1
42064,0
42065,1
42066,1
42067,0
42068,0
42069,1
42070,0
42071,0
42072,1
42073,1
42074,1
42075,1
42076,0
42077,1
42078,1
42079,1
42080,1
42081,1
42082,1
42083,0
42084,0
42085,1
42086,0
42087,1
42088,1
42089,0
42090,1
42091,0
42092,1
42093,0
42094,0
42095,0
42096,1
42097,1
42098,1
42099,0
42100,0
42101,0
42102,1
42103,1
42104,1
42105,0
42106,1
42107,0
42108,1
42109,1
42110,1
42111,1
42112,1
42113,1
42114,1
42115,0
42116,1
42117,1
42118,0
42119,1
42120,1
42121,1
42122,0
42123,1
42124,1
42125,0
42126,1
42127,1
42128,0
42129,1
42130,1
42131,1
42132,1
42133,0
42134,1
42135,1
42136,1
42137,1
42138,0
42139,1
42140,1
42141,1
42142,0
42143,1
42144,0
42145,0
42146,1
42147,0
42148,1
42149,0
42150,1
42151,0
42152,1
42153,0
42154,1
42155,0
42156,0
42157,1
42158,0
42159,0
42160,1
42161,0
42162,1
42163,1
42164,1
42165,0
42166,0
42167,1
42168,1
42169,1
42170,1
42171,1
42172,1
42173,1
42174,1
42175,1
42176,1
42177,1
42178,1
42179,1
42180,1
42181,1
42182,0
42183,1
42184,1
42185,0
42186,1
42187,1
42188,0
42189,1
42190,0
42191,1
42192,1
42193,1
42194,1
42195,1
42196,1
42197,0
42198,1
42199,0
42200,1
42201,0
42202,1
42203,1
42204,1
42205,1
42206,1
42207,1
42208,0
42209,1
42210,1
42211,1
42212,1
42213,1
42214,1
42215,1
42216,0
42217,1
42218,1
42219,1
42220,1
42221,1
42222,1
42223,1
42224,0
42225,1
42226,1
42227,1
42228,1
42229,1
42230,1
42231,1
42232,0
42233,1
42234,1
42235,1
42236,1
42237,1
42238,1
42239,1
42240,0
42241,1
42242,1
42243,1
42244,1
42245,0
42246,1
42247,1
42248,1
42249,1
42250,0
42251,1
42252,0
42253,1
42254,1
42255,1
42256,1
42257,1
42258,1
42259,0
42260,1
42261,1
42262,0
42263,1
42264,0
42265,1
42266,1
42267,1
42268,0
42269,0
42270,1
42271,0
42272,1
42273,1
42274,1
42275,0
42276,1
42277,1
42278,1
42279,1
42280,1
42281,0
42282,1
42283,1
42284,1
42285,1
42286,1
42287,0
42288,0
42289,0
42290,1
42291,0
42292,0
42293,1
42294,1
42295,1
42296,1
42297,1
42298,0
42299,1
42300,0
42301,1
42302,1
42303,1
42304,1
42305,0
42306,1
42307,0
42308,0
42309,0
42310,1
42311,0
42312,1
42313,1
42314,0
42315,0
42316,1
42317,1
42318,0
42319,1
42320,1
42321,1
42322,1
42323,1
42324,1
42325,1
42326,0
42327,0
42328,0
42329,1
42330,1
42331,0
42332,1
42333,0
42334,1
42335,1
42336,1
42337,1
42338,1
42339,0
42340,1
42341,1
42342,0
42343,1
42344,1
42345,1
42346,1
42347,1
42348,0
42349,1
42350,0
42351,1
42352,1
42353,1
42354,1
42355,0
42356,1
42357,0
42358,1
42359,1
42360,1
42361,1
42362,1
42363,1
42364,1
42365,1
42366,0
42367,0
42368,1
42369,0
42370,1
42371,1
42372,0
42373,1
42374,1
42375,1
42376,0
42377,0
42378,1
42379,1
42380,0
42381,1
42382,1
42383,1
42384,1
42385,1
42386,1
42387,0
42388,1
42389,0
42390,0
42391,1
42392,1
42393,1
42394,1
42395,0
42396,1
42397,1
42398,1
42399,1
42400,1
42401,1
42402,0
42403,1
42404,1
42405,1
42406,1
42407,1
42408,0
42409,1
42410,0
42411,1
42412,1
42413,1
42414,0
42415,1
42416,0
42417,0
42418,1
42419,1
42420,0
42421,0
42422,1
42423,1
42424,0
42425,1
42426,1
42427,1
42428,1
42429,1
42430,1
42431,1
42432,1
42433,1
42434,1
42435,1
42436,1
42437,0
42438,0
42439,1
42440,1
42441,1
42442,1
42443,0
42444,1
42445,1
42446,1
42447,1
42448,1
42449,1
42450,0
42451,0
42452,0
42453,1
42454,1
42455,1
42456,1
42457,1
42458,1
42459,1
42460,1
42461,1
42462,1
42463,1
42464,1
42465,1
42466,1
42467,0
42468,0
42469,0
42470,1
42471,0
42472,1
42473,1
42474,1
42475,1
42476,1
42477,0
42478,0
42479,1
42480,1
42481,1
42482,0
42483,0
42484,1
42485,1
42486,0
42487,0
42488,0
42489,0
42490,1
42491,0
42492,0
42493,0
42494,1
42495,0
42496,1
42497,1
42498,1
42499,1
42500,1
42501,0
42502,1
42503,0
42504,1
42505,1
42506,1
42507,1
42508,1
42509,1
42510,1
42511,0
42512,1
42513,1
42514,1
42515,0
42516,1
42517,0
42518,0
42519,0
42520,0
42521,1
42522,1
42523,1
42524,1
42525,0
42526,1
42527,1
42528,1
42529,1
42530,1
42531,0
42532,0
42533,1
42534,1
42535,1
42536,0
42537,0
42538,1
42539,1
42540,0
42541,1
42542,0
42543,1
42544,1
42545,1
42546,1
42547,1
42548,1
42549,1
42550,1
42551,0
42552,0
42553,0
42554,0
42555,1
42556,0
42557,1
42558,0
42559,1
42560,0
42561,1
42562,1
42563,1
42564,1
42565,0
42566,1
42567,0
42568,0
42569,0
42570,1
42571,0
42572,1
42573,1
42574,1
42575,0
42576,0
42577,0
42578,1
42579,1
42580,0
42581,1
42582,0
42583,0
42584,0
42585,1
42586,1
42587,1
42588,1
42589,1
42590,1
42591,1
42592,1
42593,0
42594,1
42595,1
42596,0
42597,1
42598,1
42599,1
42600,0
42601,1
42602,1
42603,1
42604,1
42605,1
42606,1
42607,1
42608,1
42609,1
42610,1
42611,1
42612,1
42613,1
42614,0
42615,1
42616,0
42617,0
42618,1
42619,1
42620,1
42621,0
42622,0
42623,1
42624,1
42625,1
42626,0
42627,0
42628,1
42629,0
42630,1
42631,1
42632,1
42633,1
42634,1
42635,1
42636,1
42637,0
42638,1
42639,1
42640,1
42641,1
42642,1
42643,1
42644,1
42645,1
42646,1
42647,0
42648,1
42649,1
42650,0
42651,1
42652,1
42653,1
42654,1
42655,1
42656,1
42657,1
42658,0
42659,1
42660,0
42661,1
42662,1
42663,1
42664,1
42665,0
42666,0
42667,1
42668,0
42669,1
42670,0
42671,1
42672,0
42673,1
42674,0
42675,1
42676,0
42677,0
42678,1
42679,0
42680,1
42681,1
42682,0
42683,1
42684,1
42685,1
42686,1
42687,1
42688,1
42689,1
42690,0
42691,1
42692,0
42693,0
42694,1
42695,1
42696,1
42697,1
42698,0
42699,0
42700,1
42701,1
42702,0
42703,1
42704,1
42705,1
42706,1
42707,0
42708,1
42709,0
42710,1
42711,0
42712,1
42713,1
42714,1
42715,0
42716,1
42717,1
42718,1
42719,1
42720,0
42721,1
42722,1
42723,1
42724,1
42725,1
42726,1
42727,1
42728,1
42729,0
42730,1
42731,1
42732,0
42733,0
42734,1
42735,1
42736,1
42737,1
42738,1
42739,0
42740,1
42741,1
42742,1
42743,0
42744,1
42745,1
42746,1
42747,1
42748,1
42749,1
42750,0
42751,1
42752,0
42753,1
42754,1
42755,0
42756,1
42757,1
42758,0
42759,1
42760,0
42761,1
42762,1
42763,1
42764,1
42765,1
42766,1
42767,0
42768,1
42769,1
42770,1
42771,1
42772,0
42773,0
42774,1
42775,0
42776,0
42777,1
42778,0
42779,1
42780,1
42781,1
42782,0
42783,0
42784,1
42785,1
42786,1
42787,1
42788,1
42789,0
42790,1
42791,1
42792,1
42793,0
42794,1
42795,1
42796,1
42797,1
42798,0
42799,1
42800,1
42801,1
42802,0
42803,1
42804,1
42805,0
42806,0
42807,1
42808,0
42809,1
42810,1
42811,1
42812,1
42813,0
42814,0
42815,1
42816,0
42817,1
42818,1
42819,1
42820,1
42821,1
42822,0
42823,1
42824,1
42825,0
42826,1
42827,1
42828,1
42829,0
42830,1
42831,1
42832,1
42833,0
42834,1
42835,1
42836,0
42837,1
42838,0
42839,1
42840,1
42841,0
42842,1
42843,0
42844,0
42845,1
42846,0
42847,1
42848,1
42849,1
42850,1
42851,1
42852,0
42853,1
42854,0
42855,1
42856,1
42857,0
42858,0
42859,0
42860,0
42861,1
42862,1
42863,0
42864,1
42865,0
42866,1
42867,0
42868,1
42869,0
42870,1
42871,1
42872,1
42873,1
42874,0
42875,1
42876,1
42877,1
42878,1
42879,1
42880,0
42881,1
42882,1
42883,0
42884,1
42885,1
42886,1
42887,1
42888,1
42889,0
42890,1
42891,0
42892,1
42893,0
42894,1
42895,1
42896,1
42897,0
42898,0
42899,1
42900,0
42901,1
42902,1
42903,1
42904,0
42905,1
42906,1
42907,1
42908,1
42909,1
42910,1
42911,1
42912,0
42913,0
42914,0
42915,1
42916,1
42917,1
42918,1
42919,1
42920,1
42921,1
42922,1
42923,0
42924,1
42925,1
42926,1
42927,0
42928,1
42929,1
42930,1
42931,1
42932,1
42933,1
42934,0
42935,0
42936,1
42937,1
42938,0
42939,1
42940,1
42941,1
42942,1
42943,0
42944,1
42945,1
42946,0
42947,0
42948,1
42949,1
42950,1
42951,1
42952,0
42953,1
42954,1
42955,1
42956,1
42957,1
42958,0
42959,0
42960,1
42961,1
42962,1
42963,1
42964,1
42965,1
42966,1
42967,1
42968,1
42969,1
42970,1
42971,1
42972,0
42973,0
42974,0
42975,1
42976,1
42977,1
42978,1
42979,0
42980,0
42981,1
42982,1
42983,1
42984,0
42985,1
42986,0
42987,0
42988,1
42989,1
42990,0
42991,0
42992,1
42993,1
42994,1
42995,0
42996,0
42997,1
42998,0
42999,1
43000,1
43001,1
43002,1
43003,0
43004,0
43005,0
43006,1
43007,1
43008,0
43009,1
43010,1
43011,1
43012,1
43013,1
43014,1
43015,0
43016,1
43017,1
43018,1
43019,1
43020,1
43021,1
43022,1
43023,0
43024,1
43025,0
43026,1
43027,0
43028,0
43029,0
43030,1
43031,0
43032,1
43033,1
43034,1
43035,1
43036,1
43037,1
43038,1
43039,0
43040,1
43041,0
43042,1
43043,1
43044,1
43045,0
43046,1
43047,0
43048,1
43049,1
43050,1
43051,0
43052,0
43053,1
43054,1
43055,1
43056,0
43057,1
43058,0
43059,1
43060,1
43061,1
43062,1
43063,1
43064,0
43065,1
43066,1
43067,1
43068,1
43069,0
43070,1
43071,1
43072,1
43073,1
43074,0
43075,1
43076,1
43077,1
43078,1
43079,0
43080,1
43081,1
43082,1
43083,1
43084,0
43085,1
43086,0
43087,1
43088,1
43089,0
43090,1
43091,0
43092,0
43093,0
43094,1
43095,1
43096,1
43097,1
43098,1
43099,0
43100,1
43101,0
43102,0
43103,1
43104,1
43105,1
43106,0
43107,1
43108,0
43109,1
43110,1
43111,1
43112,1
43113,1
43114,1
43115,1
43116,0
43117,0
43118,0
43119,1
43120,1
43121,1
43122,1
43123,1
43124,1
43125,1
43126,1
43127,1
43128,1
43129,1
43130,1
43131,1
43132,1
43133,0
43134,1
43135,1
43136,1
43137,1
43138,0
43139,1
43140,1
43141,1
43142,0
43143,1
43144,0
43145,1
43146,1
43147,1
43148,0
43149,0
43150,1
43151,1
43152,1
43153,1
43154,1
43155,1
43156,1
43157,0
43158,0
43159,0
43160,1
43161,0
43162,1
43163,0
43164,1
43165,0
43166,0
43167,0
43168,0
43169,1
43170,1
43171,1
43172,1
43173,0
43174,1
43175,1
43176,1
43177,0
43178,0
43179,1
43180,1
43181,1
43182,1
43183,1
43184,0
43185,0
43186,1
43187,1
43188,0
43189,0
43190,1
43191,1
43192,1
43193,1
43194,0
43195,1
43196,1
43197,1
43198,1
43199,1
43200,1
43201,1
43202,1
43203,1
43204,1
43205,1
43206,0
43207,0
43208,1
43209,1
43210,1
43211,0
43212,0
43213,1
43214,0
43215,0
43216,1
43217,0
43218,0
43219,1
43220,1
43221,1
43222,1
43223,1
43224,0
43225,1
43226,1
43227,1
43228,1
43229,1
43230,0
43231,1
43232,1
43233,1
43234,0
43235,0
43236,1
43237,0
43238,1
43239,1
43240,1
43241,1
43242,1
43243,1
43244,0
43245,1
43246,1
43247,1
43248,1
43249,1
43250,1
43251,0
43252,0
43253,0
43254,0
43255,1
43256,0
43257,0
43258,1
43259,1
43260,1
43261,1
43262,0
43263,1
43264,1
43265,1
43266,1
43267,0
43268,1
43269,1
43270,0
43271,0
43272,1
43273,1
43274,1
43275,1
43276,0
43277,1
43278,0
43279,1
43280,1
43281,1
43282,0
43283,1
43284,0
43285,1
43286,0
43287,0
43288,1
43289,0
43290,1
43291,1
43292,1
43293,1
43294,0
43295,0
43296,1
43297,1
43298,1
43299,0
43300,1
43301,0
43302,1
43303,1
43304,1
43305,1
43306,1
43307,1
43308,1
43309,1
43310,0
43311,1
43312,1
43313,1
43314,1
43315,1
43316,1
43317,1
43318,1
43319,1
43320,1
43321,1
43322,0
43323,1
43324,1
43325,1
43326,1
43327,1
43328,1
43329,1
43330,1
43331,0
43332,0
43333,1
43334,1
43335,1
43336,1
43337,1
43338,1
43339,1
43340,1
43341,0
43342,1
43343,1
43344,0
43345,0
43346,0
43347,1
43348,1
43349,1
43350,1
43351,1
43352,1
43353,1
43354,0
43355,0
43356,1
43357,1
43358,1
43359,0
43360,1
43361,1
43362,1
43363,0
43364,1
43365,1
43366,1
43367,1
43368,1
43369,1
43370,1
43371,1
43372,1
43373,1
43374,0
43375,1
43376,1
43377,1
43378,1
43379,1
43380,1
43381,1
43382,1
43383,1
43384,0
43385,1
43386,1
43387,1
43388,1
43389,1
43390,1
43391,1
43392,1
43393,0
43394,0
43395,1
43396,0
43397,1
43398,1
43399,1
43400,0
43401,1
43402,1
43403,1
43404,1
43405,1
43406,1
43407,1
43408,0
43409,0
43410,1
43411,1
43412,1
43413,1
43414,1
43415,0
43416,1
43417,0
43418,1
43419,1
43420,0
43421,1
43422,1
43423,1
43424,0
43425,1
43426,0
43427,0
43428,1
43429,1
43430,1
43431,1
43432,1
43433,1
43434,1
43435,1
43436,1
43437,1
43438,0
43439,1
43440,1
43441,1
43442,0
43443,1
43444,1
43445,1
43446,1
43447,1
43448,1
43449,0
43450,1
43451,0
43452,1
43453,1
43454,0
43455,0
43456,0
43457,1
43458,1
43459,1
43460,1
43461,1
43462,0
43463,1
43464,0
43465,0
43466,0
43467,1
43468,1
43469,1
43470,1
43471,1
43472,1
43473,1
43474,1
43475,0
43476,1
43477,0
43478,0
43479,0
43480,1
43481,0
43482,1
43483,1
43484,1
43485,1
43486,1
43487,1
43488,1
43489,0
43490,1
43491,1
43492,1
43493,1
43494,1
43495,1
43496,0
43497,1
43498,0
43499,0
43500,1
43501,1
43502,1
43503,1
43504,1
43505,1
43506,1
43507,0
43508,0
43509,1
43510,0
43511,0
43512,0
43513,1
43514,1
43515,1
43516,1
43517,1
43518,1
43519,0
43520,1
43521,1
43522,1
43523,1
43524,1
43525,0
43526,1
43527,1
43528,1
43529,1
43530,0
43531,1
43532,1
43533,0
43534,1
43535,1
43536,1
43537,1
43538,1
43539,1
43540,1
43541,0
43542,1
43543,0
43544,1
43545,1
43546,0
43547,0
43548,0
43549,1
43550,1
43551,1
43552,1
43553,0
43554,1
43555,1
43556,1
43557,1
43558,1
43559,1
43560,1
43561,1
43562,1
43563,1
43564,0
43565,0
43566,0
43567,1
43568,0
43569,1
43570,1
43571,1
43572,1
43573,1
43574,1
43575,0
43576,0
43577,1
43578,0
43579,0
43580,1
43581,0
43582,1
43583,0
43584,0
43585,0
43586,1
43587,1
43588,0
43589,1
43590,1
43591,0
43592,1
43593,1
43594,1
43595,0
43596,1
43597,1
43598,0
43599,0
43600,1
43601,0
43602,1
43603,0
43604,1
43605,1
43606,1
43607,0
43608,1
43609,1
43610,1
43611,1
43612,1
43613,1
43614,1
43615,1
43616,1
43617,1
43618,0
43619,1
43620,1
43621,1
43622,1
43623,0
43624,1
43625,0
43626,1
43627,1
43628,1
43629,1
43630,1
43631,0
43632,1
43633,0
43634,1
43635,1
43636,1
43637,1
43638,1
43639,1
43640,1
43641,0
43642,0
43643,1
43644,1
43645,1
43646,1
43647,1
43648,1
43649,0
43650,0
43651,0
43652,0
43653,0
43654,1
43655,0
43656,1
43657,1
43658,0
43659,1
43660,1
43661,0
43662,0
43663,1
43664,1
43665,1
43666,1
43667,1
43668,1
43669,1
43670,1
43671,1
43672,1
43673,1
43674,1
43675,1
43676,1
43677,1
43678,1
43679,1
43680,1
43681,1
43682,0
43683,1
43684,1
43685,1
43686,1
43687,1
43688,1
43689,1
43690,1
43691,0
43692,0
43693,1
43694,1
43695,1
43696,1
43697,1
43698,1
43699,1
43700,0
43701,1
43702,1
43703,1
43704,1
43705,1
43706,1
43707,1
43708,0
43709,1
43710,1
43711,1
43712,1
43713,1
43714,1
43715,1
43716,1
43717,1
43718,1
43719,1
43720,0
43721,1
43722,0
43723,0
43724,0
43725,1
43726,0
43727,1
43728,1
43729,1
43730,1
43731,1
43732,0
43733,1
43734,1
43735,1
43736,1
43737,1
43738,1
43739,1
43740,0
43741,1
43742,1
43743,1
43744,0
43745,1
43746,1
43747,0
43748,0
43749,1
43750,1
43751,1
43752,1
43753,1
43754,1
43755,0
43756,1
43757,1
43758,1
43759,0
43760,1
43761,1
43762,1
43763,0
43764,1
43765,1
43766,1
43767,1
43768,1
43769,1
43770,1
43771,0
43772,1
43773,1
43774,1
43775,0
43776,0
43777,1
43778,1
43779,0
43780,0
43781,0
43782,1
43783,1
43784,1
43785,0
43786,1
43787,1
43788,1
43789,1
43790,1
43791,0
43792,1
43793,1
43794,1
43795,0
43796,0
43797,0
43798,1
43799,1
43800,1
43801,0
43802,1
43803,1
43804,1
43805,1
43806,0
43807,0
43808,0
43809,1
43810,1
43811,1
43812,1
43813,1
43814,1
43815,1
43816,1
43817,1
43818,1
43819,0
43820,0
43821,1
43822,0
43823,1
43824,1
43825,1
43826,1
43827,1
43828,1
43829,1
43830,0
43831,1
43832,1
43833,0
43834,1
43835,0
43836,0
43837,1
43838,0
43839,1
43840,0
43841,0
43842,0
43843,1
43844,0
43845,0
43846,1
43847,1
43848,1
43849,0
43850,1
43851,1
43852,1
43853,1
43854,1
43855,1
43856,0
43857,1
43858,0
43859,0
43860,1
43861,0
43862,1
43863,0
43864,1
43865,0
43866,1
43867,0
43868,1
43869,1
43870,1
43871,1
43872,0
43873,1
43874,1
43875,1
43876,1
43877,0
43878,1
43879,1
43880,1
43881,1
43882,0
43883,0
43884,0
43885,1
43886,1
43887,1
43888,0
43889,1
43890,1
43891,1
43892,1
43893,0
43894,1
43895,1
43896,0
43897,1
43898,1
43899,1
43900,1
43901,1
43902,0
43903,0
43904,0
43905,0
43906,1
43907,1
43908,1
43909,1
43910,0
43911,1
43912,1
43913,1
43914,1
43915,1
43916,1
43917,0
43918,0
43919,1
43920,1
43921,1
43922,1
43923,1
43924,1
43925,1
43926,1
43927,1
43928,0
43929,0
43930,1
43931,1
43932,1
43933,0
43934,1
43935,1
43936,1
43937,1
43938,1
43939,1
43940,1
43941,1
43942,1
43943,1
43944,1
43945,1
43946,1
43947,1
43948,0
43949,0
43950,1
43951,1
43952,0
43953,0
43954,0
43955,0
43956,1
43957,1
43958,1
43959,0
43960,0
43961,0
43962,1
43963,1
43964,0
43965,1
43966,1
43967,1
43968,0
43969,1
43970,0
43971,1
43972,0
43973,1
43974,1
43975,1
43976,1
43977,1
43978,1
43979,1
43980,1
43981,1
43982,1
43983,1
43984,1
43985,1
43986,0
43987,1
43988,0
43989,1
43990,0
43991,0
43992,0
43993,0
43994,1
43995,0
43996,1
43997,1
43998,1
43999,0
44000,1
44001,1
44002,0
44003,1
44004,1
44005,1
44006,0
44007,1
44008,0
44009,1
44010,0
44011,0
44012,1
44013,1
44014,1
44015,1
44016,1
44017,1
44018,0
44019,1
44020,0
44021,1
44022,0
44023,1
44024,1
44025,1
44026,0
44027,1
44028,1
44029,1
44030,1
44031,1
44032,1
44033,1
44034,1
44035,1
44036,1
44037,1
44038,1
44039,0
44040,0
44041,0
44042,1
44043,1
44044,0
44045,1
44046,1
44047,1
44048,0
44049,1
44050,1
44051,1
44052,1
44053,1
44054,1
44055,1
44056,0
44057,0
44058,1
44059,0
44060,0
44061,1
44062,0
44063,0
44064,0
44065,1
44066,0
44067,0
44068,0
44069,1
44070,1
44071,1
44072,1
44073,0
44074,1
44075,1
44076,1
44077,1
44078,0
44079,1
44080,0
44081,1
44082,1
44083,1
44084,1
44085,0
44086,0
44087,1
44088,1
44089,1
44090,1
44091,1
44092,0
44093,1
44094,1
44095,1
44096,1
44097,1
44098,1
44099,1
44100,1
44101,1
44102,1
44103,1
44104,1
44105,1
44106,1
44107,1
44108,1
44109,1
44110,1
44111,0
44112,1
44113,1
44114,0
44115,1
44116,0
44117,1
44118,0
44119,1
44120,1
44121,1
44122,1
44123,1
44124,1
44125,1
44126,1
44127,1
44128,1
44129,0
44130,1
44131,1
44132,1
44133,0
44134,1
44135,1
44136,1
44137,0
44138,1
44139,0
44140,1
44141,0
44142,1
44143,0
44144,0
44145,1
44146,1
44147,1
44148,1
44149,0
44150,0
44151,1
44152,1
44153,1
44154,1
44155,0
44156,0
44157,1
44158,0
44159,1
44160,1
44161,1
44162,1
44163,0
44164,1
44165,1
44166,0
44167,1
44168,1
44169,1
44170,1
44171,1
44172,1
44173,1
44174,1
44175,1
44176,1
44177,0
44178,1
44179,1
44180,1
44181,0
44182,1
44183,1
44184,1
44185,1
44186,1
44187,1
44188,1
44189,1
44190,1
44191,1
44192,0
44193,1
44194,1
44195,0
44196,1
44197,1
44198,1
44199,1
44200,1
44201,1
44202,1
44203,1
44204,0
44205,1
44206,1
44207,0
44208,1
44209,1
44210,1
44211,1
44212,1
44213,1
44214,0
44215,0
44216,1
44217,1
44218,1
44219,1
44220,1
44221,1
44222,1
44223,0
44224,1
44225,1
44226,1
44227,1
44228,0
44229,1
44230,1
44231,1
44232,0
44233,1
44234,1
44235,1
44236,1
44237,0
44238,0
44239,1
44240,1
44241,0
44242,1
44243,0
44244,1
44245,1
44246,0
44247,1
44248,1
44249,1
44250,1
44251,1
44252,1
44253,1
44254,1
44255,1
44256,1
44257,1
44258,1
44259,1
44260,1
44261,0
44262,1
44263,1
44264,1
44265,1
44266,1
44267,1
44268,1
44269,1
44270,1
44271,1
44272,1
44273,1
44274,1
44275,1
44276,1
44277,1
44278,1
44279,0
44280,0
44281,1
44282,0
44283,1
44284,1
44285,0
44286,1
44287,0
44288,1
44289,1
44290,1
44291,1
44292,0
44293,1
44294,1
44295,1
44296,1
44297,1
44298,0
44299,1
44300,1
44301,0
44302,1
44303,0
44304,1
44305,1
44306,1
44307,0
44308,1
44309,0
44310,0
44311,0
44312,1
44313,0
44314,1
44315,1
44316,1
44317,1
44318,0
44319,1
44320,1
44321,1
44322,1
44323,1
44324,1
44325,0
44326,1
44327,0
44328,0
44329,0
44330,1
44331,1
44332,0
44333,1
44334,0
44335,0
44336,0
44337,0
44338,1
44339,1
44340,1
44341,1
44342,1
44343,1
44344,0
44345,0
44346,0
44347,1
44348,1
44349,1
44350,1
44351,1
44352,1
44353,0
44354,0
44355,1
44356,0
44357,1
44358,1
44359,1
44360,0
44361,1
44362,1
44363,1
44364,1
44365,1
44366,1
44367,0
44368,1
44369,1
44370,0
44371,0
44372,0
44373,1
44374,1
44375,0
44376,1
44377,1
44378,0
44379,1
44380,1
44381,1
44382,1
44383,1
44384,1
44385,0
44386,0
44387,1
44388,1
44389,1
44390,1
44391,1
44392,1
44393,0
44394,0
44395,1
44396,1
44397,1
44398,1
44399,1
44400,1
44401,0
44402,1
44403,0
44404,1
44405,0
44406,1
44407,0
44408,1
44409,1
44410,1
44411,1
44412,1
44413,0
44414,1
44415,0
44416,0
44417,1
44418,1
44419,1
44420,1
44421,0
44422,1
44423,1
44424,1
44425,1
44426,0
44427,1
44428,1
44429,0
44430,1
44431,1
44432,0
44433,1
44434,1
44435,1
44436,1
44437,0
44438,0
44439,0
44440,1
44441,1
44442,1
44443,1
44444,1
44445,0
44446,0
44447,1
44448,1
44449,0
44450,1
44451,1
44452,1
44453,1
44454,1
44455,1
44456,1
44457,1
44458,0
44459,1
44460,0
44461,0
44462,1
44463,0
44464,1
44465,1
44466,1
44467,1
44468,1
44469,1
44470,0
44471,1
44472,1
44473,0
44474,1
44475,1
44476,1
44477,1
44478,1
44479,1
44480,1
44481,1
44482,0
44483,1
44484,1
44485,1
44486,1
44487,1
44488,1
44489,0
44490,1
44491,1
44492,1
44493,1
44494,1
44495,1
44496,1
44497,0
44498,1
44499,1
44500,1
44501,1
44502,1
44503,1
44504,0
44505,1
44506,1
44507,1
44508,1
44509,1
44510,1
44511,0
44512,1
44513,1
44514,1
44515,0
44516,1
44517,1
44518,1
44519,1
44520,1
44521,1
44522,0
44523,0
44524,0
44525,0
44526,1
44527,1
44528,1
44529,1
44530,1
44531,0
44532,1
44533,1
44534,0
44535,1
44536,1
44537,1
44538,1
44539,1
44540,1
44541,1
44542,1
44543,1
44544,1
44545,1
44546,0
44547,0
44548,1
44549,1
44550,1
44551,1
44552,0
44553,0
44554,1
44555,1
44556,0
44557,0
44558,0
44559,0
44560,0
44561,0
44562,0
44563,0
44564,1
44565,0
44566,0
44567,1
44568,1
44569,1
44570,0
44571,1
44572,1
44573,1
44574,0
44575,1
44576,1
44577,1
44578,1
44579,0
44580,1
44581,0
44582,1
44583,1
44584,1
44585,1
44586,1
44587,1
44588,1
44589,1
44590,1
44591,0
44592,1
44593,1
44594,1
44595,0
44596,1
44597,1
44598,1
44599,0
44600,1
44601,1
44602,1
44603,0
44604,1
44605,0
44606,0
44607,1
44608,1
44609,0
44610,0
44611,1
44612,0
44613,1
44614,1
44615,0
44616,1
44617,1
44618,1
44619,1
44620,1
44621,0
44622,1
44623,0
44624,1
44625,0
44626,1
44627,0
44628,0
44629,1
44630,1
44631,1
44632,1
44633,1
44634,1
44635,0
44636,1
44637,1
44638,0
44639,1
44640,1
44641,1
44642,0
44643,0
44644,1
44645,1
44646,0
44647,1
44648,1
44649,1
44650,0
44651,1
44652,1
44653,0
44654,1
44655,1
44656,1
44657,0
44658,1
44659,1
44660,1
44661,0
44662,1
44663,1
44664,1
44665,1
44666,0
44667,1
44668,1
44669,1
44670,1
44671,1
44672,1
44673,0
44674,1
44675,0
44676,1
44677,1
44678,1
44679,1
44680,1
44681,0
44682,1
44683,1
44684,1
44685,1
44686,1
44687,0
44688,1
44689,1
44690,0
44691,1
44692,0
44693,0
44694,1
44695,1
44696,1
44697,0
44698,1
44699,1
44700,1
44701,0
44702,1
44703,1
44704,0
44705,1
44706,1
44707,1
44708,0
44709,1
44710,1
44711,0
44712,1
44713,1
44714,1
44715,1
44716,1
44717,1
44718,0
44719,1
44720,1
44721,1
44722,0
44723,1
44724,1
44725,1
44726,1
44727,1
44728,1
44729,1
44730,1
44731,0
44732,1
44733,0
44734,1
44735,1
44736,1
44737,1
44738,1
44739,1
44740,1
44741,1
44742,1
44743,1
44744,1
44745,0
44746,0
44747,1
44748,1
44749,0
44750,0
44751,1
44752,1
44753,1
44754,1
44755,1
44756,1
44757,1
44758,1
44759,0
44760,1
44761,1
44762,1
44763,1
44764,1
44765,1
44766,1
44767,1
44768,1
44769,1
44770,0
44771,1
44772,0
44773,0
44774,0
44775,0
44776,1
44777,0
44778,1
44779,1
44780,1
44781,0
44782,1
44783,0
44784,1
44785,1
44786,1
44787,1
44788,1
44789,1
44790,1
44791,1
44792,1
44793,0
44794,0
44795,1
44796,1
44797,1
44798,0
44799,0
44800,0
44801,1
44802,0
44803,1
44804,0
44805,1
44806,0
44807,1
44808,1
44809,1
44810,1
44811,1
44812,1
44813,1
44814,0
44815,1
44816,0
44817,0
44818,1
44819,1
44820,1
44821,1
44822,1
44823,1
44824,1
44825,1
44826,1
44827,1
44828,0
44829,1
44830,0
44831,1
44832,0
44833,0
44834,1
44835,1
44836,1
44837,0
44838,1
44839,1
44840,0
44841,1
44842,1
44843,1
44844,1
44845,1
44846,0
44847,1
44848,1
44849,0
44850,1
44851,0
44852,1
44853,0
44854,1
44855,1
44856,1
44857,1
44858,0
44859,1
44860,1
44861,0
44862,1
44863,0
44864,1
44865,1
44866,1
44867,1
44868,0
44869,1
44870,1
44871,0
44872,0
44873,0
44874,0
44875,0
44876,0
44877,1
44878,1
44879,0
44880,1
44881,1
44882,1
44883,1
44884,1
44885,1
44886,0
44887,1
44888,1
44889,1
44890,0
44891,1
44892,1
44893,1
44894,1
44895,1
44896,1
44897,1
44898,1
44899,1
44900,1
44901,1
44902,1
44903,1
44904,1
44905,1
44906,0
44907,0
44908,1
44909,1
44910,0
44911,1
44912,0
44913,0
44914,0
44915,1
44916,1
44917,0
44918,0
44919,0
44920,1
44921,1
44922,0
44923,1
44924,1
44925,1
44926,1
44927,1
44928,1
44929,1
44930,0
44931,1
44932,1
44933,0
44934,1
44935,1
44936,1
44937,1
44938,0
44939,1
44940,1
44941,1
44942,1
44943,1
44944,1
44945,0
44946,1
44947,1
44948,1
44949,0
44950,0
44951,1
44952,1
44953,1
44954,0
44955,0
44956,1
44957,1
44958,1
44959,1
44960,1
44961,1
44962,0
44963,1
44964,1
44965,1
44966,1
44967,1
44968,1
44969,0
44970,1
44971,1
44972,1
44973,0
44974,0
44975,1
44976,1
44977,0
44978,1
44979,1
44980,0
44981,1
44982,1
44983,1
44984,1
44985,1
44986,0
44987,0
44988,0
44989,0
44990,1
44991,1
44992,1
44993,1
44994,0
44995,1
44996,1
44997,0
44998,1
44999,1
45000,0
45001,1
45002,1
45003,0
45004,1
45005,0
45006,1
45007,1
45008,1
45009,1
45010,0
45011,0
45012,1
45013,0
45014,1
45015,0
45016,1
45017,0
45018,0
45019,0
45020,1
45021,1
45022,0
45023,1
45024,1
45025,1
45026,1
45027,1
45028,1
45029,0
45030,0
45031,0
45032,0
45033,1
45034,1
45035,1
45036,1
45037,1
45038,1
45039,0
45040,1
45041,0
45042,1
45043,1
45044,1
45045,0
45046,1
45047,1
45048,1
45049,1
45050,1
45051,1
45052,1
45053,1
45054,1
45055,1
45056,1
45057,1
45058,0
45059,0
45060,0
45061,1
45062,1
45063,1
45064,1
45065,1
45066,1
45067,1
45068,1
45069,1
45070,1
45071,0
45072,1
45073,1
45074,1
45075,1
45076,0
45077,1
45078,0
45079,1
45080,1
45081,1
45082,1
45083,1
45084,0
45085,1
45086,0
45087,1
45088,1
45089,1
45090,1
45091,1
45092,0
45093,1
45094,0
45095,0
45096,0
45097,0
45098,0
45099,1
45100,1
45101,1
45102,0
45103,1
45104,0
45105,0
45106,1
45107,0
45108,0
45109,1
45110,0
45111,0
45112,1
45113,0
45114,1
45115,1
45116,0
45117,1
45118,0
45119,1
45120,1
45121,1
45122,1
45123,1
45124,1
45125,0
45126,0
45127,0
45128,1
45129,1
45130,1
45131,0
45132,1
45133,1
45134,1
45135,1
45136,1
45137,0
45138,1
45139,0
45140,1
45141,0
45142,1
45143,1
45144,1
45145,1
45146,1
45147,0
45148,0
45149,1
45150,1
45151,1
45152,1
45153,1
45154,1
45155,1
45156,1
45157,1
45158,1
45159,1
45160,1
45161,1
45162,1
45163,1
45164,1
45165,0
45166,0
45167,0
45168,1
45169,0
45170,0
45171,1
45172,0
45173,1
45174,1
45175,0
45176,1
45177,1
45178,0
45179,1
45180,0
45181,1
45182,1
45183,1
45184,1
45185,0
45186,1
45187,1
45188,1
45189,0
45190,1
45191,1
45192,0
45193,0
45194,1
45195,1
45196,1
45197,1
45198,0
45199,1
45200,1
45201,0
45202,1
45203,1
45204,0
45205,1
45206,1
45207,0
45208,1
45209,1
45210,1
45211,1
45212,1
45213,1
45214,1
45215,0
45216,0
45217,1
45218,0
45219,1
45220,0
45221,1
45222,0
45223,1
45224,1
45225,0
45226,1
45227,1
45228,1
45229,0
45230,1
45231,1
45232,1
45233,0
45234,1
45235,0
45236,0
45237,1
45238,1
45239,0
45240,1
45241,1
45242,0
45243,0
45244,1
45245,1
45246,0
45247,0
45248,1
45249,1
45250,1
45251,1
45252,1
45253,1
45254,0
45255,1
45256,0
45257,1
45258,1
45259,1
45260,1
45261,1
45262,0
45263,1
45264,1
45265,1
45266,0
45267,0
45268,0
45269,0
45270,1
45271,1
45272,1
45273,1
45274,1
45275,1
45276,1
45277,1
45278,0
45279,1
45280,0
45281,1
45282,0
45283,1
45284,1
45285,1
45286,0
45287,1
45288,1
45289,1
45290,0
45291,1
45292,0
45293,0
45294,1
45295,0
45296,1
45297,1
45298,0
45299,0
45300,1
45301,1
45302,0
45303,1
45304,1
45305,1
45306,1
45307,1
45308,1
45309,0
45310,1
45311,1
45312,0
45313,1
45314,1
45315,1
45316,0
45317,1
45318,0
45319,0
45320,1
45321,1
45322,1
45323,1
45324,1
45325,1
45326,1
45327,1
45328,1
45329,1
45330,1
45331,0
45332,1
45333,1
45334,0
45335,1
45336,1
45337,1
45338,1
45339,1
45340,1
45341,1
45342,0
45343,1
45344,0
45345,1
45346,1
45347,1
45348,0
45349,0
45350,1
45351,0
45352,1
45353,1
45354,1
45355,0
45356,0
45357,1
45358,0
45359,0
45360,0
45361,1
45362,1
45363,1
45364,0
45365,1
45366,1
45367,1
45368,1
45369,0
45370,1
45371,1
45372,1
45373,1
45374,1
45375,1
45376,0
45377,1
45378,1
45379,1
45380,1
45381,1
45382,0
45383,0
45384,1
45385,1
45386,1
45387,0
45388,0
45389,1
45390,1
45391,0
45392,1
45393,1
45394,1
45395,1
45396,1
45397,1
45398,1
45399,1
45400,1
45401,1
45402,1
45403,0
45404,1
45405,1
45406,0
45407,1
45408,1
45409,1
45410,1
45411,1
45412,1
45413,1
45414,1
45415,1
45416,1
45417,1
45418,0
45419,1
45420,1
45421,1
45422,0
45423,0
45424,1
45425,1
45426,1
45427,0
45428,0
45429,0
45430,1
45431,1
45432,0
45433,1
45434,1
45435,1
45436,0
45437,1
45438,0
45439,1
45440,0
45441,0
45442,1
45443,1
45444,1
45445,1
45446,0
45447,1
45448,0
45449,0
45450,1
45451,0
45452,1
45453,0
45454,1
45455,0
45456,0
45457,1
45458,0
45459,1
45460,1
45461,0
45462,0
45463,0
45464,1
45465,1
45466,1
45467,0
45468,1
45469,1
45470,0
45471,0
45472,0
45473,0
45474,1
45475,1
45476,1
45477,0
45478,1
45479,1
45480,1
45481,1
45482,1
45483,1
45484,1
45485,0
45486,1
45487,0
45488,1
45489,1
45490,1
45491,1
45492,0
45493,1
45494,1
45495,1
45496,1
45497,1
45498,1
45499,1
45500,1
45501,1
45502,0
45503,1
45504,1
45505,0
45506,1
45507,0
45508,1
45509,0
45510,1
45511,1
45512,1
45513,1
45514,1
45515,1
45516,1
45517,1
45518,1
45519,1
45520,1
45521,0
45522,1
45523,0
45524,1
45525,1
45526,1
45527,1
45528,1
45529,1
45530,0
45531,1
45532,1
45533,0
45534,1
45535,1
45536,0
45537,1
45538,1
45539,1
45540,1
45541,1
45542,0
45543,1
45544,1
45545,1
45546,0
45547,1
45548,1
45549,1
45550,0
45551,0
45552,1
45553,0
45554,0
45555,1
45556,1
45557,0
45558,0
45559,1
45560,1
45561,0
45562,1
45563,1
45564,1
45565,0
45566,1
45567,1
45568,1
45569,1
45570,0
45571,1
45572,1
45573,1
45574,0
45575,1
45576,0
45577,0
45578,0
45579,1
45580,1
45581,0
45582,1
45583,1
45584,1
45585,0
45586,1
45587,1
45588,0
45589,1
45590,1
45591,1
45592,1
45593,1
45594,0
45595,1
45596,0
45597,1
45598,1
45599,1
45600,0
45601,0
45602,1
45603,1
45604,1
45605,0
45606,1
45607,1
45608,1
45609,1
45610,1
45611,1
45612,1
45613,1
45614,0
45615,1
45616,0
45617,0
45618,0
45619,0
45620,1
45621,1
45622,1
45623,1
45624,1
45625,1
45626,1
45627,1
45628,0
45629,1
45630,1
45631,0
45632,0
45633,1
45634,0
45635,1
45636,1
45637,1
45638,1
45639,1
45640,1
45641,1
45642,0
45643,1
45644,0
45645,1
45646,0
45647,1
45648,1
45649,1
45650,1
45651,0
45652,1
45653,1
45654,1
45655,1
45656,1
45657,1
45658,1
45659,1
45660,1
45661,1
45662,0
45663,1
45664,1
45665,0
45666,1
45667,1
45668,1
45669,1
45670,1
45671,1
45672,1
45673,0
45674,1
45675,0
45676,1
45677,0
45678,1
45679,1
45680,1
45681,0
45682,0
45683,1
45684,1
45685,0
45686,1
45687,1
45688,1
45689,0
45690,0
45691,1
45692,1
45693,1
45694,1
45695,1
45696,1
45697,0
45698,1
45699,1
45700,0
45701,1
45702,1
45703,1
45704,0
45705,0
45706,0
45707,0
45708,1
45709,1
45710,0
45711,0
45712,0
45713,1
45714,1
45715,0
45716,1
45717,0
45718,1
45719,1
45720,1
45721,1
45722,0
45723,1
45724,1
45725,0
45726,0
45727,1
45728,1
45729,1
45730,1
45731,0
45732,1
45733,1
45734,1
45735,1
45736,1
45737,1
45738,1
45739,1
45740,1
45741,0
45742,1
45743,1
45744,1
45745,0
45746,1
45747,1
45748,1
45749,1
45750,1
45751,0
45752,0
45753,1
45754,1
45755,0
45756,0
45757,0
45758,1
45759,1
45760,1
45761,1
45762,1
45763,0
45764,0
45765,1
45766,1
45767,1
45768,1
45769,1
45770,0
45771,1
45772,0
45773,0
45774,1
45775,1
45776,1
45777,0
45778,1
45779,0
45780,1
45781,1
45782,1
45783,1
45784,0
45785,0
45786,0
45787,0
45788,1
45789,0
45790,0
45791,0
45792,1
45793,0
45794,1
45795,0
45796,1
45797,1
45798,1
45799,1
45800,1
45801,0
45802,1
45803,1
45804,1
45805,0
45806,0
45807,1
45808,1
45809,1
45810,1
45811,1
45812,0
45813,1
45814,1
45815,0
45816,0
45817,1
45818,1
45819,0
45820,0
45821,1
45822,0
45823,1
45824,1
45825,0
45826,1
45827,1
45828,1
45829,1
45830,1
45831,0
45832,0
45833,1
45834,1
45835,1
45836,1
45837,1
45838,1
45839,0
45840,1
45841,1
45842,1
45843,1
45844,1
45845,0
45846,1
45847,1
45848,1
45849,1
45850,0
45851,1
45852,1
45853,1
45854,0
45855,0
45856,0
45857,1
45858,0
45859,1
45860,1
45861,0
45862,1
45863,0
45864,1
45865,1
45866,1
45867,1
45868,1
45869,0
45870,0
45871,1
45872,1
45873,1
45874,1
45875,1
45876,0
45877,1
45878,1
45879,0
45880,1
45881,0
45882,0
45883,1
45884,0
45885,0
45886,1
45887,1
45888,1
45889,1
45890,1
45891,1
45892,1
45893,0
45894,1
45895,1
45896,1
45897,1
45898,1
45899,1
45900,1
45901,0
45902,1
45903,1
45904,0
45905,1
45906,0
45907,0
45908,0
45909,0
45910,1
45911,1
45912,1
45913,1
45914,1
45915,0
45916,1
45917,0
45918,1
45919,1
45920,0
45921,1
45922,0
45923,1
45924,0
45925,1
45926,1
45927,1
45928,1
45929,1
45930,1
45931,0
45932,0
45933,1
45934,1
45935,1
45936,0
45937,0
45938,0
45939,1
45940,1
45941,1
45942,1
45943,1
45944,0
45945,1
45946,1
45947,0
45948,0
45949,1
45950,1
45951,1
45952,1
45953,1
45954,1
45955,1
45956,0
45957,1
45958,1
45959,1
45960,0
45961,1
45962,1
45963,1
45964,1
45965,0
45966,0
45967,1
45968,1
45969,0
45970,1
45971,1
45972,1
45973,1
45974,0
45975,1
45976,1
45977,1
45978,0
45979,1
45980,1
45981,0
45982,1
45983,1
45984,1
45985,0
45986,0
45987,1
45988,1
45989,0
45990,1
45991,1
45992,1
45993,0
45994,1
45995,0
45996,0
45997,1
45998,0
45999,0
46000,0
46001,0
46002,0
46003,1
46004,0
46005,1
46006,1
46007,0
46008,0
46009,1
46010,1
46011,1
46012,1
46013,1
46014,1
46015,1
46016,0
46017,0
46018,1
46019,1
46020,1
46021,0
46022,1
46023,1
46024,1
46025,1
46026,1
46027,1
46028,1
46029,1
46030,0
46031,1
46032,0
46033,0
46034,0
46035,1
46036,1
46037,1
46038,1
46039,1
46040,0
46041,1
46042,1
46043,1
46044,0
46045,1
46046,1
46047,1
46048,0
46049,0
46050,1
46051,0
46052,0
46053,0
46054,0
46055,0
46056,0
46057,1
46058,0
46059,0
46060,1
46061,1
46062,1
46063,1
46064,0
46065,0
46066,0
46067,1
46068,1
46069,1
46070,0
46071,1
46072,1
46073,1
46074,1
46075,1
46076,0
46077,1
46078,1
46079,1
46080,1
46081,1
46082,1
46083,1
46084,1
46085,1
46086,1
46087,0
46088,1
46089,0
46090,1
46091,1
46092,0
46093,1
46094,0
46095,1
46096,1
46097,1
46098,1
46099,1
46100,1
46101,0
46102,0
46103,1
46104,1
46105,0
46106,1
46107,0
46108,1
46109,0
46110,0
46111,1
46112,1
46113,1
46114,0
46115,0
46116,1
46117,1
46118,1
46119,1
46120,1
46121,1
46122,0
46123,1
46124,1
46125,0
46126,1
46127,1
46128,1
46129,1
46130,1
46131,0
46132,0
46133,1
46134,1
46135,0
46136,0
46137,0
46138,1
46139,1
46140,1
46141,1
46142,1
46143,1
46144,1
46145,1
46146,0
46147,1
46148,1
46149,1
46150,0
46151,0
46152,1
46153,1
46154,1
46155,0
46156,1
46157,0
46158,1
46159,0
46160,1
46161,1
46162,1
46163,1
46164,1
46165,1
46166,0
46167,1
46168,1
46169,1
46170,1
46171,1
46172,1
46173,1
46174,0
46175,1
46176,1
46177,0
46178,0
46179,1
46180,1
46181,0
46182,1
46183,1
46184,1
46185,1
46186,1
46187,0
46188,1
46189,1
46190,0
46191,1
46192,0
46193,1
46194,1
46195,0
46196,1
46197,0
46198,0
46199,1
46200,1
46201,1
46202,0
46203,1
46204,0
46205,1
46206,1
46207,1
46208,1
46209,1
46210,1
46211,1
46212,1
46213,1
46214,0
46215,0
46216,1
46217,1
46218,1
46219,1
46220,1
46221,1
46222,1
46223,1
46224,0
46225,0
46226,1
46227,1
46228,0
46229,1
46230,0
46231,0
46232,1
46233,1
46234,1
46235,1
46236,1
46237,0
46238,1
46239,1
46240,1
46241,1
46242,1
46243,1
46244,1
46245,0
46246,1
46247,0
46248,1
46249,1
46250,1
46251,1
46252,1
46253,1
46254,0
46255,1
46256,1
46257,1
46258,1
46259,1
46260,1
46261,0
46262,0
46263,1
46264,1
46265,1
46266,0
46267,1
46268,0
46269,0
46270,0
46271,0
46272,1
46273,1
46274,0
46275,1
46276,1
46277,1
46278,1
46279,1
46280,0
46281,1
46282,1
46283,1
46284,1
46285,0
46286,1
46287,1
46288,0
46289,1
46290,1
46291,1
46292,1
46293,0
46294,1
46295,1
46296,1
46297,1
46298,1
46299,1
46300,0
46301,1
46302,0
46303,0
46304,1
46305,1
46306,1
46307,1
46308,0
46309,1
46310,1
46311,0
46312,1
46313,1
46314,1
46315,1
46316,1
46317,1
46318,0
46319,1
46320,1
46321,1
46322,1
46323,0
46324,0
46325,0
46326,1
46327,1
46328,1
46329,0
46330,0
46331,1
46332,0
46333,1
46334,0
46335,0
46336,1
46337,1
46338,0
46339,1
46340,1
46341,0
46342,1
46343,1
46344,1
46345,1
46346,0
46347,1
46348,1
46349,1
46350,1
46351,0
46352,1
46353,0
46354,1
46355,1
46356,1
46357,1
46358,1
46359,0
46360,1
46361,1
46362,1
46363,1
46364,1
46365,1
46366,0
46367,0
46368,1
46369,1
46370,1
46371,0
46372,1
46373,1
46374,0
46375,1
46376,0
46377,0
46378,0
46379,1
46380,1
46381,0
46382,1
46383,1
46384,1
46385,0
46386,1
46387,1
46388,1
46389,1
46390,0
46391,1
46392,0
46393,1
46394,0
46395,1
46396,1
46397,1
46398,1
46399,0
46400,1
46401,1
46402,1
46403,0
46404,1
46405,1
46406,1
46407,1
46408,0
46409,0
46410,1
46411,1
46412,1
46413,0
46414,0
46415,1
46416,1
46417,1
46418,0
46419,1
46420,0
46421,0
46422,1
46423,1
46424,1
46425,0
46426,0
46427,1
46428,1
46429,0
46430,0
46431,1
46432,1
46433,1
46434,1
46435,0
46436,0
46437,1
46438,1
46439,1
46440,1
46441,0
46442,1
46443,1
46444,0
46445,1
46446,1
46447,1
46448,1
46449,1
46450,0
46451,1
46452,0
46453,1
46454,1
46455,1
46456,1
46457,1
46458,1
46459,1
46460,0
46461,1
46462,0
46463,1
46464,0
46465,1
46466,0
46467,0
46468,1
46469,1
46470,1
46471,1
46472,0
46473,1
46474,0
46475,1
46476,1
46477,1
46478,1
46479,1
46480,1
46481,1
46482,0
46483,1
46484,1
46485,1
46486,1
46487,1
46488,1
46489,0
46490,1
46491,0
46492,1
46493,1
46494,0
46495,1
46496,0
46497,0
46498,0
46499,0
46500,0
46501,0
46502,1
46503,1
46504,0
46505,0
46506,0
46507,0
46508,1
46509,1
46510,0
46511,1
46512,1
46513,1
46514,1
46515,0
46516,1
46517,1
46518,1
46519,1
46520,1
46521,1
46522,1
46523,1
46524,1
46525,0
46526,0
46527,1
46528,0
46529,0
46530,1
46531,1
46532,1
46533,1
46534,0
46535,1
46536,0
46537,1
46538,1
46539,1
46540,1
46541,0
46542,1
46543,1
46544,0
46545,0
46546,1
46547,1
46548,0
46549,1
46550,1
46551,1
46552,1
46553,1
46554,0
46555,0
46556,1
46557,1
46558,1
46559,0
46560,0
46561,1
46562,1
46563,1
46564,1
46565,1
46566,1
46567,0
46568,1
46569,1
46570,1
46571,0
46572,0
46573,0
46574,1
46575,1
46576,1
46577,1
46578,0
46579,1
46580,1
46581,0
46582,0
46583,1
46584,1
46585,0
46586,1
46587,1
46588,1
46589,1
46590,1
46591,1
46592,0
46593,1
46594,1
46595,0
46596,0
46597,1
46598,1
46599,1
46600,1
46601,1
46602,1
46603,1
46604,0
46605,1
46606,0
46607,1
46608,1
46609,0
46610,0
46611,1
46612,1
46613,1
46614,1
46615,0
46616,1
46617,1
46618,0
46619,1
46620,1
46621,1
46622,1
46623,0
46624,1
46625,1
46626,1
46627,1
46628,0
46629,1
46630,1
46631,1
46632,0
46633,1
46634,0
46635,1
46636,0
46637,0
46638,1
46639,0
46640,1
46641,1
46642,0
46643,1
46644,1
46645,0
46646,1
46647,1
46648,1
46649,1
46650,1
46651,0
46652,1
46653,1
46654,1
46655,0
46656,1
46657,0
46658,1
46659,0
46660,1
46661,1
46662,1
46663,1
46664,1
46665,1
46666,1
46667,0
46668,0
46669,0
46670,1
46671,0
46672,1
46673,1
46674,1
46675,1
46676,1
46677,0
46678,1
46679,1
46680,1
46681,1
46682,1
46683,0
46684,1
46685,0
46686,0
46687,1
46688,0
46689,1
46690,1
46691,1
46692,1
46693,1
46694,1
46695,1
46696,1
46697,1
46698,1
46699,0
46700,1
46701,1
46702,0
46703,1
46704,1
46705,1
46706,1
46707,0
46708,1
46709,1
46710,0
46711,1
46712,1
46713,1
46714,1
46715,1
46716,1
46717,1
46718,1
46719,1
46720,1
46721,1
46722,0
46723,1
46724,0
46725,1
46726,0
46727,1
46728,1
46729,1
46730,1
46731,1
46732,1
46733,0
46734,0
46735,1
46736,1
46737,1
46738,1
46739,1
46740,0
46741,1
46742,1
46743,0
46744,0
46745,1
46746,1
46747,1
46748,1
46749,1
46750,1
46751,0
46752,1
46753,0
46754,0
46755,1
46756,1
46757,1
46758,1
46759,1
46760,1
46761,1
46762,1
46763,0
46764,0
46765,0
46766,1
46767,0
46768,1
46769,1
46770,1
46771,1
46772,1
46773,0
46774,0
46775,1
46776,1
46777,1
46778,1
46779,1
46780,1
46781,1
46782,1
46783,1
46784,0
46785,0
46786,0
46787,1
46788,1
46789,1
46790,1
46791,1
46792,1
46793,1
46794,1
46795,1
46796,1
46797,1
46798,0
46799,1
46800,1
46801,1
46802,0
46803,1
46804,0
46805,1
46806,1
46807,1
46808,1
46809,1
46810,1
46811,0
46812,1
46813,1
46814,1
46815,0
46816,1
46817,1
46818,1
46819,1
46820,1
46821,1
46822,1
46823,1
46824,1
46825,0
46826,1
46827,1
46828,1
46829,0
46830,1
46831,1
46832,1
46833,0
46834,0
46835,0
46836,0
46837,1
46838,0
46839,1
46840,1
46841,1
46842,0
46843,0
46844,1
46845,1
46846,1
46847,1
46848,1
46849,1
46850,1
46851,1
46852,1
46853,1
46854,0
46855,1
46856,1
46857,0
46858,0
46859,0
46860,1
46861,1
46862,1
46863,1
46864,0
46865,0
46866,0
46867,1
46868,1
46869,1
46870,1
46871,1
46872,1
46873,1
46874,1
46875,1
46876,1
46877,1
46878,0
46879,1
46880,1
46881,0
46882,1
46883,1
46884,1
46885,1
46886,0
46887,1
46888,1
46889,1
46890,1
46891,1
46892,1
46893,1
46894,1
46895,1
46896,0
46897,1
46898,1
46899,0
46900,1
46901,1
46902,1
46903,1
46904,1
46905,0
46906,1
46907,1
46908,1
46909,1
46910,0
46911,0
46912,1
46913,0
46914,1
46915,0
46916,0
46917,0
46918,1
46919,1
46920,1
46921,0
46922,1
46923,0
46924,1
46925,1
46926,1
46927,1
46928,1
46929,0
46930,1
46931,1
46932,1
46933,1
46934,1
46935,0
46936,1
46937,1
46938,1
46939,0
46940,0
46941,1
46942,1
46943,1
46944,1
46945,1
46946,1
46947,1
46948,1
46949,1
46950,1
46951,1
46952,1
46953,1
46954,1
46955,1
46956,1
46957,1
46958,0
46959,1
46960,1
46961,1
46962,1
46963,1
46964,1
46965,0
46966,1
46967,0
46968,1
46969,1
46970,1
46971,1
46972,0
46973,1
46974,1
46975,1
46976,1
46977,0
46978,1
46979,1
46980,1
46981,1
46982,0
46983,1
46984,1
46985,0
46986,1
46987,1
46988,0
46989,1
46990,1
46991,1
46992,1
46993,1
46994,1
46995,0
46996,0
46997,0
46998,1
46999,1
47000,1
47001,0
47002,1
47003,1
47004,1
47005,1
47006,1
47007,1
47008,1
47009,1
47010,1
47011,1
47012,1
47013,0
47014,1
47015,1
47016,1
47017,0
47018,1
47019,1
47020,1
47021,1
47022,1
47023,1
47024,0
47025,0
47026,0
47027,0
47028,0
47029,1
47030,1
47031,1
47032,1
47033,1
47034,1
47035,1
47036,1
47037,1
47038,1
47039,1
47040,1
47041,1
47042,0
47043,1
47044,1
47045,1
47046,1
47047,1
47048,1
47049,1
47050,0
47051,1
47052,1
47053,0
47054,1
47055,1
47056,1
47057,1
47058,0
47059,0
47060,1
47061,0
47062,0
47063,0
47064,0
47065,1
47066,1
47067,1
47068,1
47069,0
47070,1
47071,1
47072,1
47073,0
47074,0
47075,0
47076,0
47077,0
47078,1
47079,1
47080,1
47081,1
47082,1
47083,0
47084,1
47085,1
47086,1
47087,0
47088,0
47089,1
47090,0
47091,0
47092,1
47093,0
47094,1
47095,0
47096,1
47097,1
47098,1
47099,1
47100,1
47101,0
47102,1
47103,1
47104,0
47105,1
47106,1
47107,0
47108,1
47109,0
47110,1
47111,1
47112,1
47113,1
47114,1
47115,1
47116,1
47117,1
47118,1
47119,0
47120,0
47121,0
47122,1
47123,1
47124,1
47125,1
47126,1
47127,1
47128,1
47129,0
47130,0
47131,1
47132,1
47133,1
47134,1
47135,0
47136,1
47137,1
47138,0
47139,0
47140,1
47141,1
47142,0
47143,1
47144,0
47145,1
47146,0
47147,1
47148,1
47149,1
47150,1
47151,0
47152,1
47153,1
47154,1
47155,1
47156,1
47157,1
47158,1
47159,1
47160,1
47161,1
47162,1
47163,1
47164,0
47165,0
47166,0
47167,1
47168,0
47169,1
47170,1
47171,0
47172,1
47173,1
47174,1
47175,0
47176,1
47177,0
47178,0
47179,0
47180,1
47181,1
47182,1
47183,0
47184,1
47185,1
47186,0
47187,0
47188,1
47189,0
47190,1
47191,1
47192,1
47193,0
47194,1
47195,1
47196,0
47197,0
47198,1
47199,1
47200,0
47201,1
47202,0
47203,1
47204,1
47205,0
47206,0
47207,1
47208,1
47209,1
47210,1
47211,1
47212,1
47213,1
47214,1
47215,1
47216,1
47217,1
47218,1
47219,1
47220,1
47221,1
47222,0
47223,1
47224,1
47225,1
47226,1
47227,1
47228,1
47229,1
47230,1
47231,1
47232,1
47233,1
47234,1
47235,1
47236,1
47237,1
47238,1
47239,0
47240,0
47241,1
47242,1
47243,1
47244,0
47245,0
47246,1
47247,1
47248,1
47249,1
47250,0
47251,1
47252,1
47253,1
47254,1
47255,1
47256,0
47257,1
47258,0
47259,1
47260,1
47261,1
47262,0
47263,0
47264,0
47265,1
47266,1
47267,1
47268,1
47269,1
47270,1
47271,1
47272,1
47273,0
47274,1
47275,1
47276,1
47277,0
47278,1
47279,1
47280,1
47281,1
47282,0
47283,1
47284,1
47285,1
47286,1
47287,1
47288,1
47289,1
47290,1
47291,0
47292,1
47293,0
47294,1
47295,0
47296,1
47297,1
47298,1
47299,1
47300,0
47301,1
47302,1
47303,1
47304,1
47305,1
47306,1
47307,1
47308,0
47309,0
47310,1
47311,0
47312,1
47313,1
47314,1
47315,1
47316,1
47317,1
47318,1
47319,1
47320,1
47321,0
47322,1
47323,1
47324,0
47325,1
47326,1
47327,0
47328,0
47329,1
47330,0
47331,1
47332,1
47333,1
47334,1
47335,1
47336,1
47337,0
47338,1
47339,0
47340,1
47341,1
47342,1
47343,0
47344,1
47345,0
47346,1
47347,1
47348,0
47349,1
47350,1
47351,0
47352,1
47353,1
47354,0
47355,1
47356,1
47357,1
47358,1
47359,0
47360,0
47361,1
47362,1
47363,1
47364,1
47365,0
47366,1
47367,1
47368,1
47369,1
47370,0
47371,1
47372,1
47373,0
47374,1
47375,1
47376,1
47377,1
47378,1
47379,0
47380,1
47381,0
47382,0
47383,1
47384,1
47385,0
47386,1
47387,1
47388,1
47389,0
47390,1
47391,1
47392,1
47393,0
47394,1
47395,0
47396,0
47397,1
47398,0
47399,1
47400,0
47401,1
47402,1
47403,1
47404,1
47405,1
47406,1
47407,1
47408,1
47409,1
47410,0
47411,1
47412,0
47413,1
47414,1
47415,1
47416,1
47417,0
47418,0
47419,1
47420,1
47421,0
47422,1
47423,0
47424,1
47425,1
47426,1
47427,1
47428,1
47429,1
47430,1
47431,1
47432,0
47433,1
47434,1
47435,1
47436,0
47437,1
47438,0
47439,0
47440,1
47441,1
47442,0
47443,1
47444,1
47445,0
47446,1
47447,1
47448,1
47449,1
47450,1
47451,0
47452,1
47453,0
47454,0
47455,1
47456,1
47457,1
47458,1
47459,0
47460,1
47461,1
47462,1
47463,0
47464,0
47465,1
47466,0
47467,1
47468,1
47469,1
47470,1
47471,0
47472,1
47473,1
47474,0
47475,1
47476,1
47477,1
47478,1
47479,1
47480,0
47481,0
47482,1
47483,0
47484,1
47485,0
47486,1
47487,0
47488,0
47489,1
47490,0
47491,1
47492,0
47493,1
47494,1
47495,1
47496,1
47497,1
47498,1
47499,1
47500,0
47501,1
47502,1
47503,1
47504,0
47505,1
47506,1
47507,1
47508,0
47509,1
47510,0
47511,0
47512,1
47513,0
47514,1
47515,0
47516,0
47517,0
47518,1
47519,1
47520,1
47521,1
47522,1
47523,0
47524,1
47525,1
47526,0
47527,1
47528,0
47529,1
47530,0
47531,0
47532,0
47533,1
47534,1
47535,1
47536,1
47537,1
47538,1
47539,1
47540,0
47541,1
47542,1
47543,1
47544,0
47545,0
47546,1
47547,1
47548,1
47549,1
47550,1
47551,1
47552,0
47553,1
47554,1
47555,1
47556,0
47557,0
47558,0
47559,1
47560,1
47561,0
47562,1
47563,1
47564,1
47565,1
47566,0
47567,0
47568,1
47569,1
47570,1
47571,1
47572,1
47573,1
47574,0
47575,1
47576,1
47577,1
47578,0
47579,1
47580,1
47581,0
47582,0
47583,0
47584,1
47585,1
47586,1
47587,1
47588,1
47589,1
47590,1
47591,1
47592,1
47593,1
47594,1
47595,1
47596,1
47597,1
47598,1
47599,1
47600,0
47601,1
47602,0
47603,1
47604,1
47605,1
47606,0
47607,0
47608,1
47609,0
47610,0
47611,1
47612,0
47613,1
47614,1
47615,1
47616,1
47617,1
47618,1
47619,1
47620,1
47621,1
47622,1
47623,1
47624,1
47625,0
47626,1
47627,1
47628,1
47629,1
47630,1
47631,1
47632,1
47633,0
47634,1
47635,0
47636,1
47637,0
47638,1
47639,0
47640,1
47641,0
47642,0
47643,1
47644,1
47645,1
47646,0
47647,1
47648,0
47649,0
47650,1
47651,0
47652,1
47653,1
47654,1
47655,1
47656,1
47657,0
47658,1
47659,0
47660,1
47661,1
47662,1
47663,1
47664,0
47665,1
47666,1
47667,1
47668,1
47669,1
47670,1
47671,1
47672,1
47673,0
47674,1
47675,0
47676,1
47677,1
47678,1
47679,1
47680,1
47681,1
47682,0
47683,0
47684,0
47685,1
47686,1
47687,1
47688,0
47689,1
47690,1
47691,1
47692,1
47693,0
47694,1
47695,0
47696,1
47697,0
47698,1
47699,1
47700,0
47701,0
47702,1
47703,0
47704,1
47705,0
47706,1
47707,1
47708,0
47709,1
47710,0
47711,0
47712,1
47713,0
47714,1
47715,1
47716,0
47717,1
47718,1
47719,0
47720,1
47721,0
47722,1
47723,0
47724,1
47725,1
47726,1
47727,1
47728,1
47729,1
47730,1
47731,0
47732,1
47733,1
47734,1
47735,1
47736,1
47737,0
47738,1
47739,1
47740,1
47741,0
47742,1
47743,1
47744,0
47745,1
47746,1
47747,0
47748,1
47749,1
47750,0
47751,1
47752,1
47753,0
47754,1
47755,0
47756,1
47757,1
47758,0
47759,1
47760,0
47761,1
47762,1
47763,0
47764,1
47765,0
47766,1
47767,1
47768,0
47769,1
47770,1
47771,1
47772,1
47773,0
47774,0
47775,1
47776,1
47777,1
47778,0
47779,1
47780,1
47781,0
47782,1
47783,0
47784,1
47785,0
47786,1
47787,1
47788,0
47789,1
47790,0
47791,0
47792,0
47793,1
47794,1
47795,1
47796,1
47797,1
47798,0
47799,1
47800,0
47801,1
47802,0
47803,1
47804,0
47805,0
47806,1
47807,1
47808,0
47809,1
47810,1
47811,0
47812,0
47813,1
47814,1
47815,1
47816,1
47817,1
47818,1
47819,1
47820,1
47821,1
47822,0
47823,1
47824,1
47825,0
47826,0
47827,0
47828,1
47829,1
47830,1
47831,1
47832,0
47833,1
47834,0
47835,1
47836,1
47837,1
47838,1
47839,1
47840,0
47841,1
47842,1
47843,1
47844,0
47845,0
47846,0
47847,1
47848,1
47849,0
47850,1
47851,0
47852,1
47853,0
47854,0
47855,1
47856,1
47857,0
47858,1
47859,0
47860,1
47861,1
47862,1
47863,1
47864,1
47865,0
47866,0
47867,1
47868,1
47869,1
47870,1
47871,1
47872,1
47873,0
47874,1
47875,1
47876,1
47877,0
47878,0
47879,1
47880,1
47881,0
47882,1
47883,0
47884,1
47885,1
47886,1
47887,1
47888,0
47889,1
47890,1
47891,1
47892,1
47893,1
47894,0
47895,0
47896,1
47897,0
47898,0
47899,1
47900,1
47901,1
47902,0
47903,0
47904,1
47905,0
47906,1
47907,0
47908,1
47909,0
47910,1
47911,1
47912,1
47913,1
47914,1
47915,1
47916,1
47917,1
47918,1
47919,0
47920,1
47921,1
47922,0
47923,1
47924,1
47925,1
47926,1
47927,1
47928,1
47929,1
47930,1
47931,1
47932,1
47933,1
47934,1
47935,1
47936,1
47937,1
47938,1
47939,1
47940,1
47941,1
47942,1
47943,1
47944,0
47945,1
47946,1
47947,1
47948,0
47949,1
47950,0
47951,0
47952,1
47953,1
47954,0
47955,1
47956,1
47957,0
47958,1
47959,1
47960,1
47961,1
47962,0
47963,0
47964,0
47965,0
47966,0
47967,1
47968,1
47969,0
47970,0
47971,1
47972,1
47973,1
47974,1
47975,1
47976,0
47977,0
47978,0
47979,1
47980,1
47981,1
47982,1
47983,1
47984,0
47985,1
47986,1
47987,1
47988,1
47989,1
47990,1
47991,1
47992,1
47993,1
47994,1
47995,1
47996,0
47997,0
47998,1
47999,1
48000,1
48001,1
48002,0
48003,1
48004,1
48005,0
48006,1
48007,0
48008,1
48009,0
48010,0
48011,1
48012,0
48013,1
48014,1
48015,1
48016,1
48017,1
48018,1
48019,1
48020,1
48021,1
48022,1
48023,1
48024,1
48025,0
48026,1
48027,1
48028,0
48029,1
48030,1
48031,1
48032,1
48033,1
48034,1
48035,0
48036,1
48037,1
48038,1
48039,1
48040,1
48041,1
48042,1
48043,1
48044,1
48045,0
48046,1
48047,1
48048,0
48049,1
48050,0
48051,1
48052,1
48053,1
48054,1
48055,1
48056,1
48057,1
48058,0
48059,1
48060,1
48061,1
48062,1
48063,0
48064,1
48065,1
48066,1
48067,1
48068,1
48069,1
48070,1
48071,1
48072,1
48073,0
48074,1
48075,1
48076,0
48077,1
48078,1
48079,0
48080,0
48081,1
48082,0
48083,1
48084,0
48085,1
48086,0
48087,1
48088,1
48089,0
48090,1
48091,1
48092,1
48093,0
48094,1
48095,0
48096,1
48097,1
48098,1
48099,1
48100,1
48101,0
48102,1
48103,1
48104,0
48105,1
48106,1
48107,0
48108,1
48109,0
48110,0
48111,1
48112,1
48113,0
48114,1
48115,1
48116,1
48117,1
48118,0
48119,1
48120,0
48121,1
48122,0
48123,1
48124,1
48125,1
48126,1
48127,0
48128,0
48129,1
48130,1
48131,1
48132,0
48133,0
48134,1
48135,1
48136,1
48137,1
48138,1
48139,0
48140,1
48141,1
48142,1
48143,1
48144,1
48145,0
48146,1
48147,1
48148,0
48149,1
48150,0
48151,0
48152,0
48153,1
48154,0
48155,1
48156,1
48157,0
48158,1
48159,1
48160,1
48161,0
48162,1
48163,1
48164,1
48165,1
48166,1
48167,1
48168,1
48169,0
48170,0
48171,1
48172,0
48173,1
48174,1
48175,1
48176,1
48177,0
48178,0
48179,1
48180,1
48181,0
48182,1
48183,1
48184,0
48185,1
48186,1
48187,0
48188,1
48189,0
48190,1
48191,1
48192,1
48193,1
48194,0
48195,1
48196,1
48197,1
48198,1
48199,0
48200,1
48201,1
48202,1
48203,1
48204,1
48205,1
48206,1
48207,1
48208,1
48209,1
48210,1
48211,1
48212,1
48213,1
48214,1
48215,0
48216,1
48217,1
48218,1
48219,1
48220,1
48221,0
48222,1
48223,1
48224,1
48225,1
48226,1
48227,1
48228,1
48229,0
48230,1
48231,1
48232,1
48233,0
48234,1
48235,0
48236,0
48237,1
48238,1
48239,0
48240,1
48241,1
48242,1
48243,1
48244,1
48245,1
48246,1
48247,1
48248,1
48249,1
48250,1
48251,0
48252,0
48253,1
48254,0
48255,0
48256,0
48257,1
48258,1
48259,1
48260,0
48261,1
48262,1
48263,1
48264,1
48265,1
48266,1
48267,1
48268,1
48269,1
48270,1
48271,1
48272,1
48273,1
48274,0
48275,1
48276,1
48277,1
48278,1
48279,0
48280,1
48281,1
48282,1
48283,1
48284,1
48285,1
48286,1
48287,0
48288,1
48289,1
48290,1
48291,0
48292,1
48293,0
48294,1
48295,1
48296,1
48297,1
48298,1
48299,1
48300,1
48301,1
48302,1
48303,0
48304,1
48305,1
48306,1
48307,1
48308,1
48309,1
48310,1
48311,1
48312,1
48313,0
48314,1
48315,0
48316,0
48317,1
48318,0
48319,0
48320,1
48321,1
48322,0
48323,1
48324,1
48325,1
48326,1
48327,0
48328,1
48329,1
48330,1
48331,1
48332,1
48333,0
48334,1
48335,1
48336,0
48337,1
48338,1
48339,0
48340,1
48341,1
48342,1
48343,0
48344,0
48345,1
48346,1
48347,1
48348,1
48349,0
48350,1
48351,1
48352,0
48353,1
48354,1
48355,0
48356,1
48357,0
48358,1
48359,1
48360,1
48361,0
48362,1
48363,1
48364,0
48365,0
48366,1
48367,0
48368,1
48369,1
48370,1
48371,1
48372,0
48373,1
48374,1
48375,0
48376,1
48377,1
48378,1
48379,0
48380,0
48381,1
48382,1
48383,0
48384,1
48385,1
48386,0
48387,1
48388,1
48389,0
48390,1
48391,1
48392,1
48393,1
48394,1
48395,1
48396,0
48397,1
48398,1
48399,1
48400,1
48401,0
48402,1
48403,1
48404,1
48405,1
48406,1
48407,1
48408,1
48409,1
48410,1
48411,0
48412,1
48413,0
48414,1
48415,1
48416,0
48417,1
48418,0
48419,1
48420,1
48421,1
48422,1
48423,0
48424,1
48425,0
48426,1
48427,0
48428,1
48429,1
48430,1
48431,1
48432,1
48433,1
48434,1
48435,0
48436,0
48437,1
48438,1
48439,1
48440,1
48441,1
48442,1
48443,1
48444,1
48445,0
48446,1
48447,0
48448,1
48449,1
48450,1
48451,1
48452,1
48453,1
48454,1
48455,0
48456,1
48457,0
48458,1
48459,0
48460,1
48461,0
48462,1
48463,1
48464,1
48465,1
48466,1
48467,1
48468,1
48469,1
48470,1
48471,0
48472,0
48473,1
48474,1
48475,1
48476,0
48477,1
48478,1
48479,0
48480,1
48481,1
48482,1
48483,1
48484,1
48485,0
48486,0
48487,1
48488,1
48489,0
48490,1
48491,1
48492,0
48493,0
48494,1
48495,1
48496,0
48497,1
48498,1
48499,1
48500,1
48501,0
48502,1
48503,0
48504,1
48505,1
48506,1
48507,1
48508,1
48509,0
48510,1
48511,0
48512,1
48513,1
48514,1
48515,1
48516,0
48517,1
48518,0
48519,0
48520,1
48521,0
48522,0
48523,1
48524,1
48525,1
48526,1
48527,1
48528,1
48529,0
48530,0
48531,1
48532,1
48533,1
48534,0
48535,0
48536,0
48537,1
48538,1
48539,1
48540,1
48541,1
48542,1
48543,1
48544,1
48545,1
48546,1
48547,1
48548,0
48549,1
48550,1
48551,1
48552,1
48553,0
48554,1
48555,0
48556,1
48557,0
48558,1
48559,1
48560,1
48561,0
48562,1
48563,1
48564,1
48565,1
48566,1
48567,0
48568,1
48569,0
48570,1
48571,1
48572,1
48573,1
48574,1
48575,1
48576,0
48577,1
48578,0
48579,1
48580,1
48581,0
48582,0
48583,1
48584,1
48585,1
48586,1
48587,1
48588,0
48589,1
48590,1
48591,0
48592,0
48593,1
48594,1
48595,1
48596,1
48597,1
48598,0
48599,1
48600,1
48601,1
48602,1
48603,1
48604,1
48605,1
48606,1
48607,1
48608,1
48609,1
48610,0
48611,0
48612,1
48613,1
48614,1
48615,1
48616,1
48617,1
48618,1
48619,1
48620,1
48621,1
48622,1
48623,1
48624,0
48625,1
48626,1
48627,1
48628,1
48629,1
48630,1
48631,0
48632,1
48633,1
48634,1
48635,1
48636,1
48637,1
48638,1
48639,0
48640,1
48641,0
48642,1
48643,1
48644,1
48645,1
48646,1
48647,1
48648,0
48649,1
48650,0
48651,0
48652,0
48653,1
48654,1
48655,1
48656,1
48657,1
48658,1
48659,1
48660,1
48661,1
48662,1
48663,0
48664,1
48665,0
48666,0
48667,0
48668,1
48669,0
48670,1
48671,1
48672,1
48673,1
48674,1
48675,0
48676,1
48677,0
48678,1
48679,1
48680,1
48681,1
48682,1
48683,0
48684,1
48685,1
48686,0
48687,1
48688,1
48689,1
48690,0
48691,1
48692,1
48693,1
48694,1
48695,0
48696,1
48697,1
48698,1
48699,1
48700,1
48701,1
48702,1
48703,1
48704,1
48705,1
48706,0
48707,0
48708,1
48709,1
48710,1
48711,1
48712,0
48713,1
48714,1
48715,0
48716,1
48717,1
48718,0
48719,1
48720,1
48721,1
48722,0
48723,0
48724,0
48725,1
48726,0
48727,1
48728,1
48729,0
48730,1
48731,0
48732,1
48733,1
48734,0
48735,0
48736,0
48737,1
48738,1
48739,0
48740,0
48741,0
48742,1
48743,1
48744,1
48745,1
48746,1
48747,1
48748,1
48749,1
48750,1
48751,1
48752,1
48753,1
48754,0
48755,1
48756,1
48757,1
48758,0
48759,1
48760,0
48761,1
48762,1
48763,1
48764,1
48765,0
48766,1
48767,1
48768,1
48769,1
48770,1
48771,0
48772,1
48773,1
48774,1
48775,1
48776,1
48777,1
48778,1
48779,1
48780,1
48781,0
48782,1
48783,1
48784,1
48785,1
48786,0
48787,1
48788,1
48789,0
48790,1
48791,1
48792,1
48793,0
48794,1
48795,1
48796,0
48797,1
48798,1
48799,0
48800,0
48801,1
48802,1
48803,0
48804,1
48805,0
48806,1
48807,1
48808,1
48809,1
48810,1
48811,0
48812,1
48813,0
48814,1
48815,0
48816,1
48817,1
48818,1
48819,0
48820,1
48821,0
48822,1
48823,0
48824,0
48825,1
48826,1
48827,1
48828,1
48829,0
48830,0
48831,1
48832,0
48833,1
48834,1
48835,1
48836,1
48837,0
48838,1
48839,0
48840,1
48841,0
48842,1
48843,1
48844,1
48845,1
48846,1
48847,1
48848,1
48849,0
48850,1
48851,0
48852,1
48853,1
48854,1
48855,0
48856,1
48857,1
48858,0
48859,0
48860,0
48861,0
48862,0
48863,1
48864,1
48865,1
48866,1
48867,1
48868,1
48869,1
48870,0
48871,0
48872,1
48873,1
48874,0
48875,1
48876,1
48877,1
48878,0
48879,0
48880,0
48881,1
48882,1
48883,1
48884,1
48885,1
48886,1
48887,1
48888,1
48889,1
48890,0
48891,1
48892,1
48893,0
48894,1
48895,1
48896,0
48897,1
48898,0
48899,0
48900,1
48901,1
48902,1
48903,1
48904,1
48905,1
48906,0
48907,1
48908,1
48909,1
48910,1
48911,1
48912,1
48913,1
48914,1
48915,1
48916,0
48917,1
48918,1
48919,1
48920,1
48921,0
48922,0
48923,1
48924,1
48925,1
48926,1
48927,1
48928,1
48929,0
48930,1
48931,1
48932,0
48933,0
48934,1
48935,1
48936,1
48937,1
48938,0
48939,1
48940,1
48941,1
48942,1
48943,1
48944,0
48945,1
48946,0
48947,1
48948,1
48949,1
48950,1
48951,1
48952,1
48953,1
48954,1
48955,1
48956,0
48957,0
48958,0
48959,1
48960,1
48961,1
48962,1
48963,0
48964,1
48965,1
48966,1
48967,1
48968,0
48969,1
48970,1
48971,1
48972,1
48973,1
48974,0
48975,1
48976,1
48977,1
48978,1
48979,1
48980,0
48981,0
48982,0
48983,1
48984,0
48985,0
48986,1
48987,1
48988,1
48989,1
48990,1
48991,1
48992,1
48993,1
48994,1
48995,0
48996,0
48997,1
48998,1
48999,1
49000,1
49001,1
49002,1
49003,1
49004,1
49005,1
49006,1
49007,1
49008,1
49009,1
49010,0
49011,1
49012,1
49013,1
49014,1
49015,0
49016,1
49017,0
49018,1
49019,1
49020,1
49021,1
49022,1
49023,1
49024,1
49025,0
49026,1
49027,1
49028,1
49029,1
49030,1
49031,0
49032,0
49033,1
49034,1
49035,1
49036,1
49037,0
49038,1
49039,0
49040,1
49041,0
49042,0
49043,1
49044,1
49045,1
49046,1
49047,1
49048,1
49049,1
49050,1
49051,1
49052,1
49053,1
49054,1
49055,1
49056,1
49057,1
49058,1
49059,0
49060,0
49061,1
49062,0
49063,1
49064,0
49065,0
49066,1
49067,1
49068,1
49069,1
49070,1
49071,1
49072,1
49073,0
49074,1
49075,1
49076,1
49077,0
49078,1
49079,1
49080,1
49081,1
49082,1
49083,1
49084,0
49085,1
49086,1
49087,1
49088,1
49089,0
49090,1
49091,1
49092,1
49093,1
49094,1
49095,1
49096,0
49097,1
49098,1
49099,0
49100,1
49101,0
49102,1
49103,1
49104,0
49105,0
49106,1
49107,1
49108,1
49109,0
49110,0
49111,0
49112,0
49113,1
49114,0
49115,1
49116,1
49117,1
49118,1
49119,1
49120,1
49121,1
49122,1
49123,0
49124,1
49125,1
49126,1
49127,1
49128,0
49129,1
49130,0
49131,1
49132,1
49133,0
49134,1
49135,0
49136,0
49137,0
49138,0
49139,1
49140,1
49141,0
49142,1
49143,0
49144,1
49145,1
49146,1
49147,0
49148,1
49149,1
49150,1
49151,1
49152,1
49153,1
49154,1
49155,1
49156,1
49157,0
49158,0
49159,1
49160,0
49161,1
49162,1
49163,0
49164,0
49165,1
49166,0
49167,1
49168,1
49169,1
49170,1
49171,1
49172,0
49173,1
49174,1
49175,0
49176,0
49177,1
49178,1
49179,1
49180,1
49181,1
49182,1
49183,1
49184,1
49185,1
49186,1
49187,0
49188,1
49189,1
49190,0
49191,1
49192,0
49193,1
49194,1
49195,0
49196,0
49197,1
49198,0
49199,1
49200,0
49201,1
49202,1
49203,1
49204,1
49205,0
49206,1
49207,1
49208,1
49209,0
49210,1
49211,1
49212,1
49213,1
49214,0
49215,1
49216,1
49217,1
49218,1
49219,1
49220,1
49221,0
49222,0
49223,1
49224,1
49225,1
49226,1
49227,0
49228,1
49229,0
49230,1
49231,1
49232,1
49233,0
49234,1
49235,1
49236,0
49237,1
49238,1
49239,1
49240,1
49241,0
49242,1
49243,1
49244,1
49245,0
49246,1
49247,0
49248,1
49249,1
49250,1
49251,0
49252,1
49253,1
49254,1
49255,1
49256,1
49257,0
49258,1
49259,1
49260,1
49261,1
49262,1
49263,0
49264,1
49265,1
49266,0
49267,1
49268,1
49269,0
49270,1
49271,1
49272,1
49273,1
49274,1
49275,0
49276,1
49277,1
49278,1
49279,1
49280,1
49281,0
49282,1
49283,1
49284,0
49285,1
49286,1
49287,1
49288,1
49289,1
49290,0
49291,1
49292,1
49293,0
49294,1
49295,0
49296,1
49297,1
49298,1
49299,0
49300,0
49301,0
49302,1
49303,1
49304,0
49305,1
49306,1
49307,1
49308,0
49309,0
49310,0
49311,1
49312,1
49313,0
49314,1
49315,1
49316,0
49317,1
49318,1
49319,1
49320,1
49321,1
49322,1
49323,0
49324,0
49325,0
49326,1
49327,1
49328,1
49329,1
49330,1
49331,1
49332,1
49333,1
49334,1
49335,1
49336,1
49337,1
49338,0
49339,1
49340,1
49341,1
49342,1
49343,1
49344,1
49345,0
49346,1
49347,1
49348,1
49349,0
49350,1
49351,1
49352,1
49353,0
49354,1
49355,1
49356,0
49357,1
49358,0
49359,1
49360,1
49361,1
49362,1
49363,1
49364,1
49365,1
49366,1
49367,1
49368,1
49369,1
49370,0
49371,1
49372,1
49373,0
49374,1
49375,1
49376,1
49377,1
49378,1
49379,1
49380,1
49381,1
49382,0
49383,1
49384,1
49385,1
49386,1
49387,0
49388,1
49389,0
49390,1
49391,1
49392,1
49393,1
49394,1
49395,0
49396,1
49397,0
49398,0
49399,1
49400,1
49401,1
49402,1
49403,1
49404,1
49405,1
49406,1
49407,1
49408,0
49409,0
49410,1
49411,1
49412,1
49413,0
49414,1
49415,1
49416,1
49417,1
49418,0
49419,1
49420,1
49421,1
49422,0
49423,1
49424,0
49425,1
49426,0
49427,0
49428,1
49429,1
49430,1
49431,0
49432,0
49433,1
49434,1
49435,1
49436,1
49437,0
49438,1
49439,0
49440,0
49441,1
49442,1
49443,0
49444,1
49445,0
49446,1
49447,1
49448,0
49449,0
49450,1
49451,1
49452,0
49453,0
49454,1
49455,1
49456,1
49457,0
49458,0
49459,1
49460,1
49461,0
49462,1
49463,1
49464,0
49465,1
49466,0
49467,0
49468,1
49469,1
49470,1
49471,1
49472,1
49473,1
49474,1
49475,1
49476,1
49477,1
49478,1
49479,1
49480,0
49481,0
49482,1
49483,1
49484,1
49485,0
49486,1
49487,1
49488,0
49489,1
49490,1
49491,1
49492,1
49493,1
49494,1
49495,1
49496,1
49497,1
49498,1
49499,1
49500,1
49501,1
49502,0
49503,1
49504,1
49505,1
49506,1
49507,0
49508,1
49509,1
49510,1
49511,1
49512,0
49513,0
49514,1
49515,1
49516,1
49517,1
49518,1
49519,1
49520,0
49521,1
49522,1
49523,0
49524,1
49525,1
49526,1
49527,1
49528,0
49529,1
49530,0
49531,0
49532,1
49533,1
49534,1
49535,1
49536,1
49537,1
49538,0
49539,0
49540,1
49541,0
49542,0
49543,1
49544,1
49545,1
49546,1
49547,1
49548,1
49549,1
49550,1
49551,1
49552,1
49553,1
49554,1
49555,1
49556,1
49557,0
49558,1
49559,0
49560,1
49561,1
49562,1
49563,0
49564,1
49565,1
49566,0
49567,1
49568,1
49569,1
49570,0
49571,1
49572,1
49573,1
49574,1
49575,0
49576,1
49577,0
49578,1
49579,0
49580,1
49581,0
49582,0
49583,1
49584,0
49585,0
49586,0
49587,1
49588,1
49589,1
49590,0
49591,1
49592,1
49593,0
49594,1
49595,1
49596,0
49597,1
49598,1
49599,0
49600,1
49601,1
49602,1
49603,1
49604,1
49605,0
49606,0
49607,1
49608,1
49609,1
49610,1
49611,0
49612,1
49613,0
49614,1
49615,1
49616,1
49617,0
49618,0
49619,1
49620,1
49621,0
49622,1
49623,1
49624,1
49625,0
49626,1
49627,1
49628,1
49629,0
49630,0
49631,1
49632,1
49633,0
49634,1
49635,1
49636,1
49637,0
49638,1
49639,1
49640,1
49641,1
49642,0
49643,1
49644,1
49645,1
49646,0
49647,1
49648,1
49649,1
49650,0
49651,0
49652,1
49653,1
49654,1
49655,1
49656,0
49657,1
49658,1
49659,1
49660,1
49661,0
49662,0
49663,1
49664,1
49665,0
49666,1
49667,1
49668,1
49669,1
49670,1
49671,0
49672,1
49673,1
49674,0
49675,1
49676,0
49677,0
49678,0
49679,0
49680,1
49681,1
49682,1
49683,1
49684,1
49685,1
49686,1
49687,1
49688,1
49689,1
49690,0
49691,1
49692,1
49693,1
49694,1
49695,1
49696,1
49697,1
49698,1
49699,1
49700,1
49701,0
49702,1
49703,1
49704,1
49705,0
49706,1
49707,1
49708,1
49709,1
49710,1
49711,0
49712,1
49713,1
49714,1
49715,1
49716,1
49717,1
49718,1
49719,0
49720,1
49721,1
49722,1
49723,1
49724,1
49725,1
49726,1
49727,1
49728,0
49729,0
49730,1
49731,1
49732,0
49733,0
49734,1
49735,0
49736,0
49737,1
49738,1
49739,0
49740,1
49741,1
49742,1
49743,1
49744,1
49745,1
49746,1
49747,1
49748,1
49749,1
49750,1
49751,0
49752,1
49753,1
49754,1
49755,1
49756,1
49757,1
49758,0
49759,1
49760,0
49761,0
49762,1
49763,1
49764,1
49765,1
49766,1
49767,1
49768,1
49769,1
49770,1
49771,1
49772,1
49773,1
49774,1
49775,0
49776,1
49777,1
49778,0
49779,1
49780,0
49781,1
49782,1
49783,1
49784,1
49785,1
49786,1
49787,1
49788,1
49789,1
49790,1
49791,1
49792,1
49793,1
49794,0
49795,0
49796,1
49797,0
49798,1
49799,1
49800,1
49801,1
49802,0
49803,1
49804,1
49805,1
49806,1
49807,1
49808,0
49809,0
49810,1
49811,1
49812,1
49813,1
49814,1
49815,1
49816,1
49817,1
49818,1
49819,1
49820,0
49821,1
49822,0
49823,1
49824,0
49825,1
49826,1
49827,0
49828,1
49829,1
49830,0
49831,1
49832,1
49833,1
49834,0
49835,1
49836,1
49837,1
49838,1
49839,0
49840,1
49841,1
49842,1
49843,0
49844,1
49845,1
49846,1
49847,1
49848,1
49849,1
49850,1
49851,0
49852,1
49853,1
49854,1
49855,0
49856,1
49857,1
49858,0
49859,1
49860,0
49861,1
49862,1
49863,1
49864,1
49865,1
49866,0
49867,0
49868,1
49869,0
49870,1
49871,1
49872,1
49873,1
49874,1
49875,0
49876,0
49877,1
49878,0
49879,1
49880,0
49881,1
49882,1
49883,0
49884,1
49885,1
49886,1
49887,1
49888,0
49889,1
49890,0
49891,1
49892,1
49893,1
49894,0
49895,0
49896,1
49897,1
49898,1
49899,1
49900,1
49901,1
49902,1
49903,1
49904,1
49905,1
49906,1
49907,1
49908,0
49909,1
49910,1
49911,0
49912,1
49913,1
49914,0
49915,1
49916,1
49917,1
49918,1
49919,1
49920,1
49921,1
49922,1
49923,1
49924,1
49925,1
49926,1
49927,1
49928,1
49929,1
49930,1
49931,1
49932,1
49933,0
49934,1
49935,1
49936,0
49937,0
49938,1
49939,1
49940,1
49941,1
49942,0
49943,1
49944,1
49945,1
49946,1
49947,0
49948,0
49949,1
49950,1
49951,1
49952,1
49953,0
49954,1
49955,1
49956,1
49957,1
49958,1
49959,1
49960,0
49961,0
49962,1
49963,1
49964,0
49965,1
49966,0
49967,1
49968,1
49969,1
49970,1
49971,1
49972,0
49973,1
49974,1
49975,0
49976,1
49977,1
49978,1
49979,1
49980,1
49981,1
49982,1
49983,1
49984,1
49985,1
49986,1
49987,0
49988,1
49989,1
49990,1
49991,1
49992,1
49993,1
49994,1
49995,1
49996,0
49997,1
49998,1
49999,0
50000,0
50001,0
50002,1
50003,1
50004,1
50005,1
50006,1
50007,0
50008,1
50009,1
50010,1
50011,0
50012,1
50013,0
50014,1
50015,1
50016,1
50017,1
50018,0
50019,1
50020,0
50021,1
50022,1
50023,0
50024,1
50025,1
50026,1
50027,0
50028,1
50029,1
50030,1
50031,0
50032,1
50033,1
50034,1
50035,1
50036,1
50037,0
50038,0
50039,1
50040,1
50041,1
50042,1
50043,1
50044,1
50045,1
50046,1
50047,1
50048,0
50049,1
50050,1
50051,1
50052,1
50053,1
50054,0
50055,1
50056,1
50057,0
50058,1
50059,1
50060,1
50061,1
50062,0
50063,0
50064,1
50065,1
50066,1
50067,0
50068,1
50069,1
50070,0
50071,1
50072,1
50073,0
50074,1
50075,1
50076,0
50077,1
50078,1
50079,1
50080,0
50081,1
50082,1
50083,1
50084,1
50085,1
50086,1
50087,1
50088,0
50089,1
50090,1
50091,1
50092,1
50093,1
50094,1
50095,1
50096,1
50097,1
50098,1
50099,0
50100,0
50101,0
50102,1
50103,0
50104,1
50105,1
50106,1
50107,1
50108,1
50109,0
50110,1
50111,1
50112,1
50113,1
50114,1
50115,0
50116,1
50117,1
50118,1
50119,1
50120,1
50121,0
50122,1
50123,1
50124,1
50125,1
50126,0
50127,1
50128,1
50129,1
50130,0
50131,1
50132,1
50133,1
50134,1
50135,1
50136,1
50137,1
50138,1
50139,1
50140,1
50141,1
50142,1
50143,1
50144,1
50145,0
50146,0
50147,1
50148,1
50149,1
50150,1
50151,1
50152,1
50153,1
50154,0
50155,1
50156,1
50157,1
50158,0
50159,1
50160,0
50161,1
50162,0
50163,0
50164,1
50165,1
50166,1
50167,1
50168,0
50169,1
50170,1
50171,0
50172,1
50173,1
50174,1
50175,0
50176,1
50177,1
50178,1
50179,1
50180,1
50181,0
50182,1
50183,1
50184,1
50185,0
50186,1
50187,1
50188,1
50189,1
50190,1
50191,0
50192,1
50193,1
50194,0
50195,0
50196,1
50197,1
50198,1
50199,1
50200,1
50201,1
50202,1
50203,1
50204,1
50205,1
50206,1
50207,1
50208,0
50209,1
50210,0
50211,0
50212,1
50213,1
50214,1
50215,0
50216,0
50217,1
50218,1
50219,1
50220,1
50221,1
50222,1
50223,0
50224,0
50225,1
50226,0
50227,0
50228,1
50229,1
50230,1
50231,0
50232,0
50233,0
50234,1
50235,1
50236,1
50237,1
50238,1
50239,1
50240,1
50241,0
50242,0
50243,1
50244,1
50245,1
50246,1
50247,1
50248,0
50249,1
50250,1
50251,0
50252,1
50253,1
50254,1
50255,1
50256,1
50257,1
50258,1
50259,1
50260,1
50261,1
50262,0
50263,0
50264,1
50265,1
50266,1
50267,1
50268,1
50269,0
50270,1
50271,0
50272,0
50273,1
50274,0
50275,1
50276,1
50277,1
50278,1
50279,0
50280,0
50281,1
50282,1
50283,0
50284,0
50285,1
50286,1
50287,1
50288,1
50289,0
50290,0
50291,0
50292,0
50293,1
50294,1
50295,0
50296,0
50297,0
50298,1
50299,1
50300,0
50301,1
50302,1
50303,1
50304,1
50305,1
50306,1
50307,1
50308,1
50309,1
50310,0
50311,1
50312,1
50313,1
50314,0
50315,1
50316,1
50317,1
50318,1
50319,0
50320,1
50321,1
50322,0
50323,1
50324,0
50325,1
50326,0
50327,0
50328,1
50329,0
50330,1
50331,1
50332,1
50333,1
50334,1
50335,1
50336,0
50337,1
50338,1
50339,1
50340,0
50341,1
50342,1
50343,0
50344,0
50345,0
50346,1
50347,1
50348,0
50349,0
50350,1
50351,1
50352,1
50353,1
50354,0
50355,1
50356,0
50357,1
50358,1
50359,1
50360,1
50361,1
50362,1
50363,1
50364,1
50365,1
50366,0
50367,1
50368,1
50369,0
50370,1
50371,1
50372,0
50373,0
50374,0
50375,1
50376,1
50377,1
50378,1
50379,0
50380,1
50381,1
50382,0
50383,0
50384,1
50385,0
50386,1
50387,0
50388,1
50389,0
50390,0
50391,1
50392,1
50393,0
50394,0
50395,0
50396,1
50397,1
50398,1
50399,0
50400,1
50401,0
50402,1
50403,1
50404,1
50405,1
50406,1
50407,1
50408,0
50409,1
50410,0
50411,1
50412,0
50413,1
50414,1
50415,1
50416,1
50417,0
50418,1
50419,1
50420,1
50421,1
50422,0
50423,0
50424,1
50425,1
50426,0
50427,0
50428,0
50429,1
50430,0
50431,1
50432,1
50433,1
50434,1
50435,0
50436,1
50437,1
50438,0
50439,1
50440,1
50441,0
50442,1
50443,1
50444,0
50445,0
50446,1
50447,1
50448,0
50449,1
50450,1
50451,0
50452,0
50453,1
50454,0
50455,0
50456,1
50457,1
50458,1
50459,0
50460,1
50461,1
50462,0
50463,1
50464,1
50465,1
50466,1
50467,1
50468,1
50469,1
50470,0
50471,1
50472,0
50473,1
50474,1
50475,1
50476,1
50477,1
50478,1
50479,1
50480,1
50481,1
50482,1
50483,1
50484,1
50485,1
50486,1
50487,1
50488,1
50489,1
50490,1
50491,1
50492,1
50493,0
50494,1
50495,1
50496,1
50497,0
50498,1
50499,0
50500,1
50501,0
50502,1
50503,1
50504,0
50505,0
50506,1
50507,0
50508,1
50509,1
50510,1
50511,1
50512,1
50513,0
50514,0
50515,1
50516,1
50517,0
50518,1
50519,1
50520,0
50521,1
50522,0
50523,1
50524,1
50525,1
50526,1
50527,1
50528,1
50529,1
50530,1
50531,1
50532,1
50533,1
50534,1
50535,1
50536,0
50537,0
50538,1
50539,1
50540,1
50541,1
50542,1
50543,1
50544,0
50545,1
50546,1
50547,1
50548,1
50549,0
50550,1
50551,0
50552,1
50553,1
50554,0
50555,1
50556,1
50557,0
50558,1
50559,1
50560,0
50561,1
50562,0
50563,1
50564,1
50565,1
50566,1
50567,1
50568,0
50569,0
50570,1
50571,0
50572,1
50573,1
50574,1
50575,1
50576,1
50577,1
50578,0
50579,0
50580,1
50581,0
50582,1
50583,0
50584,1
50585,1
50586,1
50587,1
50588,1
50589,1
50590,1
50591,0
50592,0
50593,1
50594,1
50595,1
50596,1
50597,1
50598,1
50599,0
50600,1
50601,1
50602,1
50603,0
50604,0
50605,1
50606,1
50607,0
50608,1
50609,1
50610,1
50611,1
50612,1
50613,1
50614,1
50615,1
50616,0
50617,1
50618,0
50619,1
50620,0
50621,1
50622,1
50623,1
50624,1
50625,1
50626,0
50627,1
50628,1
50629,0
50630,0
50631,1
50632,0
50633,0
50634,1
50635,0
50636,0
50637,1
50638,1
50639,1
50640,1
50641,1
50642,1
50643,1
50644,1
50645,0
50646,1
50647,1
50648,1
50649,1
50650,1
50651,0
50652,1
50653,1
50654,1
50655,1
50656,1
50657,0
50658,0
50659,1
50660,1
50661,0
50662,1
50663,1
50664,1
50665,0
50666,1
50667,1
50668,1
50669,0
50670,1
50671,1
50672,1
50673,0
50674,0
50675,1
50676,1
50677,1
50678,1
50679,0
50680,0
50681,1
50682,1
50683,1
50684,0
50685,1
50686,1
50687,1
50688,1
50689,1
50690,0
50691,1
50692,1
50693,1
50694,0
50695,1
50696,1
50697,1
50698,0
50699,0
50700,0
50701,1
50702,1
50703,1
50704,1
50705,1
50706,1
50707,1
50708,1
50709,0
50710,0
50711,1
50712,1
50713,0
50714,1
50715,1
50716,1
50717,0
50718,0
50719,1
50720,1
50721,1
50722,1
50723,1
50724,0
50725,1
50726,1
50727,1
50728,1
50729,0
50730,0
50731,1
50732,0
50733,0
50734,1
50735,1
50736,1
50737,1
50738,1
50739,0
50740,0
50741,1
50742,1
50743,0
50744,1
50745,1
50746,0
50747,1
50748,1
50749,0
50750,1
50751,0
50752,1
50753,0
50754,0
50755,1
50756,1
50757,1
50758,0
50759,0
50760,1
50761,1
50762,1
50763,0
50764,1
50765,1
50766,1
50767,1
50768,1
50769,1
50770,0
50771,1
50772,1
50773,1
50774,1
50775,1
50776,1
50777,1
50778,0
50779,1
50780,1
50781,1
50782,0
50783,1
50784,1
50785,0
50786,1
50787,1
50788,0
50789,0
50790,1
50791,1
50792,0
50793,0
50794,1
50795,1
50796,0
50797,0
50798,0
50799,0
50800,0
50801,1
50802,0
50803,0
50804,0
50805,0
50806,1
50807,1
50808,1
50809,1
50810,1
50811,1
50812,1
50813,0
50814,1
50815,0
50816,1
50817,1
50818,1
50819,1
50820,0
50821,1
50822,0
50823,1
50824,1
50825,1
50826,0
50827,0
50828,0
50829,1
50830,0
50831,1
50832,0
50833,0
50834,1
50835,1
50836,1
50837,1
50838,1
50839,1
50840,1
50841,1
50842,0
50843,1
50844,0
50845,0
50846,1
50847,1
50848,1
50849,1
50850,1
50851,1
50852,1
50853,0
50854,1
50855,0
50856,1
50857,1
50858,1
50859,1
50860,1
50861,0
50862,1
50863,0
50864,1
50865,1
50866,1
50867,0
50868,1
50869,1
50870,1
50871,0
50872,1
50873,1
50874,1
50875,1
50876,0
50877,1
50878,0
50879,1
50880,0
50881,1
50882,0
50883,1
50884,0
50885,1
50886,1
50887,0
50888,0
50889,1
50890,0
50891,1
50892,1
50893,1
50894,1
50895,1
50896,1
50897,1
50898,1
50899,1
50900,0
50901,1
50902,1
50903,0
50904,0
50905,0
50906,1
50907,1
50908,1
50909,0
50910,1
50911,0
50912,1
50913,0
50914,1
50915,1
50916,1
50917,0
50918,1
50919,1
50920,1
50921,1
50922,0
50923,1
50924,1
50925,1
50926,1
50927,1
50928,1
50929,0
50930,0
50931,0
50932,1
50933,1
50934,1
50935,1
50936,1
50937,0
50938,1
50939,0
50940,1
50941,1
50942,1
50943,1
50944,0
50945,1
50946,0
50947,0
50948,1
50949,0
50950,0
50951,1
50952,0
50953,1
50954,1
50955,1
50956,1
50957,0
50958,1
50959,0
50960,0
50961,1
50962,1
50963,1
50964,1
50965,0
50966,1
50967,0
50968,1
50969,1
50970,0
50971,0
50972,1
50973,1
50974,1
50975,0
50976,1
50977,1
50978,1
50979,1
50980,1
50981,1
50982,1
50983,1
50984,0
50985,1
50986,1
50987,0
50988,1
50989,1
50990,1
50991,1
50992,0
50993,1
50994,1
50995,0
50996,0
50997,1
50998,1
50999,0
51000,1
51001,1
51002,0
51003,0
51004,1
51005,1
51006,0
51007,1
51008,1
51009,0
51010,0
51011,0
51012,1
51013,1
51014,1
51015,1
51016,0
51017,1
51018,0
51019,0
51020,0
51021,0
51022,1
51023,1
51024,0
51025,1
51026,1
51027,1
51028,1
51029,1
51030,0
51031,1
51032,1
51033,1
51034,0
51035,1
51036,1
51037,1
51038,1
51039,1
51040,1
51041,1
51042,0
51043,1
51044,1
51045,1
51046,1
51047,1
51048,1
51049,0
51050,1
51051,1
51052,1
51053,1
51054,0
51055,1
51056,0
51057,1
51058,1
51059,1
51060,1
51061,0
51062,1
51063,1
51064,1
51065,1
51066,1
51067,1
51068,0
51069,1
51070,1
51071,1
51072,1
51073,1
51074,1
51075,1
51076,0
51077,1
51078,0
51079,1
51080,1
51081,0
51082,0
51083,0
51084,0
51085,1
51086,1
51087,1
51088,0
51089,1
51090,1
51091,1
51092,1
51093,1
51094,0
51095,1
51096,1
51097,1
51098,1
51099,1
51100,0
51101,0
51102,1
51103,1
51104,1
51105,0
51106,1
51107,1
51108,1
51109,1
51110,0
51111,1
51112,0
51113,0
51114,1
51115,0
51116,1
51117,0
51118,0
51119,0
51120,1
51121,1
51122,1
51123,0
51124,0
51125,0
51126,0
51127,1
51128,1
51129,1
51130,1
51131,1
51132,1
51133,1
51134,0
51135,1
51136,0
51137,1
51138,1
51139,1
51140,0
51141,1
51142,1
51143,1
51144,1
51145,1
51146,1
51147,1
51148,1
51149,0
51150,1
51151,0
51152,0
51153,1
51154,0
51155,1
51156,1
51157,1
51158,1
51159,0
51160,1
51161,1
51162,0
51163,0
51164,1
51165,1
51166,0
51167,0
51168,1
51169,1
51170,1
51171,0
51172,1
51173,1
51174,1
51175,1
51176,0
51177,1
51178,1
51179,1
51180,0
51181,1
51182,0
51183,1
51184,1
51185,1
51186,1
51187,1
51188,1
51189,1
51190,1
51191,1
51192,0
51193,1
51194,1
51195,1
51196,0
51197,1
51198,1
51199,1
51200,0
51201,1
51202,1
51203,1
51204,1
51205,1
51206,1
51207,1
51208,1
51209,0
51210,1
51211,0
51212,0
51213,1
51214,1
51215,1
51216,1
51217,1
51218,0
51219,1
51220,1
51221,1
51222,1
51223,1
51224,1
51225,1
51226,1
51227,1
51228,0
51229,1
51230,0
51231,1
51232,1
51233,0
51234,0
51235,1
51236,0
51237,1
51238,0
51239,1
51240,1
51241,0
51242,0
51243,1
51244,1
51245,0
51246,1
51247,0
51248,1
51249,1
51250,0
51251,0
51252,1
51253,1
51254,1
51255,0
51256,1
51257,1
51258,0
51259,0
51260,1
51261,1
51262,1
51263,1
51264,1
51265,0
51266,0
51267,1
51268,1
51269,1
51270,0
51271,0
51272,1
51273,1
51274,1
51275,0
51276,1
51277,1
51278,1
51279,1
51280,1
51281,0
51282,0
51283,1
51284,1
51285,1
51286,0
51287,1
51288,1
51289,1
51290,1
51291,1
51292,1
51293,0
51294,1
51295,1
51296,1
51297,1
51298,1
51299,1
51300,0
51301,1
51302,0
51303,1
51304,1
51305,1
51306,1
51307,1
51308,1
51309,1
51310,1
51311,0
51312,0
51313,1
51314,0
51315,1
51316,0
51317,1
51318,0
51319,0
51320,1
51321,1
51322,1
51323,1
51324,0
51325,1
51326,0
51327,0
51328,1
51329,1
51330,1
51331,1
51332,0
51333,0
51334,1
51335,1
51336,1
51337,1
51338,1
51339,1
51340,0
51341,1
51342,1
51343,1
51344,1
51345,1
51346,1
51347,1
51348,1
51349,1
51350,1
51351,1
51352,1
51353,1
51354,0
51355,1
51356,0
51357,0
51358,1
51359,1
51360,1
51361,1
51362,1
51363,1
51364,1
51365,1
51366,1
51367,1
51368,0
51369,1
51370,1
51371,1
51372,0
51373,1
51374,0
51375,1
51376,0
51377,1
51378,0
51379,1
51380,0
51381,1
51382,0
51383,1
51384,1
51385,0
51386,1
51387,0
51388,1
51389,0
51390,0
51391,0
51392,0
51393,0
51394,1
51395,1
51396,1
51397,1
51398,0
51399,1
51400,1
51401,1
51402,0
51403,1
51404,1
51405,1
51406,1
51407,1
51408,1
51409,0
51410,0
51411,1
51412,1
51413,0
51414,1
51415,1
51416,1
51417,1
51418,1
51419,0
51420,1
51421,0
51422,1
51423,1
51424,1
51425,1
51426,1
51427,1
51428,1
51429,1
51430,1
51431,0
51432,0
51433,1
51434,0
51435,1
51436,0
51437,1
51438,1
51439,1
51440,1
51441,1
51442,1
51443,1
51444,1
51445,1
51446,0
51447,1
51448,0
51449,1
51450,1
51451,1
51452,0
51453,0
51454,1
51455,1
51456,1
51457,1
51458,1
51459,1
51460,1
51461,1
51462,1
51463,0
51464,0
51465,1
51466,1
51467,0
51468,0
51469,1
51470,1
51471,1
51472,1
51473,0
51474,1
51475,1
51476,0
51477,0
51478,1
51479,1
51480,1
51481,0
51482,1
51483,1
51484,1
51485,1
51486,1
51487,1
51488,1
51489,1
51490,1
51491,1
51492,1
51493,1
51494,1
51495,1
51496,0
51497,1
51498,0
51499,1
51500,1
51501,1
51502,0
51503,1
51504,1
51505,1
51506,1
51507,1
51508,1
51509,1
51510,1
51511,1
51512,1
51513,0
51514,1
51515,1
51516,0
51517,1
51518,1
51519,0
51520,1
51521,1
51522,1
51523,1
51524,0
51525,0
51526,0
51527,1
51528,1
51529,1
51530,0
51531,0
51532,1
51533,1
51534,0
51535,1
51536,0
51537,0
51538,1
51539,1
51540,0
51541,0
51542,1
51543,1
51544,0
51545,1
51546,1
51547,1
51548,0
51549,1
51550,0
51551,1
51552,0
51553,1
51554,1
51555,1
51556,1
51557,1
51558,0
51559,1
51560,1
51561,0
51562,0
51563,1
51564,0
51565,1
51566,1
51567,1
51568,1
51569,1
51570,1
51571,1
51572,1
51573,0
51574,1
51575,1
51576,1
51577,1
51578,0
51579,1
51580,1
51581,1
51582,1
51583,0
51584,1
51585,1
51586,1
51587,1
51588,1
51589,1
51590,1
51591,0
51592,1
51593,1
51594,1
51595,1
51596,0
51597,1
51598,1
51599,0
51600,1
51601,1
51602,0
51603,0
51604,1
51605,1
51606,1
51607,0
51608,1
51609,1
51610,1
51611,1
51612,1
51613,0
51614,0
51615,1
51616,1
51617,1
51618,1
51619,1
51620,1
51621,1
51622,1
51623,0
51624,1
51625,1
51626,1
51627,1
51628,1
51629,1
51630,1
51631,1
51632,1
51633,1
51634,1
51635,1
51636,1
51637,1
51638,1
51639,0
51640,1
51641,0
51642,1
51643,1
51644,0
51645,0
51646,1
51647,0
51648,0
51649,1
51650,1
51651,0
51652,1
51653,1
51654,1
51655,0
51656,0
51657,1
51658,1
51659,1
51660,0
51661,1
51662,1
51663,1
51664,1
51665,0
51666,1
51667,1
51668,0
51669,1
51670,1
51671,1
51672,0
51673,0
51674,1
51675,1
51676,1
51677,1
51678,0
51679,0
51680,1
51681,1
51682,0
51683,0
51684,1
51685,1
51686,1
51687,1
51688,0
51689,1
51690,1
51691,0
51692,1
51693,1
51694,1
51695,1
51696,0
51697,1
51698,1
51699,0
51700,1
51701,1
51702,0
51703,1
51704,1
51705,0
51706,1
51707,0
51708,1
51709,0
51710,1
51711,1
51712,1
51713,0
51714,0
51715,1
51716,1
51717,1
51718,1
51719,1
51720,0
51721,1
51722,1
51723,1
51724,1
51725,1
51726,1
51727,1
51728,0
51729,1
51730,1
51731,1
51732,1
51733,0
51734,1
51735,1
51736,0
51737,0
51738,0
51739,1
51740,0
51741,1
51742,1
51743,0
51744,0
51745,1
51746,1
51747,0
51748,1
51749,1
51750,1
51751,1
51752,1
51753,1
51754,1
51755,1
51756,1
51757,0
51758,0
51759,1
51760,0
51761,0
51762,1
51763,1
51764,1
51765,1
51766,0
51767,0
51768,1
51769,0
51770,0
51771,1
51772,1
51773,1
51774,1
51775,1
51776,1
51777,1
51778,1
51779,1
51780,1
51781,1
51782,1
51783,1
51784,1
51785,1
51786,1
51787,1
51788,1
51789,1
51790,1
51791,1
51792,1
51793,0
51794,1
51795,0
51796,1
51797,1
51798,0
51799,0
51800,1
51801,1
51802,1
51803,1
51804,1
51805,1
51806,1
51807,0
51808,1
51809,1
51810,1
51811,1
51812,1
51813,1
51814,1
51815,1
51816,0
51817,0
51818,1
51819,0
51820,1
51821,1
51822,0
51823,0
51824,1
51825,1
51826,1
51827,1
51828,1
51829,1
51830,1
51831,1
51832,0
51833,1
51834,1
51835,1
51836,1
51837,1
51838,1
51839,1
51840,0
51841,0
51842,0
51843,1
51844,1
51845,1
51846,1
51847,1
51848,1
51849,0
51850,1
51851,1
51852,1
51853,0
51854,0
51855,1
51856,1
51857,0
51858,0
51859,1
51860,1
51861,1
51862,1
51863,1
51864,1
51865,1
51866,1
51867,1
51868,1
51869,1
51870,1
51871,1
51872,1
51873,1
51874,1
51875,1
51876,1
51877,1
51878,0
51879,1
51880,1
51881,0
51882,1
51883,1
51884,1
51885,0
51886,1
51887,0
51888,1
51889,0
51890,1
51891,1
51892,1
51893,1
51894,0
51895,1
51896,1
51897,1
51898,0
51899,1
51900,1
51901,1
51902,1
51903,1
51904,1
51905,1
51906,1
51907,0
51908,1
51909,1
51910,1
51911,1
51912,1
51913,0
51914,1
51915,0
51916,1
51917,1
51918,1
51919,1
51920,0
51921,1
51922,1
51923,1
51924,1
51925,0
51926,0
51927,1
51928,1
51929,1
51930,1
51931,1
51932,1
51933,0
51934,1
51935,1
51936,1
51937,0
51938,1
51939,1
51940,1
51941,0
51942,1
51943,1
51944,1
51945,0
51946,0
51947,0
51948,1
51949,1
51950,0
51951,1
51952,1
51953,0
51954,0
51955,1
51956,1
51957,1
51958,1
51959,1
51960,0
51961,1
51962,1
51963,1
51964,1
51965,1
51966,1
51967,1
51968,0
51969,1
51970,1
51971,0
51972,1
51973,1
51974,0
51975,0
51976,0
51977,1
51978,1
51979,1
51980,1
51981,0
51982,1
51983,1
51984,0
51985,1
51986,1
51987,1
51988,1
51989,1
51990,1
51991,0
51992,1
51993,0
51994,1
51995,1
51996,1
51997,0
51998,1
51999,0
52000,1
52001,1
52002,1
52003,1
52004,0
52005,0
52006,1
52007,1
52008,1
52009,1
52010,1
52011,1
52012,1
52013,0
52014,1
52015,1
52016,1
52017,1
52018,0
52019,1
52020,1
52021,1
52022,1
52023,1
52024,0
52025,1
52026,1
52027,0
52028,0
52029,1
52030,1
52031,1
52032,0
52033,1
52034,1
52035,1
52036,0
52037,1
52038,1
52039,0
52040,1
52041,0
52042,1
52043,1
52044,1
52045,1
52046,1
52047,1
52048,1
52049,1
52050,1
52051,0
52052,1
52053,1
52054,1
52055,0
52056,1
52057,1
52058,0
52059,0
52060,1
52061,1
52062,1
52063,1
52064,1
52065,0
52066,0
52067,1
52068,1
52069,0
52070,0
52071,0
52072,0
52073,1
52074,1
52075,1
52076,1
52077,1
52078,0
52079,1
52080,1
52081,0
52082,0
52083,1
52084,1
52085,1
52086,1
52087,1
52088,1
52089,0
52090,1
52091,1
52092,0
52093,1
52094,1
52095,1
52096,1
52097,0
52098,1
52099,1
52100,1
52101,1
52102,1
52103,1
52104,1
52105,1
52106,1
52107,1
52108,1
52109,1
52110,1
52111,0
52112,0
52113,0
52114,1
52115,0
52116,0
52117,1
52118,1
52119,1
52120,1
52121,0
52122,0
52123,1
52124,1
52125,1
52126,0
52127,1
52128,1
52129,1
52130,1
52131,0
52132,0
52133,1
52134,1
52135,0
52136,1
52137,1
52138,0
52139,1
52140,1
52141,1
52142,1
52143,0
52144,1
52145,0
52146,1
52147,1
52148,1
52149,1
52150,1
52151,0
52152,1
52153,1
52154,1
52155,1
52156,1
52157,0
52158,1
52159,1
52160,1
52161,1
52162,1
52163,0
52164,0
52165,1
52166,1
52167,1
52168,0
52169,1
52170,1
52171,1
52172,1
52173,0
52174,0
52175,1
52176,0
52177,1
52178,1
52179,0
52180,0
52181,1
52182,1
52183,1
52184,0
52185,0
52186,1
52187,1
52188,1
52189,1
52190,1
52191,1
52192,0
52193,0
52194,1
52195,1
52196,1
52197,1
52198,1
52199,1
52200,1
52201,1
52202,1
52203,1
52204,1
52205,1
52206,0
52207,1
52208,1
52209,0
52210,1
52211,0
52212,1
52213,0
52214,1
52215,0
52216,1
52217,0
52218,1
52219,1
52220,1
52221,1
52222,0
52223,1
52224,1
52225,1
52226,0
52227,1
52228,1
52229,1
52230,1
52231,1
52232,1
52233,0
52234,1
52235,1
52236,0
52237,0
52238,0
52239,1
52240,1
52241,1
52242,1
52243,1
52244,1
52245,1
52246,1
52247,1
52248,1
52249,0
52250,1
52251,0
52252,1
52253,1
52254,1
52255,1
52256,1
52257,1
52258,1
52259,1
52260,1
52261,1
52262,0
52263,1
52264,0
52265,1
52266,0
52267,1
52268,1
52269,1
52270,1
52271,0
52272,1
52273,1
52274,1
52275,1
52276,1
52277,1
52278,1
52279,0
52280,1
52281,0
52282,0
52283,0
52284,1
52285,1
52286,1
52287,1
52288,0
52289,1
52290,1
52291,1
52292,1
52293,1
52294,0
52295,1
52296,1
52297,1
52298,1
52299,1
52300,1
52301,1
52302,1
52303,1
52304,1
52305,1
52306,1
52307,1
52308,1
52309,1
52310,1
52311,1
52312,0
52313,1
52314,0
52315,1
52316,1
52317,1
52318,1
52319,0
52320,1
52321,1
52322,0
52323,1
52324,1
52325,1
52326,1
52327,0
52328,1
52329,1
52330,0
52331,1
52332,1
52333,0
52334,0
52335,1
52336,1
52337,1
52338,1
52339,0
52340,1
52341,1
52342,1
52343,1
52344,1
52345,0
52346,1
52347,1
52348,1
52349,0
52350,0
52351,1
52352,0
52353,1
52354,1
52355,0
52356,1
52357,1
52358,1
52359,1
52360,0
52361,1
52362,1
52363,1
52364,1
52365,1
52366,0
52367,1
52368,1
52369,1
52370,0
52371,0
52372,1
52373,0
52374,0
52375,1
52376,1
52377,1
52378,1
52379,1
52380,1
52381,0
52382,0
52383,1
52384,1
52385,1
52386,1
52387,1
52388,1
52389,1
52390,0
52391,0
52392,0
52393,1
52394,1
52395,1
52396,0
52397,1
52398,1
52399,1
52400,1
52401,0
52402,0
52403,1
52404,0
52405,0
52406,0
52407,1
52408,1
52409,1
52410,0
52411,0
52412,1
52413,1
52414,1
52415,1
52416,1
52417,0
52418,1
52419,1
52420,0
52421,0
52422,1
52423,1
52424,1
52425,0
52426,1
52427,1
52428,1
52429,1
52430,1
52431,0
52432,1
52433,1
52434,1
52435,1
52436,1
52437,1
52438,1
52439,1
52440,1
52441,1
52442,0
52443,1
52444,0
52445,0
52446,1
52447,1
52448,1
52449,1
52450,1
52451,1
52452,1
52453,1
52454,1
52455,1
52456,1
52457,0
52458,1
52459,1
52460,1
52461,0
52462,1
52463,1
52464,0
52465,0
52466,1
52467,1
52468,0
52469,0
52470,1
52471,0
52472,1
52473,1
52474,1
52475,1
52476,1
52477,1
52478,1
52479,1
52480,0
52481,0
52482,0
52483,0
52484,1
52485,0
52486,0
52487,1
52488,1
52489,1
52490,1
52491,0
52492,1
52493,1
52494,0
52495,1
52496,1
52497,1
52498,1
52499,0
52500,0
52501,1
52502,0
52503,0
52504,0
52505,1
52506,0
52507,1
52508,0
52509,1
52510,1
52511,1
52512,1
52513,1
52514,1
52515,1
52516,1
52517,0
52518,1
52519,1
52520,0
52521,1
52522,1
52523,0
52524,0
52525,0
52526,1
52527,0
52528,0
52529,0
52530,0
52531,1
52532,1
52533,1
52534,1
52535,1
52536,0
52537,0
52538,0
52539,0
52540,1
52541,0
52542,1
52543,1
52544,1
52545,0
52546,0
52547,1
52548,1
52549,1
52550,1
52551,1
52552,1
52553,1
52554,0
52555,0
52556,1
52557,1
52558,1
52559,1
52560,0
52561,1
52562,0
52563,1
52564,1
52565,0
52566,1
52567,0
52568,0
52569,1
52570,1
52571,1
52572,1
52573,1
52574,1
52575,1
52576,1
52577,1
52578,0
52579,1
52580,0
52581,1
52582,1
52583,0
52584,1
52585,1
52586,1
52587,1
52588,1
52589,1
52590,0
52591,1
52592,1
52593,1
52594,1
52595,0
52596,1
52597,1
52598,1
52599,1
52600,1
52601,1
52602,0
52603,0
52604,1
52605,0
52606,1
52607,0
52608,1
52609,1
52610,1
52611,1
52612,1
52613,1
52614,1
52615,1
52616,1
52617,0
52618,0
52619,1
52620,1
52621,1
52622,1
52623,1
52624,1
52625,1
52626,0
52627,1
52628,1
52629,1
52630,1
52631,0
52632,1
52633,1
52634,0
52635,1
52636,1
52637,1
52638,1
52639,0
52640,1
52641,0
52642,1
52643,1
52644,1
52645,0
52646,1
52647,0
52648,1
52649,1
52650,0
52651,1
52652,1
52653,0
52654,0
52655,0
52656,1
52657,1
52658,0
52659,0
52660,0
52661,1
52662,1
52663,1
52664,1
52665,1
52666,1
52667,1
52668,1
52669,1
52670,1
52671,1
52672,1
52673,1
52674,0
52675,1
52676,1
52677,1
52678,1
52679,1
52680,1
52681,0
52682,1
52683,1
52684,1
52685,1
52686,0
52687,1
52688,0
52689,0
52690,1
52691,1
52692,1
52693,1
52694,1
52695,0
52696,1
52697,1
52698,1
52699,0
52700,0
52701,1
52702,1
52703,0
52704,1
52705,1
52706,1
52707,0
52708,1
52709,1
52710,1
52711,1
52712,1
52713,1
52714,1
52715,1
52716,0
52717,1
52718,1
52719,0
52720,1
52721,0
52722,1
52723,1
52724,1
52725,0
52726,1
52727,0
52728,1
52729,1
52730,1
52731,1
52732,0
52733,0
52734,1
52735,1
52736,1
52737,1
52738,0
52739,1
52740,1
52741,1
52742,1
52743,1
52744,1
52745,1
52746,1
52747,1
52748,0
52749,0
52750,1
52751,0
52752,1
52753,1
52754,1
52755,0
52756,1
52757,1
52758,1
52759,0
52760,1
52761,1
52762,1
52763,1
52764,1
52765,1
52766,1
52767,1
52768,0
52769,0
52770,0
52771,1
52772,1
52773,1
52774,0
52775,1
52776,1
52777,0
52778,1
52779,1
52780,1
52781,1
52782,1
52783,1
52784,1
52785,1
52786,1
52787,1
52788,1
52789,1
52790,1
52791,1
52792,1
52793,1
52794,1
52795,1
52796,1
52797,1
52798,1
52799,1
52800,1
52801,0
52802,1
52803,0
52804,1
52805,0
52806,1
52807,1
52808,1
52809,0
52810,0
52811,1
52812,0
52813,1
52814,1
52815,1
52816,1
52817,1
52818,0
52819,1
52820,0
52821,0
52822,1
52823,1
52824,1
52825,0
52826,1
52827,0
52828,1
52829,1
52830,1
52831,1
52832,1
52833,1
52834,1
52835,0
52836,1
52837,1
52838,0
52839,0
52840,1
52841,1
52842,1
52843,0
52844,1
52845,1
52846,1
52847,1
52848,1
52849,1
52850,0
52851,1
52852,1
52853,0
52854,0
52855,1
52856,1
52857,0
52858,1
52859,1
52860,0
52861,1
52862,1
52863,0
52864,1
52865,0
52866,1
52867,0
52868,0
52869,0
52870,1
52871,1
52872,0
52873,0
52874,1
52875,1
52876,1
52877,1
52878,1
52879,1
52880,1
52881,0
52882,0
52883,1
52884,1
52885,1
52886,0
52887,1
52888,1
52889,1
52890,1
52891,1
52892,0
52893,0
52894,0
52895,1
52896,0
52897,1
52898,1
52899,0
52900,1
52901,0
52902,0
52903,1
52904,1
52905,1
52906,1
52907,0
52908,1
52909,0
52910,1
52911,1
52912,1
52913,1
52914,1
52915,0
52916,0
52917,1
52918,0
52919,0
52920,1
52921,1
52922,1
52923,1
52924,1
52925,1
52926,1
52927,1
52928,1
52929,1
52930,1
52931,1
52932,0
52933,1
52934,0
52935,1
52936,1
52937,1
52938,1
52939,0
52940,1
52941,0
52942,1
52943,1
52944,0
52945,0
52946,0
52947,0
52948,1
52949,1
52950,1
52951,1
52952,1
52953,1
52954,1
52955,1
52956,1
52957,1
52958,1
52959,1
52960,0
52961,1
52962,0
52963,1
52964,1
52965,1
52966,1
52967,0
52968,1
52969,0
52970,0
52971,1
52972,0
52973,0
52974,1
52975,1
52976,1
52977,0
52978,0
52979,1
52980,1
52981,1
52982,1
52983,1
52984,1
52985,1
52986,1
52987,1
52988,0
52989,1
52990,1
52991,1
52992,1
52993,1
52994,0
52995,0
52996,1
52997,1
52998,1
52999,1
53000,1
53001,0
53002,0
53003,0
53004,0
53005,1
53006,0
53007,0
53008,1
53009,1
53010,1
53011,1
53012,0
53013,1
53014,1
53015,1
53016,1
53017,1
53018,1
53019,0
53020,1
53021,0
53022,0
53023,1
53024,1
53025,1
53026,0
53027,1
53028,1
53029,1
53030,0
53031,1
53032,0
53033,0
53034,0
53035,0
53036,1
53037,1
53038,1
53039,0
53040,0
53041,0
53042,1
53043,1
53044,0
53045,1
53046,0
53047,1
53048,0
53049,1
53050,1
53051,1
53052,1
53053,0
53054,1
53055,1
53056,0
53057,1
53058,1
53059,0
53060,0
53061,1
53062,0
53063,1
53064,1
53065,1
53066,0
53067,1
53068,0
53069,1
53070,1
53071,0
53072,0
53073,1
53074,1
53075,0
53076,1
53077,1
53078,1
53079,0
53080,1
53081,1
53082,1
53083,1
53084,1
53085,1
53086,1
53087,1
53088,1
53089,1
53090,1
53091,1
53092,1
53093,1
53094,1
53095,1
53096,1
53097,1
53098,1
53099,1
53100,1
53101,1
53102,1
53103,1
53104,1
53105,0
53106,1
53107,1
53108,1
53109,1
53110,0
53111,1
53112,1
53113,1
53114,1
53115,1
53116,0
53117,1
53118,1
53119,0
53120,0
53121,1
53122,1
53123,1
53124,1
53125,1
53126,1
53127,1
53128,1
53129,0
53130,1
53131,0
53132,1
53133,1
53134,1
53135,1
53136,1
53137,0
53138,1
53139,1
53140,1
53141,1
53142,0
53143,1
53144,1
53145,1
53146,0
53147,1
53148,0
53149,0
53150,1
53151,1
53152,1
53153,0
53154,0
53155,1
53156,0
53157,1
53158,0
53159,0
53160,0
53161,1
53162,1
53163,1
53164,1
53165,1
53166,0
53167,1
53168,0
53169,1
53170,0
53171,0
53172,1
53173,1
53174,0
53175,1
53176,0
53177,1
53178,1
53179,1
53180,1
53181,1
53182,1
53183,0
53184,1
53185,1
53186,1
53187,1
53188,1
53189,1
53190,0
53191,1
53192,1
53193,1
53194,0
53195,0
53196,1
53197,1
53198,1
53199,0
53200,1
53201,1
53202,0
53203,1
53204,1
53205,1
53206,0
53207,1
53208,0
53209,1
53210,0
53211,1
53212,1
53213,1
53214,0
53215,1
53216,1
53217,0
53218,1
53219,1
53220,1
53221,1
53222,1
53223,1
53224,1
53225,1
53226,0
53227,1
53228,1
53229,0
53230,1
53231,0
53232,0
53233,1
53234,0
53235,1
53236,1
53237,0
53238,1
53239,0
53240,1
53241,0
53242,1
53243,1
53244,1
53245,1
53246,1
53247,1
53248,0
53249,1
53250,1
53251,0
53252,1
53253,0
53254,1
53255,1
53256,1
53257,0
53258,1
53259,1
53260,1
53261,1
53262,0
53263,1
53264,1
53265,1
53266,0
53267,1
53268,1
53269,0
53270,0
53271,1
53272,0
53273,1
53274,1
53275,0
53276,1
53277,1
53278,1
53279,1
53280,1
53281,1
53282,1
53283,1
53284,1
53285,0
53286,1
53287,1
53288,1
53289,1
53290,1
53291,1
53292,1
53293,0
53294,0
53295,1
53296,0
53297,0
53298,1
53299,1
53300,1
53301,0
53302,1
53303,0
53304,1
53305,1
53306,0
53307,0
53308,1
53309,0
53310,0
53311,1
53312,1
53313,1
53314,0
53315,1
53316,0
53317,0
53318,0
53319,1
53320,0
53321,0
53322,1
53323,1
53324,1
53325,1
53326,1
53327,0
53328,0
53329,1
53330,1
53331,1
53332,1
53333,1
53334,0
53335,1
53336,1
53337,0
53338,1
53339,1
53340,0
53341,1
53342,1
53343,1
53344,1
53345,1
53346,1
53347,1
53348,1
53349,1
53350,1
53351,1
53352,0
53353,1
53354,1
53355,1
53356,1
53357,1
53358,0
53359,1
53360,1
53361,1
53362,1
53363,0
53364,1
53365,1
53366,1
53367,1
53368,1
53369,1
53370,1
53371,1
53372,1
53373,1
53374,1
53375,1
53376,0
53377,1
53378,1
53379,0
53380,1
53381,1
53382,0
53383,1
53384,1
53385,0
53386,1
53387,0
53388,0
53389,0
53390,1
53391,0
53392,1
53393,1
53394,1
53395,0
53396,1
53397,1
53398,1
53399,0
53400,0
53401,0
53402,1
53403,1
53404,1
53405,0
53406,1
53407,1
53408,0
53409,1
53410,0
53411,1
53412,1
53413,1
53414,1
53415,1
53416,0
53417,1
53418,1
53419,1
53420,1
53421,1
53422,0
53423,1
53424,0
53425,1
53426,1
53427,1
53428,0
53429,0
53430,1
53431,0
53432,1
53433,1
53434,1
53435,1
53436,1
53437,1
53438,1
53439,0
53440,1
53441,0
53442,1
53443,1
53444,1
53445,1
53446,0
53447,0
53448,1
53449,1
53450,1
53451,1
53452,1
53453,0
53454,1
53455,1
53456,0
53457,0
53458,0
53459,0
53460,1
53461,1
53462,1
53463,0
53464,1
53465,1
53466,0
53467,0
53468,0
53469,0
53470,1
53471,0
53472,1
53473,1
53474,0
53475,0
53476,0
53477,1
53478,0
53479,1
53480,1
53481,1
53482,0
53483,1
53484,1
53485,1
53486,1
53487,1
53488,1
53489,0
53490,1
53491,0
53492,1
53493,1
53494,1
53495,1
53496,1
53497,1
53498,1
53499,0
53500,1
53501,1
53502,0
53503,0
53504,1
53505,1
53506,1
53507,0
53508,0
53509,1
53510,1
53511,0
53512,1
53513,1
53514,0
53515,1
53516,1
53517,1
53518,1
53519,1
53520,1
53521,1
53522,1
53523,0
53524,1
53525,1
53526,1
53527,0
53528,1
53529,1
53530,1
53531,1
53532,0
53533,1
53534,0
53535,1
53536,1
53537,1
53538,0
53539,0
53540,1
53541,1
53542,1
53543,1
53544,0
53545,0
53546,1
53547,1
53548,1
53549,1
53550,0
53551,1
53552,1
53553,1
53554,0
53555,1
53556,1
53557,1
53558,1
53559,1
53560,1
53561,0
53562,1
53563,1
53564,1
53565,1
53566,1
53567,1
53568,1
53569,0
53570,1
53571,1
53572,1
53573,1
53574,0
53575,1
53576,0
53577,1
53578,1
53579,1
53580,1
53581,1
53582,1
53583,1
53584,1
53585,1
53586,1
53587,1
53588,1
53589,0
53590,0
53591,1
53592,0
53593,1
53594,1
53595,1
53596,1
53597,0
53598,1
53599,1
53600,0
53601,1
53602,1
53603,1
53604,1
53605,1
53606,1
53607,0
53608,1
53609,0
53610,0
53611,1
53612,1
53613,0
53614,1
53615,1
53616,0
53617,1
53618,1
53619,1
53620,1
53621,1
53622,1
53623,1
53624,1
53625,1
53626,0
53627,0
53628,1
53629,1
53630,1
53631,1
53632,0
53633,1
53634,1
53635,0
53636,1
53637,0
53638,1
53639,1
53640,1
53641,1
53642,1
53643,1
53644,1
53645,1
53646,1
53647,1
53648,1
53649,0
53650,1
53651,1
53652,1
53653,1
53654,0
53655,1
53656,1
53657,0
53658,1
53659,1
53660,1
53661,1
53662,1
53663,1
53664,1
53665,1
53666,0
53667,1
53668,1
53669,0
53670,0
53671,1
53672,1
53673,1
53674,0
53675,1
53676,1
53677,0
53678,1
53679,1
53680,1
53681,1
53682,0
53683,1
53684,0
53685,1
53686,1
53687,1
53688,1
53689,0
53690,1
53691,0
53692,1
53693,1
53694,1
53695,1
53696,0
53697,1
53698,0
53699,1
53700,1
53701,0
53702,1
53703,1
53704,1
53705,1
53706,1
53707,1
53708,1
53709,1
53710,1
53711,1
53712,1
53713,0
53714,0
53715,1
53716,1
53717,1
53718,1
53719,1
53720,1
53721,1
53722,1
53723,0
53724,1
53725,0
53726,1
53727,1
53728,1
53729,0
53730,0
53731,1
53732,1
53733,1
53734,0
53735,1
53736,0
53737,1
53738,1
53739,1
53740,1
53741,0
53742,0
53743,1
53744,1
53745,1
53746,1
53747,1
53748,1
53749,0
53750,1
53751,1
53752,0
53753,0
53754,1
53755,1
53756,1
53757,1
53758,1
53759,1
53760,1
53761,1
53762,1
53763,1
53764,0
53765,0
53766,1
53767,0
53768,1
53769,1
53770,1
53771,1
53772,1
53773,1
53774,0
53775,0
53776,1
53777,1
53778,1
53779,1
53780,1
53781,1
53782,0
53783,1
53784,0
53785,1
53786,1
53787,1
53788,0
53789,1
53790,1
53791,1
53792,0
53793,1
53794,1
53795,1
53796,1
53797,1
53798,1
53799,1
53800,1
53801,1
53802,1
53803,0
53804,1
53805,0
53806,1
53807,0
53808,1
53809,1
53810,1
53811,1
53812,0
53813,1
53814,1
53815,0
53816,1
53817,1
53818,1
53819,1
53820,1
53821,0
53822,0
53823,0
53824,1
53825,0
53826,1
53827,0
53828,1
53829,0
53830,0
53831,0
53832,1
53833,1
53834,0
53835,1
53836,1
53837,0
53838,0
53839,0
53840,0
53841,1
53842,1
53843,1
53844,1
53845,1
53846,1
53847,0
53848,1
53849,0
53850,1
53851,0
53852,1
53853,1
53854,0
53855,1
53856,1
53857,1
53858,1
53859,1
53860,1
53861,1
53862,1
53863,1
53864,0
53865,1
53866,1
53867,0
53868,0
53869,1
53870,1
53871,1
53872,1
53873,0
53874,0
53875,1
53876,1
53877,0
53878,0
53879,1
53880,1
53881,1
53882,0
53883,1
53884,1
53885,1
53886,1
53887,1
53888,1
53889,1
53890,1
53891,0
53892,1
53893,1
53894,0
53895,1
53896,1
53897,0
53898,0
53899,1
53900,0
53901,1
53902,1
53903,1
53904,1
53905,1
53906,0
53907,1
53908,1
53909,0
53910,1
53911,1
53912,1
53913,1
53914,1
53915,0
53916,1
53917,1
53918,1
53919,1
53920,0
53921,1
53922,1
53923,1
53924,1
53925,1
53926,0
53927,1
53928,0
53929,1
53930,1
53931,1
53932,1
53933,1
53934,1
53935,1
53936,0
53937,1
53938,1
53939,0
53940,1
53941,0
53942,1
53943,1
53944,1
53945,1
53946,0
53947,1
53948,0
53949,1
53950,1
53951,1
53952,1
53953,1
53954,1
53955,1
53956,1
53957,1
53958,1
53959,1
53960,1
53961,0
53962,0
53963,0
53964,1
53965,1
53966,1
53967,0
53968,1
53969,1
53970,1
53971,1
53972,0
53973,1
53974,1
53975,1
53976,0
53977,1
53978,1
53979,1
53980,0
53981,1
53982,1
53983,0
53984,1
53985,1
53986,1
53987,1
53988,1
53989,0
53990,1
53991,1
53992,0
53993,0
53994,1
53995,0
53996,1
53997,1
53998,0
53999,1
54000,0
54001,1
54002,0
54003,1
54004,0
54005,1
54006,1
54007,1
54008,0
54009,0
54010,0
54011,1
54012,0
54013,1
54014,0
54015,0
54016,1
54017,0
54018,0
54019,1
54020,1
54021,1
54022,1
54023,0
54024,0
54025,0
54026,1
54027,0
54028,1
54029,0
54030,0
54031,0
54032,0
54033,0
54034,1
54035,1
54036,1
54037,1
54038,0
54039,0
54040,1
54041,1
54042,1
54043,1
54044,1
54045,0
54046,1
54047,1
54048,0
54049,1
54050,0
54051,1
54052,1
54053,1
54054,1
54055,0
54056,1
54057,1
54058,1
54059,1
54060,1
54061,1
54062,1
54063,0
54064,0
54065,1
54066,1
54067,0
54068,0
54069,0
54070,0
54071,1
54072,1
54073,0
54074,1
54075,1
54076,0
54077,1
54078,1
54079,1
54080,1
54081,1
54082,0
54083,1
54084,0
54085,1
54086,1
54087,0
54088,1
54089,1
54090,1
54091,1
54092,1
54093,0
54094,1
54095,0
54096,1
54097,1
54098,1
54099,0
54100,1
54101,1
54102,1
54103,1
54104,1
54105,0
54106,1
54107,0
54108,1
54109,1
54110,0
54111,0
54112,0
54113,1
54114,0
54115,0
54116,1
54117,1
54118,1
54119,1
54120,1
54121,1
54122,1
54123,1
54124,1
54125,1
54126,1
54127,1
54128,1
54129,0
54130,1
54131,1
54132,0
54133,0
54134,0
54135,1
54136,1
54137,1
54138,1
54139,1
54140,1
54141,0
54142,0
54143,1
54144,0
54145,1
54146,1
54147,0
54148,0
54149,1
54150,1
54151,1
54152,0
54153,1
54154,1
54155,0
54156,1
54157,1
54158,0
54159,1
54160,1
54161,1
54162,1
54163,1
54164,1
54165,1
54166,1
54167,0
54168,0
54169,0
54170,1
54171,1
54172,0
54173,1
54174,0
54175,0
54176,1
54177,1
54178,1
54179,1
54180,1
54181,1
54182,1
54183,1
54184,0
54185,0
54186,1
54187,1
54188,1
54189,1
54190,1
54191,1
54192,1
54193,1
54194,1
54195,0
54196,0
54197,1
54198,0
54199,1
54200,1
54201,1
54202,1
54203,1
54204,1
54205,1
54206,0
54207,0
54208,1
54209,1
54210,1
54211,0
54212,0
54213,1
54214,1
54215,1
54216,1
54217,0
54218,0
54219,1
54220,1
54221,1
54222,1
54223,0
54224,0
54225,1
54226,1
54227,1
54228,1
54229,1
54230,1
54231,1
54232,1
54233,1
54234,1
54235,1
54236,1
54237,0
54238,0
54239,0
54240,1
54241,0
54242,1
54243,1
54244,0
54245,1
54246,1
54247,1
54248,1
54249,1
54250,0
54251,1
54252,1
54253,1
54254,1
54255,0
54256,1
54257,1
54258,0
54259,1
54260,0
54261,1
54262,1
54263,1
54264,1
54265,1
54266,1
54267,1
54268,0
54269,1
54270,1
54271,1
54272,1
54273,0
54274,0
54275,1
54276,1
54277,1
54278,1
54279,1
54280,1
54281,0
54282,0
54283,0
54284,1
54285,1
54286,0
54287,0
54288,1
54289,1
54290,0
54291,1
54292,0
54293,1
54294,1
54295,0
54296,1
54297,0
54298,1
54299,1
54300,1
54301,1
54302,0
54303,1
54304,1
54305,0
54306,1
54307,0
54308,1
54309,0
54310,0
54311,1
54312,1
54313,1
54314,0
54315,1
54316,1
54317,1
54318,0
54319,0
54320,1
54321,1
54322,1
54323,0
54324,1
54325,0
54326,1
54327,1
54328,1
54329,1
54330,1
54331,1
54332,1
54333,1
54334,1
54335,1
54336,0
54337,1
54338,1
54339,0
54340,1
54341,1
54342,1
54343,1
54344,1
54345,1
54346,1
54347,1
54348,0
54349,0
54350,1
54351,1
54352,1
54353,1
54354,1
54355,1
54356,1
54357,1
54358,0
54359,1
54360,1
54361,0
54362,0
54363,1
54364,0
54365,1
54366,1
54367,0
54368,1
54369,0
54370,0
54371,0
54372,1
54373,1
54374,0
54375,0
54376,0
54377,1
54378,0
54379,0
54380,1
54381,1
54382,1
54383,1
54384,1
54385,1
54386,1
54387,1
54388,1
54389,1
54390,1
54391,1
54392,0
54393,1
54394,0
54395,0
54396,0
54397,1
54398,1
54399,1
54400,0
54401,1
54402,0
54403,1
54404,0
54405,1
54406,1
54407,1
54408,1
54409,1
54410,1
54411,0
54412,1
54413,1
54414,0
54415,0
54416,1
54417,1
54418,1
54419,1
54420,1
54421,1
54422,1
54423,1
54424,1
54425,1
54426,1
54427,1
54428,1
54429,1
54430,1
54431,1
54432,1
54433,1
54434,0
54435,1
54436,0
54437,1
54438,0
54439,1
54440,1
54441,0
54442,0
54443,0
54444,1
54445,1
54446,1
54447,0
54448,1
54449,1
54450,1
54451,0
54452,1
54453,1
54454,1
54455,1
54456,1
54457,1
54458,0
54459,0
54460,0
54461,1
54462,1
54463,1
54464,0
54465,0
54466,1
54467,1
54468,1
54469,1
54470,1
54471,1
54472,0
54473,1
54474,0
54475,1
54476,1
54477,0
54478,1
54479,1
54480,1
54481,1
54482,1
54483,1
54484,1
54485,1
54486,0
54487,1
54488,0
54489,0
54490,1
54491,1
54492,0
54493,0
54494,1
54495,1
54496,1
54497,1
54498,0
54499,0
54500,1
54501,0
54502,0
54503,1
54504,0
54505,0
54506,0
54507,1
54508,0
54509,1
54510,1
54511,1
54512,0
54513,1
54514,1
54515,0
54516,0
54517,1
54518,1
54519,1
54520,1
54521,1
54522,0
54523,1
54524,1
54525,0
54526,0
54527,1
54528,0
54529,0
54530,1
54531,1
54532,1
54533,1
54534,1
54535,1
54536,1
54537,1
54538,1
54539,1
54540,1
54541,1
54542,0
54543,1
54544,0
54545,0
54546,1
54547,0
54548,1
54549,1
54550,1
54551,0
54552,0
54553,0
54554,0
54555,0
54556,1
54557,0
54558,1
54559,1
54560,1
54561,1
54562,1
54563,1
54564,1
54565,1
54566,1
54567,0
54568,1
54569,1
54570,1
54571,1
54572,0
54573,1
54574,0
54575,1
54576,1
54577,0
54578,1
54579,1
54580,1
54581,0
54582,0
54583,1
54584,1
54585,0
54586,1
54587,0
54588,1
54589,1
54590,1
54591,1
54592,0
54593,1
54594,1
54595,1
54596,0
54597,1
54598,1
54599,0
54600,1
54601,1
54602,1
54603,0
54604,1
54605,0
54606,1
54607,1
54608,1
54609,0
54610,1
54611,1
54612,1
54613,1
54614,0
54615,1
54616,1
54617,1
54618,1
54619,1
54620,1
54621,1
54622,1
54623,1
54624,1
54625,1
54626,1
54627,1
54628,1
54629,1
54630,0
54631,1
54632,1
54633,1
54634,1
54635,0
54636,0
54637,1
54638,1
54639,1
54640,0
54641,0
54642,1
54643,1
54644,1
54645,0
54646,1
54647,1
54648,1
54649,0
54650,1
54651,0
54652,1
54653,0
54654,1
54655,1
54656,1
54657,1
54658,1
54659,1
54660,0
54661,1
54662,1
54663,1
54664,0
54665,1
54666,1
54667,1
54668,1
54669,1
54670,1
54671,1
54672,1
54673,0
54674,1
54675,1
54676,0
54677,1
54678,0
54679,0
54680,0
54681,1
54682,0
54683,1
54684,0
54685,1
54686,1
54687,1
54688,1
54689,1
54690,1
54691,1
54692,0
54693,1
54694,1
54695,0
54696,1
54697,0
54698,1
54699,1
54700,1
54701,0
54702,1
54703,1
54704,1
54705,1
54706,0
54707,0
54708,1
54709,1
54710,0
54711,1
54712,1
54713,0
54714,1
54715,1
54716,1
54717,1
54718,1
54719,0
54720,0
54721,1
54722,1
54723,1
54724,1
54725,0
54726,1
54727,1
54728,0
54729,1
54730,0
54731,1
54732,1
54733,1
54734,1
54735,0
54736,0
54737,1
54738,1
54739,0
54740,1
54741,1
54742,1
54743,1
54744,1
54745,1
54746,1
54747,1
54748,1
54749,1
54750,1
54751,1
54752,1
54753,0
54754,0
54755,1
54756,0
54757,1
54758,1
54759,1
54760,1
54761,0
54762,1
54763,1
54764,1
54765,1
54766,1
54767,0
54768,1
54769,1
54770,1
54771,1
54772,0
54773,1
54774,1
54775,1
54776,1
54777,1
54778,0
54779,1
54780,1
54781,0
54782,1
54783,1
54784,0
54785,1
54786,1
54787,1
54788,1
54789,0
54790,1
54791,1
54792,0
54793,0
54794,1
54795,1
54796,0
54797,0
54798,1
54799,1
54800,1
54801,0
54802,1
54803,1
54804,1
54805,0
54806,1
54807,1
54808,1
54809,0
54810,1
54811,1
54812,1
54813,1
54814,1
54815,1
54816,0
54817,1
54818,0
54819,1
54820,1
54821,1
54822,0
54823,1
54824,1
54825,1
54826,1
54827,1
54828,0
54829,1
54830,1
54831,1
54832,1
54833,1
54834,1
54835,1
54836,1
54837,1
54838,0
54839,0
54840,0
54841,1
54842,1
54843,1
54844,0
54845,1
54846,1
54847,0
54848,1
54849,0
54850,0
54851,0
54852,0
54853,0
54854,1
54855,1
54856,0
54857,1
54858,0
54859,1
54860,1
54861,1
54862,1
54863,1
54864,1
54865,1
54866,0
54867,1
54868,0
54869,1
54870,0
54871,1
54872,0
54873,1
54874,1
54875,1
54876,1
54877,1
54878,1
54879,0
54880,1
54881,1
54882,0
54883,1
54884,0
54885,0
54886,1
54887,1
54888,1
54889,1
54890,1
54891,0
54892,1
54893,1
54894,1
54895,1
54896,1
54897,0
54898,1
54899,0
54900,1
54901,0
54902,1
54903,1
54904,1
54905,1
54906,0
54907,1
54908,0
54909,1
54910,0
54911,1
54912,0
54913,1
54914,1
54915,0
54916,1
54917,1
54918,1
54919,1
54920,1
54921,0
54922,0
54923,1
54924,1
54925,0
54926,1
54927,1
54928,1
54929,1
54930,1
54931,1
54932,1
54933,1
54934,0
54935,1
54936,1
54937,0
54938,1
54939,0
54940,1
54941,0
54942,1
54943,0
54944,1
54945,1
54946,1
54947,1
54948,0
54949,1
54950,0
54951,0
54952,1
54953,1
54954,1
54955,0
54956,0
54957,1
54958,1
54959,1
54960,1
54961,0
54962,0
54963,1
54964,1
54965,0
54966,1
54967,1
54968,1
54969,1
54970,1
54971,0
54972,0
54973,1
54974,0
54975,1
54976,1
54977,1
54978,1
54979,1
54980,1
54981,1
54982,0
54983,1
54984,0
54985,0
54986,0
54987,1
54988,1
54989,0
54990,1
54991,0
54992,1
54993,0
54994,1
54995,0
54996,1
54997,1
54998,1
54999,1
55000,0
55001,1
55002,1
55003,1
55004,1
55005,1
55006,0
55007,0
55008,1
55009,1
55010,0
55011,0
55012,1
55013,0
55014,1
55015,1
55016,0
55017,1
55018,1
55019,0
55020,1
55021,1
55022,1
55023,1
55024,1
55025,0
55026,1
55027,1
55028,0
55029,0
55030,1
55031,1
55032,1
55033,1
55034,1
55035,0
55036,1
55037,1
55038,1
55039,1
55040,1
55041,1
55042,1
55043,1
55044,1
55045,1
55046,1
55047,1
55048,1
55049,1
55050,0
55051,0
55052,0
55053,1
55054,0
55055,1
55056,1
55057,1
55058,0
55059,1
55060,0
55061,0
55062,0
55063,1
55064,1
55065,1
55066,1
55067,0
55068,1
55069,1
55070,1
55071,1
55072,1
55073,1
55074,0
55075,1
55076,1
55077,1
55078,1
55079,0
55080,1
55081,1
55082,0
55083,1
55084,1
55085,0
55086,1
55087,1
55088,1
55089,0
55090,0
55091,1
55092,1
55093,1
55094,1
55095,0
55096,1
55097,1
55098,1
55099,0
55100,1
55101,0
55102,0
55103,1
55104,1
55105,0
55106,1
55107,1
55108,1
55109,1
55110,0
55111,1
55112,0
55113,0
55114,1
55115,1
55116,1
55117,1
55118,0
55119,1
55120,1
55121,1
55122,1
55123,1
55124,1
55125,1
55126,0
55127,1
55128,0
55129,1
55130,1
55131,1
55132,1
55133,0
55134,0
55135,1
55136,1
55137,1
55138,0
55139,0
55140,0
55141,1
55142,1
55143,1
55144,0
55145,1
55146,1
55147,0
55148,1
55149,1
55150,1
55151,0
55152,0
55153,1
55154,1
55155,1
55156,1
55157,1
55158,0
55159,1
55160,0
55161,1
55162,1
55163,0
55164,1
55165,0
55166,1
55167,1
55168,1
55169,1
55170,0
55171,1
55172,1
55173,0
55174,1
55175,1
55176,1
55177,1
55178,1
55179,1
55180,1
55181,1
55182,1
55183,0
55184,1
55185,1
55186,0
55187,1
55188,1
55189,1
55190,1
55191,0
55192,1
55193,1
55194,1
55195,1
55196,1
55197,0
55198,1
55199,0
55200,0
55201,0
55202,0
55203,0
55204,0
55205,1
55206,1
55207,1
55208,0
55209,1
55210,1
55211,1
55212,0
55213,1
55214,1
55215,1
55216,1
55217,1
55218,0
55219,1
55220,1
55221,0
55222,1
55223,0
55224,1
55225,1
55226,0
55227,1
55228,1
55229,1
55230,1
55231,1
55232,1
55233,0
55234,1
55235,0
55236,1
55237,1
55238,1
55239,1
55240,1
55241,1
55242,1
55243,1
55244,0
55245,1
55246,0
55247,1
55248,0
55249,1
55250,1
55251,0
55252,0
55253,0
55254,0
55255,1
55256,0
55257,1
55258,1
55259,1
55260,1
55261,0
55262,1
55263,1
55264,1
55265,1
55266,1
55267,1
55268,0
55269,0
55270,1
55271,1
55272,1
55273,0
55274,1
55275,1
55276,0
55277,1
55278,0
55279,0
55280,1
55281,1
55282,1
55283,1
55284,1
55285,0
55286,1
55287,0
55288,1
55289,1
55290,1
55291,1
55292,0
55293,1
55294,1
55295,1
55296,1
55297,1
55298,1
55299,1
55300,1
55301,1
55302,0
55303,0
55304,1
55305,1
55306,0
55307,1
55308,1
55309,1
55310,0
55311,1
55312,1
55313,1
55314,0
55315,0
55316,1
55317,0
55318,1
55319,1
55320,1
55321,1
55322,0
55323,1
55324,0
55325,1
55326,1
55327,1
55328,0
55329,1
55330,1
55331,1
55332,1
55333,1
55334,0
55335,1
55336,1
55337,1
55338,0
55339,0
55340,1
55341,1
55342,1
55343,1
55344,1
55345,1
55346,0
55347,1
55348,0
55349,1
55350,0
55351,0
55352,1
55353,1
55354,1
55355,1
55356,1
55357,1
55358,1
55359,1
55360,1
55361,1
55362,1
55363,1
55364,1
55365,1
55366,1
55367,1
55368,1
55369,1
55370,0
55371,1
55372,1
55373,0
55374,0
55375,1
55376,1
55377,1
55378,0
55379,0
55380,1
55381,0
55382,1
55383,1
55384,1
55385,1
55386,1
55387,1
55388,0
55389,1
55390,1
55391,0
55392,1
55393,1
55394,1
55395,1
55396,1
55397,0
55398,1
55399,0
55400,1
55401,1
55402,0
55403,1
55404,1
55405,1
55406,1
55407,0
55408,1
55409,1
55410,0
55411,0
55412,0
55413,0
55414,0
55415,1
55416,0
55417,1
55418,1
55419,1
55420,1
55421,1
55422,1
55423,1
55424,1
55425,0
55426,1
55427,0
55428,1
55429,1
55430,1
55431,1
55432,1
55433,1
55434,1
55435,0
55436,0
55437,1
55438,1
55439,1
55440,1
55441,1
55442,1
55443,1
55444,1
55445,1
55446,1
55447,1
55448,1
55449,0
55450,1
55451,1
55452,0
55453,0
55454,1
55455,1
55456,1
55457,1
55458,0
55459,0
55460,1
55461,0
55462,1
55463,0
55464,1
55465,1
55466,0
55467,1
55468,0
55469,1
55470,0
55471,0
55472,1
55473,1
55474,1
55475,1
55476,0
55477,1
55478,1
55479,1
55480,1
55481,1
55482,1
55483,1
55484,1
55485,1
55486,1
55487,0
55488,0
55489,1
55490,1
55491,1
55492,0
55493,1
55494,1
55495,1
55496,1
55497,1
55498,1
55499,1
55500,0
55501,1
55502,1
55503,0
55504,1
55505,1
55506,1
55507,0
55508,0
55509,1
55510,1
55511,1
55512,1
55513,1
55514,1
55515,0
55516,1
55517,1
55518,1
55519,1
55520,1
55521,0
55522,1
55523,1
55524,1
55525,1
55526,1
55527,1
55528,0
55529,1
55530,0
55531,1
55532,0
55533,1
55534,1
55535,0
55536,0
55537,0
55538,1
55539,0
55540,0
55541,0
55542,1
55543,1
55544,1
55545,1
55546,1
55547,1
55548,1
55549,1
55550,0
55551,1
55552,1
55553,0
55554,1
55555,1
55556,0
55557,0
55558,1
55559,0
55560,1
55561,0
55562,1
55563,1
55564,1
55565,0
55566,1
55567,1
55568,1
55569,1
55570,0
55571,1
55572,1
55573,1
55574,1
55575,1
55576,1
55577,1
55578,1
55579,1
55580,1
55581,1
55582,0
55583,1
55584,1
55585,1
55586,1
55587,1
55588,1
55589,0
55590,1
55591,0
55592,1
55593,1
55594,0
55595,1
55596,1
55597,0
55598,1
55599,0
55600,1
55601,1
55602,1
55603,1
55604,1
55605,0
55606,0
55607,1
55608,1
55609,1
55610,0
55611,1
55612,0
55613,1
55614,0
55615,1
55616,1
55617,1
55618,1
55619,0
55620,1
55621,1
55622,1
55623,1
55624,0
55625,0
55626,0
55627,1
55628,0
55629,1
55630,1
55631,0
55632,0
55633,1
55634,1
55635,1
55636,1
55637,1
55638,1
55639,0
55640,0
55641,1
55642,0
55643,1
55644,1
55645,0
55646,1
55647,1
55648,1
55649,1
55650,0
55651,1
55652,1
55653,1
55654,1
55655,1
55656,1
55657,0
55658,1
55659,1
55660,1
55661,0
55662,1
55663,1
55664,1
55665,0
55666,1
55667,1
55668,1
55669,1
55670,1
55671,1
55672,0
55673,1
55674,1
55675,1
55676,1
55677,1
55678,1
55679,0
55680,0
55681,1
55682,1
55683,1
55684,1
55685,1
55686,0
55687,1
55688,1
55689,1
55690,1
55691,1
55692,1
55693,1
55694,1
55695,1
55696,1
55697,1
55698,1
55699,0
55700,1
55701,0
55702,1
55703,0
55704,1
55705,1
55706,1
55707,1
55708,1
55709,0
55710,1
55711,1
55712,0
55713,1
55714,1
55715,1
55716,1
55717,0
55718,0
55719,1
55720,1
55721,1
55722,1
55723,1
55724,0
55725,1
55726,1
55727,1
55728,0
55729,1
55730,1
55731,1
55732,1
55733,1
55734,1
55735,1
55736,1
55737,1
55738,0
55739,1
55740,1
55741,1
55742,1
55743,1
55744,1
55745,1
55746,1
55747,1
55748,0
55749,1
55750,1
55751,1
55752,1
55753,0
55754,0
55755,0
55756,1
55757,1
55758,1
55759,1
55760,0
55761,1
55762,1
55763,0
55764,1
55765,0
55766,1
55767,0
55768,0
55769,1
55770,1
55771,1
55772,1
55773,1
55774,1
55775,1
55776,0
55777,0
55778,1
55779,1
55780,1
55781,1
55782,1
55783,1
55784,1
55785,0
55786,0
55787,1
55788,1
55789,1
55790,1
55791,1
55792,1
55793,1
55794,1
55795,1
55796,1
55797,0
55798,1
55799,1
55800,1
55801,1
55802,1
55803,1
55804,1
55805,0
55806,1
55807,1
55808,0
55809,1
55810,1
55811,0
55812,0
55813,1
55814,1
55815,1
55816,1
55817,0
55818,0
55819,1
55820,1
55821,1
55822,1
55823,0
55824,1
55825,0
55826,0
55827,1
55828,1
55829,1
55830,0
55831,1
55832,1
55833,1
55834,0
55835,1
55836,0
55837,1
55838,1
55839,1
55840,1
55841,0
55842,1
55843,1
55844,1
55845,1
55846,1
55847,0
55848,1
55849,0
55850,1
55851,1
55852,1
55853,1
55854,1
55855,1
55856,0
55857,1
55858,1
55859,1
55860,1
55861,1
55862,1
55863,0
55864,1
55865,0
55866,1
55867,1
55868,1
55869,0
55870,1
55871,0
55872,1
55873,1
55874,1
55875,0
55876,1
55877,1
55878,0
55879,0
55880,1
55881,0
55882,1
55883,1
55884,1
55885,1
55886,1
55887,1
55888,1
55889,0
55890,1
55891,1
55892,1
55893,1
55894,1
55895,0
55896,0
55897,0
55898,1
55899,1
55900,0
55901,0
55902,1
55903,1
55904,1
55905,0
55906,1
55907,1
55908,1
55909,1
55910,1
55911,0
55912,1
55913,0
55914,1
55915,1
55916,1
55917,0
55918,0
55919,1
55920,1
55921,1
55922,0
55923,1
55924,1
55925,0
55926,1
55927,1
55928,1
55929,1
55930,1
55931,1
55932,1
55933,1
55934,1
55935,0
55936,1
55937,1
55938,1
55939,1
55940,1
55941,1
55942,1
55943,1
55944,0
55945,1
55946,1
55947,0
55948,1
55949,1
55950,1
55951,0
55952,0
55953,1
55954,1
55955,1
55956,1
55957,1
55958,1
55959,1
55960,0
55961,0
55962,0
55963,0
55964,1
55965,1
55966,0
55967,1
55968,1
55969,1
55970,1
55971,1
55972,1
55973,0
55974,1
55975,1
55976,1
55977,0
55978,1
55979,1
55980,1
55981,1
55982,1
55983,1
55984,1
55985,1
55986,1
55987,1
55988,1
55989,1
55990,1
55991,1
55992,0
55993,1
55994,1
55995,0
55996,0
55997,0
55998,0
55999,1
56000,0
56001,1
56002,1
56003,1
56004,0
56005,1
56006,1
56007,1
56008,0
56009,0
56010,0
56011,1
56012,1
56013,0
56014,1
56015,0
56016,1
56017,1
56018,1
56019,1
56020,0
56021,1
56022,1
56023,1
56024,1
56025,1
56026,1
56027,0
56028,1
56029,1
56030,0
56031,0
56032,1
56033,1
56034,1
56035,0
56036,1
56037,1
56038,1
56039,0
56040,1
56041,1
56042,1
56043,1
56044,0
56045,1
56046,1
56047,0
56048,0
56049,0
56050,1
56051,1
56052,1
56053,0
56054,1
56055,0
56056,0
56057,1
56058,1
56059,0
56060,0
56061,1
56062,0
56063,1
56064,0
56065,1
56066,1
56067,0
56068,1
56069,1
56070,1
56071,0
56072,1
56073,1
56074,1
56075,1
56076,0
56077,0
56078,1
56079,1
56080,1
56081,0
56082,1
56083,0
56084,1
56085,0
56086,1
56087,1
56088,1
56089,1
56090,1
56091,0
56092,1
56093,1
56094,1
56095,0
56096,0
56097,0
56098,1
56099,0
56100,1
56101,1
56102,1
56103,0
56104,0
56105,0
56106,1
56107,0
56108,1
56109,0
56110,1
56111,1
56112,0
56113,1
56114,1
56115,0
56116,0
56117,1
56118,0
56119,0
56120,1
56121,1
56122,1
56123,1
56124,0
56125,1
56126,1
56127,0
56128,1
56129,1
56130,0
56131,1
56132,1
56133,1
56134,1
56135,1
56136,0
56137,1
56138,1
56139,1
56140,0
56141,1
56142,1
56143,0
56144,1
56145,1
56146,0
56147,1
56148,1
56149,0
56150,0
56151,1
56152,0
56153,1
56154,1
56155,1
56156,1
56157,1
56158,1
56159,0
56160,1
56161,1
56162,1
56163,1
56164,1
56165,1
56166,1
56167,1
56168,0
56169,0
56170,1
56171,0
56172,1
56173,1
56174,1
56175,1
56176,1
56177,1
56178,1
56179,1
56180,1
56181,1
56182,1
56183,1
56184,1
56185,1
56186,1
56187,1
56188,1
56189,1
56190,0
56191,1
56192,1
56193,0
56194,0
56195,0
56196,1
56197,0
56198,0
56199,1
56200,0
56201,1
56202,1
56203,0
56204,1
56205,0
56206,0
56207,1
56208,1
56209,1
56210,0
56211,1
56212,1
56213,1
56214,1
56215,0
56216,1
56217,0
56218,1
56219,1
56220,1
56221,1
56222,1
56223,1
56224,0
56225,0
56226,1
56227,1
56228,1
56229,1
56230,0
56231,1
56232,1
56233,1
56234,1
56235,0
56236,1
56237,1
56238,0
56239,0
56240,1
56241,0
56242,1
56243,1
56244,0
56245,0
56246,1
56247,1
56248,0
56249,1
56250,1
56251,1
56252,1
56253,1
56254,0
56255,1
56256,0
56257,0
56258,0
56259,1
56260,1
56261,1
56262,1
56263,1
56264,1
56265,1
56266,1
56267,1
56268,1
56269,1
56270,0
56271,1
56272,1
56273,0
56274,0
56275,0
56276,1
56277,0
56278,1
56279,1
56280,0
56281,1
56282,0
56283,1
56284,1
56285,0
56286,0
56287,1
56288,1
56289,1
56290,1
56291,1
56292,1
56293,1
56294,1
56295,1
56296,0
56297,1
56298,1
56299,0
56300,1
56301,1
56302,1
56303,1
56304,1
56305,0
56306,1
56307,1
56308,1
56309,1
56310,1
56311,1
56312,1
56313,0
56314,0
56315,1
56316,1
56317,1
56318,1
56319,1
56320,0
56321,1
56322,1
56323,1
56324,1
56325,0
56326,1
56327,1
56328,1
56329,1
56330,1
56331,0
56332,1
56333,1
56334,1
56335,1
56336,1
56337,0
56338,1
56339,0
56340,0
56341,0
56342,1
56343,1
56344,1
56345,1
56346,1
56347,1
56348,0
56349,1
56350,0
56351,1
56352,1
56353,1
56354,1
56355,0
56356,1
56357,1
56358,1
56359,1
56360,0
56361,1
56362,1
56363,1
56364,1
56365,1
56366,1
56367,0
56368,1
56369,1
56370,1
56371,1
56372,1
56373,0
56374,1
56375,1
56376,1
56377,0
56378,0
56379,1
56380,1
56381,1
56382,1
56383,1
56384,1
56385,1
56386,1
56387,1
56388,1
56389,0
56390,1
56391,1
56392,1
56393,0
56394,1
56395,1
56396,0
56397,0
56398,0
56399,1
56400,1
56401,0
56402,1
56403,0
56404,1
56405,1
56406,1
56407,1
56408,1
56409,1
56410,1
56411,0
56412,1
56413,1
56414,1
56415,0
56416,1
56417,1
56418,1
56419,1
56420,1
56421,1
56422,1
56423,0
56424,1
56425,1
56426,1
56427,0
56428,1
56429,1
56430,1
56431,1
56432,1
56433,0
56434,1
56435,0
56436,0
56437,0
56438,1
56439,0
56440,0
56441,0
56442,1
56443,1
56444,0
56445,1
56446,1
56447,0
56448,1
56449,0
56450,0
56451,0
56452,0
56453,1
56454,1
56455,1
56456,1
56457,1
56458,0
56459,1
56460,1
56461,1
56462,0
56463,1
56464,1
56465,1
56466,1
56467,1
56468,1
56469,0
56470,1
56471,1
56472,0
56473,1
56474,0
56475,1
56476,1
56477,1
56478,1
56479,1
56480,1
56481,0
56482,0
56483,1
56484,1
56485,0
56486,1
56487,1
56488,1
56489,1
56490,1
56491,1
56492,1
56493,1
56494,1
56495,1
56496,1
56497,1
56498,0
56499,1
56500,1
56501,1
56502,0
56503,0
56504,1
56505,1
56506,1
56507,1
56508,0
56509,1
56510,0
56511,1
56512,0
56513,1
56514,1
56515,1
56516,1
56517,1
56518,1
56519,0
56520,1
56521,1
56522,1
56523,0
56524,1
56525,1
56526,0
56527,0
56528,1
56529,0
56530,1
56531,0
56532,1
56533,1
56534,0
56535,0
56536,0
56537,1
56538,1
56539,1
56540,1
56541,0
56542,0
56543,1
56544,0
56545,1
56546,1
56547,1
56548,1
56549,1
56550,1
56551,1
56552,1
56553,1
56554,0
56555,1
56556,1
56557,1
56558,0
56559,1
56560,1
56561,1
56562,1
56563,1
56564,1
56565,1
56566,0
56567,1
56568,1
56569,1
56570,1
56571,0
56572,0
56573,0
56574,1
56575,0
56576,0
56577,1
56578,1
56579,1
56580,1
56581,1
56582,0
56583,1
56584,1
56585,1
56586,0
56587,1
56588,1
56589,1
56590,1
56591,1
56592,0
56593,1
56594,0
56595,1
56596,0
56597,1
56598,0
56599,1
56600,0
56601,1
56602,1
56603,1
56604,0
56605,1
56606,1
56607,1
56608,1
56609,0
56610,0
56611,0
56612,1
56613,1
56614,1
56615,0
56616,1
56617,1
56618,1
56619,1
56620,1
56621,1
56622,0
56623,0
56624,1
56625,1
56626,1
56627,0
56628,1
56629,0
56630,1
56631,1
56632,1
56633,1
56634,0
56635,1
56636,1
56637,1
56638,1
56639,1
56640,1
56641,0
56642,0
56643,1
56644,1
56645,0
56646,0
56647,1
56648,1
56649,1
56650,0
56651,0
56652,1
56653,1
56654,1
56655,1
56656,0
56657,1
56658,1
56659,1
56660,0
56661,0
56662,1
56663,1
56664,0
56665,0
56666,0
56667,0
56668,1
56669,1
56670,0
56671,1
56672,0
56673,0
56674,1
56675,1
56676,0
56677,1
56678,1
56679,1
56680,0
56681,0
56682,1
56683,1
56684,1
56685,1
56686,1
56687,0
56688,0
56689,1
56690,1
56691,1
56692,1
56693,1
56694,1
56695,1
56696,0
56697,0
56698,0
56699,1
56700,1
56701,0
56702,1
56703,1
56704,1
56705,1
56706,1
56707,1
56708,0
56709,1
56710,1
56711,0
56712,1
56713,0
56714,0
56715,1
56716,1
56717,1
56718,1
56719,1
56720,1
56721,1
56722,1
56723,0
56724,1
56725,1
56726,1
56727,0
56728,1
56729,1
56730,0
56731,1
56732,1
56733,1
56734,1
56735,1
56736,1
56737,1
56738,1
56739,1
56740,1
56741,0
56742,1
56743,1
56744,1
56745,0
56746,1
56747,1
56748,0
56749,0
56750,1
56751,0
56752,1
56753,1
56754,0
56755,1
56756,1
56757,0
56758,1
56759,0
56760,0
56761,1
56762,1
56763,1
56764,1
56765,1
56766,1
56767,1
56768,1
56769,1
56770,1
56771,0
56772,1
56773,1
56774,1
56775,1
56776,1
56777,1
56778,0
56779,1
56780,1
56781,1
56782,1
56783,1
56784,1
56785,1
56786,1
56787,1
56788,1
56789,1
56790,0
56791,1
56792,1
56793,1
56794,0
56795,1
56796,1
56797,0
56798,1
56799,1
56800,1
56801,1
56802,1
56803,1
56804,0
56805,1
56806,1
56807,1
56808,1
56809,1
56810,1
56811,0
56812,0
56813,1
56814,1
56815,1
56816,0
56817,0
56818,1
56819,1
56820,0
56821,1
56822,0
56823,1
56824,0
56825,1
56826,1
56827,1
56828,1
56829,0
56830,0
56831,1
56832,1
56833,1
56834,1
56835,1
56836,1
56837,1
56838,0
56839,1
56840,1
56841,1
56842,1
56843,0
56844,1
56845,0
56846,1
56847,0
56848,1
56849,1
56850,1
56851,0
56852,1
56853,1
56854,1
56855,0
56856,1
56857,1
56858,1
56859,0
56860,0
56861,1
56862,1
56863,1
56864,1
56865,1
56866,1
56867,1
56868,1
56869,1
56870,0
56871,1
56872,0
56873,1
56874,0
56875,1
56876,1
56877,1
56878,1
56879,0
56880,0
56881,1
56882,1
56883,1
56884,1
56885,1
56886,0
56887,0
56888,1
56889,1
56890,1
56891,1
56892,1
56893,1
56894,1
56895,0
56896,1
56897,0
56898,1
56899,1
56900,0
56901,1
56902,1
56903,1
56904,1
56905,0
56906,1
56907,1
56908,0
56909,1
56910,0
56911,1
56912,0
56913,0
56914,1
56915,0
56916,0
56917,1
56918,1
56919,1
56920,1
56921,1
56922,1
56923,0
56924,1
56925,1
56926,1
56927,1
56928,1
56929,1
56930,0
56931,1
56932,1
56933,1
56934,1
56935,0
56936,1
56937,1
56938,1
56939,1
56940,0
56941,0
56942,1
56943,1
56944,1
56945,0
56946,0
56947,0
56948,0
56949,0
56950,1
56951,0
56952,0
56953,1
56954,0
56955,1
56956,1
56957,1
56958,1
56959,1
56960,1
56961,1
56962,1
56963,1
56964,1
56965,1
56966,0
56967,1
56968,1
56969,1
56970,0
56971,1
56972,1
56973,1
56974,1
56975,1
56976,1
56977,1
56978,1
56979,0
56980,1
56981,1
56982,0
56983,0
56984,1
56985,0
56986,1
56987,1
56988,0
56989,1
56990,1
56991,1
56992,1
56993,0
56994,1
56995,1
56996,1
56997,0
56998,1
56999,1
57000,1
57001,0
57002,1
57003,0
57004,1
57005,1
57006,1
57007,1
57008,1
57009,0
57010,1
57011,1
57012,0
57013,0
57014,1
57015,1
57016,1
57017,0
57018,1
57019,1
57020,1
57021,0
57022,1
57023,1
57024,0
57025,1
57026,1
57027,1
57028,1
57029,1
57030,1
57031,1
57032,1
57033,1
57034,1
57035,0
57036,1
57037,1
57038,1
57039,1
57040,1
57041,0
57042,0
57043,1
57044,0
57045,0
57046,0
57047,1
57048,1
57049,1
57050,1
57051,0
57052,1
57053,1
57054,1
57055,1
57056,1
57057,0
57058,1
57059,1
57060,1
57061,1
57062,0
57063,1
57064,1
57065,1
57066,1
57067,1
57068,0
57069,1
57070,1
57071,1
57072,1
57073,1
57074,1
57075,1
57076,1
57077,1
57078,0
57079,1
57080,1
57081,1
57082,1
57083,1
57084,0
57085,0
57086,0
57087,0
57088,1
57089,1
57090,1
57091,1
57092,1
57093,0
57094,1
57095,1
57096,1
57097,1
57098,1
57099,1
57100,1
57101,1
57102,0
57103,1
57104,1
57105,1
57106,0
57107,0
57108,1
57109,1
57110,1
57111,1
57112,1
57113,1
57114,1
57115,0
57116,1
57117,0
57118,0
57119,1
57120,1
57121,1
57122,1
57123,1
57124,1
57125,1
57126,1
57127,1
57128,0
57129,1
57130,0
57131,1
57132,0
57133,1
57134,1
57135,0
57136,1
57137,0
57138,1
57139,1
57140,1
57141,1
57142,1
57143,1
57144,1
57145,1
57146,1
57147,1
57148,0
57149,1
57150,0
57151,1
57152,1
57153,0
57154,1
57155,0
57156,1
57157,1
57158,1
57159,0
57160,0
57161,1
57162,1
57163,1
57164,1
57165,1
57166,0
57167,1
57168,1
57169,0
57170,0
57171,1
57172,0
57173,0
57174,0
57175,1
57176,1
57177,1
57178,1
57179,0
57180,0
57181,1
57182,1
57183,0
57184,0
57185,1
57186,0
57187,1
57188,1
57189,1
57190,1
57191,0
57192,1
57193,1
57194,1
57195,1
57196,1
57197,1
57198,0
57199,1
57200,0
57201,1
57202,0
57203,1
57204,0
57205,1
57206,0
57207,1
57208,0
57209,1
57210,1
57211,0
57212,1
57213,0
57214,0
57215,1
57216,1
57217,0
57218,1
57219,1
57220,0
57221,1
57222,1
57223,0
57224,1
57225,0
57226,0
57227,1
57228,0
57229,1
57230,1
57231,1
57232,1
57233,1
57234,1
57235,0
57236,1
57237,1
57238,0
57239,1
57240,0
57241,0
57242,0
57243,0
57244,0
57245,1
57246,1
57247,0
57248,1
57249,0
57250,0
57251,0
57252,1
57253,0
57254,1
57255,0
57256,0
57257,1
57258,1
57259,0
57260,0
57261,1
57262,0
57263,0
57264,0
57265,1
57266,1
57267,1
57268,0
57269,1
57270,1
57271,0
57272,0
57273,1
57274,1
57275,0
57276,0
57277,1
57278,0
57279,1
57280,1
57281,1
57282,1
57283,1
57284,1
57285,1
57286,1
57287,1
57288,0
57289,1
57290,0
57291,1
57292,0
57293,1
57294,1
57295,0
57296,1
57297,1
57298,1
57299,1
57300,0
57301,0
57302,1
57303,1
57304,1
57305,1
57306,1
57307,0
57308,1
57309,0
57310,0
57311,1
57312,1
57313,0
57314,1
57315,1
57316,0
57317,1
57318,1
57319,0
57320,0
57321,0
57322,1
57323,1
57324,1
57325,1
57326,1
57327,1
57328,1
57329,1
57330,1
57331,1
57332,0
57333,1
57334,1
57335,0
57336,1
57337,0
57338,0
57339,1
57340,1
57341,1
57342,1
57343,1
57344,1
57345,1
57346,1
57347,0
57348,1
57349,0
57350,0
57351,0
57352,1
57353,1
57354,0
57355,1
57356,0
57357,1
57358,1
57359,1
57360,0
57361,1
57362,0
57363,1
57364,1
57365,1
57366,0
57367,1
57368,1
57369,1
57370,1
57371,0
57372,1
57373,1
57374,0
57375,1
57376,0
57377,0
57378,1
57379,0
57380,0
57381,0
57382,1
57383,1
57384,0
57385,1
57386,1
57387,1
57388,0
57389,1
57390,1
57391,0
57392,1
57393,0
57394,1
57395,0
57396,0
57397,1
57398,0
57399,1
57400,1
57401,1
57402,1
57403,0
57404,1
57405,1
57406,1
57407,0
57408,0
57409,1
57410,1
57411,1
57412,1
57413,1
57414,0
57415,1
57416,1
57417,0
57418,0
57419,1
57420,1
57421,1
57422,0
57423,1
57424,1
57425,0
57426,1
57427,1
57428,0
57429,0
57430,1
57431,1
57432,1
57433,1
57434,1
57435,1
57436,0
57437,0
57438,1
57439,0
57440,1
57441,1
57442,1
57443,1
57444,1
57445,1
57446,1
57447,1
57448,1
57449,1
57450,1
57451,1
57452,1
57453,1
57454,1
57455,1
57456,1
57457,0
57458,1
57459,0
57460,1
57461,1
57462,1
57463,1
57464,1
57465,0
57466,0
57467,1
57468,0
57469,0
57470,1
57471,0
57472,0
57473,1
57474,1
57475,1
57476,1
57477,1
57478,0
57479,0
57480,1
57481,1
57482,1
57483,1
57484,1
57485,1
57486,1
57487,1
57488,0
57489,0
57490,1
57491,1
57492,1
57493,1
57494,0
57495,1
57496,1
57497,0
57498,1
57499,0
57500,1
57501,0
57502,1
57503,1
57504,1
57505,1
57506,1
57507,0
57508,0
57509,1
57510,0
57511,1
57512,1
57513,1
57514,0
57515,1
57516,0
57517,1
57518,0
57519,0
57520,0
57521,1
57522,1
57523,1
57524,1
57525,0
57526,0
57527,1
57528,1
57529,1
57530,0
57531,1
57532,1
57533,1
57534,1
57535,1
57536,1
57537,1
57538,1
57539,0
57540,1
57541,1
57542,0
57543,0
57544,0
57545,1
57546,1
57547,1
57548,1
57549,1
57550,1
57551,0
57552,1
57553,1
57554,1
57555,1
57556,0
57557,1
57558,1
57559,1
57560,0
57561,1
57562,1
57563,0
57564,0
57565,1
57566,1
57567,0
57568,1
57569,0
57570,0
57571,0
57572,1
57573,0
57574,1
57575,1
57576,1
57577,0
57578,1
57579,0
57580,1
57581,0
57582,1
57583,0
57584,1
57585,1
57586,1
57587,0
57588,1
57589,1
57590,0
57591,1
57592,1
57593,1
57594,1
57595,0
57596,0
57597,1
57598,0
57599,1
57600,0
57601,0
57602,0
57603,1
57604,1
57605,1
57606,0
57607,0
57608,0
57609,1
57610,0
57611,1
57612,1
57613,0
57614,1
57615,1
57616,1
57617,0
57618,1
57619,0
57620,1
57621,1
57622,1
57623,1
57624,0
57625,1
57626,1
57627,1
57628,0
57629,0
57630,1
57631,1
57632,1
57633,1
57634,1
57635,0
57636,1
57637,1
57638,1
57639,0
57640,1
57641,1
57642,0
57643,0
57644,1
57645,1
57646,1
57647,1
57648,1
57649,0
57650,1
57651,0
57652,0
57653,0
57654,1
57655,0
57656,1
57657,0
57658,1
57659,1
57660,0
57661,1
57662,1
57663,1
57664,1
57665,1
57666,0
57667,0
57668,1
57669,1
57670,0
57671,1
57672,1
57673,0
57674,1
57675,1
57676,0
57677,1
57678,1
57679,0
57680,1
57681,1
57682,0
57683,0
57684,0
57685,0
57686,1
57687,0
57688,0
57689,1
57690,1
57691,1
57692,1
57693,1
57694,0
57695,1
57696,1
57697,1
57698,1
57699,0
57700,1
57701,1
57702,1
57703,1
57704,0
57705,1
57706,1
57707,0
57708,0
57709,1
57710,1
57711,1
57712,1
57713,1
57714,1
57715,1
57716,0
57717,1
57718,1
57719,1
57720,0
57721,0
57722,1
57723,1
57724,1
57725,1
57726,0
57727,1
57728,1
57729,1
57730,1
57731,1
57732,1
57733,0
57734,1
57735,1
57736,0
57737,0
57738,1
57739,1
57740,1
57741,0
57742,1
57743,1
57744,1
57745,1
57746,1
57747,1
57748,0
57749,1
57750,1
57751,0
57752,0
57753,0
57754,1
57755,1
57756,1
57757,1
57758,0
57759,1
57760,0
57761,1
57762,0
57763,0
57764,1
57765,1
57766,1
57767,1
57768,0
57769,1
57770,1
57771,0
57772,1
57773,1
57774,1
57775,0
57776,0
57777,1
57778,0
57779,1
57780,1
57781,1
57782,1
57783,1
57784,0
57785,1
57786,1
57787,1
57788,1
57789,1
57790,1
57791,1
57792,0
57793,0
57794,0
57795,1
57796,1
57797,1
57798,1
57799,1
57800,0
57801,0
57802,1
57803,1
57804,1
57805,0
57806,1
57807,1
57808,1
57809,1
57810,1
57811,1
57812,0
57813,0
57814,1
57815,1
57816,1
57817,1
57818,1
57819,1
57820,0
57821,1
57822,0
57823,1
57824,1
57825,1
57826,0
57827,0
57828,0
57829,1
57830,1
57831,1
57832,1
57833,0
57834,1
57835,1
57836,1
57837,1
57838,1
57839,1
57840,1
57841,0
57842,0
57843,1
57844,1
57845,1
57846,1
57847,1
57848,0
57849,1
57850,0
57851,1
57852,0
57853,1
57854,0
57855,1
57856,1
57857,1
57858,0
57859,1
57860,1
57861,1
57862,1
57863,0
57864,1
57865,0
57866,1
57867,1
57868,1
57869,1
57870,0
57871,0
57872,1
57873,0
57874,1
57875,1
57876,1
57877,1
57878,1
57879,1
57880,0
57881,0
57882,0
57883,0
57884,1
57885,1
57886,1
57887,1
57888,0
57889,1
57890,1
57891,1
57892,1
57893,1
57894,1
57895,0
57896,1
57897,0
57898,0
57899,1
57900,1
57901,0
57902,1
57903,1
57904,1
57905,1
57906,1
57907,1
57908,1
57909,1
57910,1
57911,1
57912,1
57913,1
57914,0
57915,0
57916,0
57917,1
57918,1
57919,0
57920,1
57921,1
57922,1
57923,0
57924,1
57925,1
57926,0
57927,1
57928,0
57929,1
57930,1
57931,1
57932,0
57933,0
57934,0
57935,1
57936,1
57937,1
57938,1
57939,1
57940,1
57941,1
57942,0
57943,1
57944,1
57945,0
57946,1
57947,1
57948,1
57949,0
57950,0
57951,1
57952,0
57953,0
57954,1
57955,1
57956,0
57957,1
57958,0
57959,1
57960,1
57961,0
57962,1
57963,0
57964,1
57965,0
57966,1
57967,1
57968,1
57969,1
57970,1
57971,0
57972,1
57973,1
57974,1
57975,1
57976,1
57977,1
57978,1
57979,0
57980,0
57981,1
57982,1
57983,1
57984,0
57985,1
57986,1
57987,1
57988,1
57989,1
57990,1
57991,1
57992,0
57993,0
57994,0
57995,1
57996,0
57997,1
57998,1
57999,0
58000,1
58001,0
58002,1
58003,1
58004,0
58005,1
58006,1
58007,1
58008,1
58009,0
58010,1
58011,0
58012,0
58013,1
58014,0
58015,1
58016,1
58017,1
58018,1
58019,1
58020,1
58021,1
58022,0
58023,0
58024,1
58025,0
58026,1
58027,0
58028,0
58029,1
58030,1
58031,1
58032,0
58033,1
58034,1
58035,1
58036,1
58037,1
58038,0
58039,1
58040,1
58041,1
58042,1
58043,1
58044,1
58045,0
58046,1
58047,0
58048,0
58049,1
58050,1
58051,1
58052,1
58053,0
58054,0
58055,1
58056,1
58057,1
58058,0
58059,1
58060,1
58061,0
58062,0
58063,0
58064,1
58065,1
58066,1
58067,0
58068,0
58069,0
58070,1
58071,1
58072,1
58073,1
58074,1
58075,1
58076,1
58077,1
58078,1
58079,1
58080,0
58081,0
58082,1
58083,0
58084,0
58085,0
58086,0
58087,1
58088,0
58089,0
58090,1
58091,1
58092,1
58093,1
58094,1
58095,1
58096,1
58097,1
58098,1
58099,1
58100,0
58101,0
58102,0
58103,1
58104,0
58105,1
58106,1
58107,1
58108,1
58109,0
58110,0
58111,1
58112,0
58113,1
58114,1
58115,1
58116,1
58117,0
58118,1
58119,0
58120,0
58121,1
58122,0
58123,1
58124,0
58125,1
58126,1
58127,0
58128,1
58129,1
58130,0
58131,1
58132,1
58133,1
58134,1
58135,1
58136,0
58137,1
58138,0
58139,1
58140,1
58141,1
58142,0
58143,1
58144,1
58145,0
58146,1
58147,1
58148,0
58149,1
58150,1
58151,0
58152,0
58153,0
58154,1
58155,1
58156,0
58157,1
58158,1
58159,1
58160,1
58161,0
58162,1
58163,1
58164,1
58165,1
58166,0
58167,0
58168,1
58169,1
58170,1
58171,1
58172,0
58173,1
58174,0
58175,1
58176,0
58177,1
58178,1
58179,1
58180,1
58181,0
58182,0
58183,1
58184,1
58185,1
58186,1
58187,1
58188,1
58189,1
58190,0
58191,0
58192,1
58193,0
58194,0
58195,0
58196,0
58197,1
58198,0
58199,0
58200,1
58201,0
58202,1
58203,0
58204,1
58205,0
58206,1
58207,1
58208,0
58209,1
58210,1
58211,1
58212,1
58213,1
58214,1
58215,0
58216,0
58217,1
58218,1
58219,1
58220,1
58221,0
58222,1
58223,1
58224,1
58225,1
58226,1
58227,0
58228,1
58229,1
58230,1
58231,1
58232,0
58233,0
58234,1
58235,1
58236,0
58237,1
58238,0
58239,1
58240,1
58241,1
58242,1
58243,1
58244,1
58245,1
58246,1
58247,1
58248,0
58249,1
58250,1
58251,1
58252,0
58253,1
58254,1
58255,1
58256,1
58257,1
58258,1
58259,1
58260,0
58261,1
58262,1
58263,0
58264,1
58265,1
58266,0
58267,1
58268,0
58269,1
58270,1
58271,1
58272,0
58273,1
58274,1
58275,0
58276,1
58277,1
58278,1
58279,0
58280,1
58281,1
58282,0
58283,0
58284,1
58285,1
58286,1
58287,1
58288,1
58289,1
58290,1
58291,1
58292,1
58293,0
58294,1
58295,1
58296,0
58297,1
58298,1
58299,0
58300,1
58301,1
58302,1
58303,0
58304,0
58305,0
58306,1
58307,1
58308,0
58309,0
58310,1
58311,1
58312,0
58313,1
58314,1
58315,0
58316,1
58317,1
58318,0
58319,1
58320,1
58321,1
58322,1
58323,1
58324,1
58325,1
58326,0
58327,1
58328,1
58329,0
58330,0
58331,0
58332,1
58333,1
58334,1
58335,0
58336,0
58337,1
58338,0
58339,1
58340,1
58341,1
58342,1
58343,1
58344,1
58345,1
58346,1
58347,1
58348,1
58349,1
58350,1
58351,1
58352,1
58353,0
58354,1
58355,0
58356,1
58357,1
58358,0
58359,0
58360,1
58361,1
58362,0
58363,1
58364,1
58365,1
58366,1
58367,1
58368,1
58369,1
58370,1
58371,1
58372,1
58373,0
58374,0
58375,1
58376,1
58377,1
58378,1
58379,1
58380,1
58381,1
58382,1
58383,0
58384,1
58385,1
58386,1
58387,1
58388,1
58389,1
58390,1
58391,1
58392,0
58393,1
58394,1
58395,0
58396,1
58397,1
58398,1
58399,1
58400,1
58401,1
58402,1
58403,1
58404,1
58405,1
58406,1
58407,1
58408,1
58409,1
58410,1
58411,1
58412,1
58413,1
58414,1
58415,1
58416,1
58417,1
58418,1
58419,1
58420,1
58421,1
58422,1
58423,1
58424,0
58425,1
58426,1
58427,0
58428,0
58429,0
58430,1
58431,1
58432,1
58433,1
58434,1
58435,0
58436,1
58437,1
58438,0
58439,1
58440,1
58441,1
58442,1
58443,1
58444,1
58445,0
58446,1
58447,1
58448,1
58449,1
58450,0
58451,0
58452,1
58453,1
58454,0
58455,1
58456,1
58457,1
58458,1
58459,1
58460,1
58461,1
58462,1
58463,1
58464,1
58465,1
58466,1
58467,1
58468,1
58469,1
58470,1
58471,1
58472,1
58473,1
58474,1
58475,1
58476,0
58477,1
58478,0
58479,1
58480,1
58481,0
58482,0
58483,1
58484,0
58485,1
58486,0
58487,0
58488,1
58489,1
58490,1
58491,1
58492,1
58493,0
58494,1
58495,1
58496,1
58497,1
58498,1
58499,0
58500,1
58501,1
58502,1
58503,1
58504,1
58505,1
58506,0
58507,0
58508,1
58509,0
58510,1
58511,1
58512,0
58513,1
58514,1
58515,1
58516,1
58517,1
58518,1
58519,1
58520,1
58521,1
58522,0
58523,1
58524,1
58525,1
58526,1
58527,0
58528,0
58529,0
58530,1
58531,1
58532,1
58533,1
58534,1
58535,0
58536,1
58537,0
58538,1
58539,0
58540,1
58541,1
58542,1
58543,0
58544,1
58545,0
58546,1
58547,0
58548,1
58549,1
58550,1
58551,0
58552,0
58553,0
58554,1
58555,0
58556,1
58557,1
58558,0
58559,1
58560,0
58561,1
58562,1
58563,1
58564,1
58565,1
58566,0
58567,1
58568,0
58569,1
58570,1
58571,0
58572,1
58573,1
58574,1
58575,1
58576,1
58577,1
58578,1
58579,0
58580,1
58581,1
58582,0
58583,0
58584,1
58585,1
58586,0
58587,1
58588,1
58589,1
58590,1
58591,1
58592,1
58593,1
58594,1
58595,1
58596,1
58597,1
58598,1
58599,1
58600,1
58601,0
58602,1
58603,1
58604,1
58605,1
58606,0
58607,0
58608,1
58609,1
58610,1
58611,0
58612,1
58613,1
58614,0
58615,1
58616,1
58617,1
58618,1
58619,1
58620,1
58621,1
58622,1
58623,0
58624,0
58625,1
58626,1
58627,0
58628,1
58629,1
58630,0
58631,1
58632,0
58633,1
58634,1
58635,0
58636,0
58637,1
58638,1
58639,0
58640,0
58641,1
58642,1
58643,1
58644,1
58645,0
58646,0
58647,1
58648,1
58649,1
58650,1
58651,0
58652,0
58653,1
58654,0
58655,1
58656,0
58657,1
58658,1
58659,0
58660,1
58661,1
58662,1
58663,0
58664,0
58665,1
58666,0
58667,1
58668,1
58669,1
58670,1
58671,1
58672,0
58673,1
58674,1
58675,0
58676,1
58677,1
58678,1
58679,1
58680,0
58681,1
58682,1
58683,0
58684,1
58685,0
58686,1
58687,1
58688,1
58689,1
58690,1
58691,1
58692,1
58693,1
58694,1
58695,1
58696,1
58697,1
58698,1
58699,1
58700,1
58701,1
58702,1
58703,1
58704,0
58705,1
58706,1
58707,0
58708,1
58709,1
58710,0
58711,1
58712,1
58713,0
58714,0
58715,0
58716,1
58717,1
58718,0
58719,1
58720,1
58721,1
58722,1
58723,0
58724,1
58725,1
58726,1
58727,1
58728,0
58729,0
58730,0
58731,1
58732,0
58733,0
58734,0
58735,1
58736,0
58737,1
58738,0
58739,1
58740,0
58741,1
58742,1
58743,1
58744,1
58745,1
58746,1
58747,1
58748,1
58749,1
58750,0
58751,1
58752,0
58753,1
58754,1
58755,1
58756,1
58757,1
58758,1
58759,1
58760,1
58761,1
58762,0
58763,1
58764,1
58765,1
58766,1
58767,0
58768,0
58769,1
58770,1
58771,1
58772,0
58773,1
58774,1
58775,1
58776,1
58777,1
58778,1
58779,0
58780,1
58781,1
58782,1
58783,1
58784,1
58785,1
58786,1
58787,0
58788,1
58789,0
58790,0
58791,1
58792,1
58793,0
58794,1
58795,1
58796,1
58797,1
58798,1
58799,0
58800,1
58801,0
58802,1
58803,1
58804,1
58805,1
58806,1
58807,1
58808,1
58809,0
58810,1
58811,0
58812,1
58813,0
58814,0
58815,0
58816,0
58817,0
58818,1
58819,1
58820,1
58821,1
58822,1
58823,1
58824,1
58825,1
58826,1
58827,1
58828,1
58829,1
58830,1
58831,1
58832,1
58833,0
58834,0
58835,1
58836,1
58837,0
58838,1
58839,1
58840,1
58841,1
58842,0
58843,1
58844,0
58845,1
58846,1
58847,1
58848,1
58849,1
58850,0
58851,0
58852,0
58853,1
58854,1
58855,1
58856,1
58857,0
58858,1
58859,1
58860,1
58861,1
58862,1
58863,0
58864,0
58865,0
58866,1
58867,1
58868,0
58869,1
58870,1
58871,1
58872,1
58873,1
58874,1
58875,1
58876,1
58877,1
58878,1
58879,0
58880,1
58881,0
58882,1
58883,0
58884,1
58885,0
58886,1
58887,1
58888,0
58889,0
58890,1
58891,1
58892,1
58893,0
58894,1
58895,1
58896,1
58897,0
58898,1
58899,1
58900,1
58901,1
58902,1
58903,1
58904,0
58905,1
58906,0
58907,1
58908,1
58909,1
58910,0
58911,1
58912,1
58913,1
58914,1
58915,1
58916,0
58917,1
58918,1
58919,0
58920,0
58921,1
58922,1
58923,0
58924,1
58925,1
58926,0
58927,1
58928,0
58929,1
58930,1
58931,1
58932,0
58933,1
58934,1
58935,1
58936,1
58937,1
58938,1
58939,1
58940,1
58941,0
58942,1
58943,1
58944,0
58945,1
58946,0
58947,1
58948,1
58949,1
58950,1
58951,0
58952,1
58953,1
58954,1
58955,1
58956,1
58957,1
58958,1
58959,0
58960,1
58961,1
58962,0
58963,1
58964,1
58965,1
58966,1
58967,1
58968,1
58969,1
58970,1
58971,1
58972,1
58973,1
58974,1
58975,1
58976,0
58977,1
58978,1
58979,1
58980,1
58981,1
58982,1
58983,1
58984,1
58985,1
58986,1
58987,0
58988,1
58989,1
58990,1
58991,1
58992,1
58993,1
58994,1
58995,1
58996,0
58997,0
58998,1
58999,1
59000,0
59001,1
59002,1
59003,1
59004,0
59005,1
59006,0
59007,1
59008,1
59009,0
59010,0
59011,0
59012,0
59013,1
59014,1
59015,1
59016,1
59017,0
59018,1
59019,1
59020,1
59021,0
59022,1
59023,1
59024,1
59025,1
59026,0
59027,1
59028,0
59029,1
59030,1
59031,1
59032,0
59033,0
59034,1
59035,1
59036,1
59037,1
59038,1
59039,1
59040,0
59041,1
59042,1
59043,0
59044,0
59045,0
59046,1
59047,1
59048,0
59049,1
59050,1
59051,0
59052,1
59053,1
59054,0
59055,1
59056,0
59057,0
59058,1
59059,0
59060,0
59061,1
59062,1
59063,1
59064,1
59065,0
59066,1
59067,0
59068,1
59069,1
59070,0
59071,0
59072,1
59073,1
59074,0
59075,1
59076,1
59077,0
59078,0
59079,0
59080,1
59081,0
59082,1
59083,1
59084,1
59085,1
59086,0
59087,1
59088,1
59089,1
59090,1
59091,1
59092,1
59093,1
59094,1
59095,1
59096,0
59097,1
59098,1
59099,0
59100,0
59101,1
59102,1
59103,0
59104,1
59105,1
59106,0
59107,0
59108,0
59109,0
59110,1
59111,1
59112,0
59113,1
59114,1
59115,1
59116,1
59117,1
59118,1
59119,1
59120,1
59121,1
59122,1
59123,1
59124,0
59125,1
59126,1
59127,1
59128,1
59129,1
59130,0
59131,1
59132,1
59133,1
59134,1
59135,1
59136,0
59137,1
59138,0
59139,1
59140,0
59141,0
59142,1
59143,1
59144,0
59145,0
59146,1
59147,1
59148,1
59149,1
59150,1
59151,1
59152,0
59153,1
59154,1
59155,0
59156,0
59157,1
59158,1
59159,0
59160,0
59161,1
59162,1
59163,1
59164,1
59165,0
59166,1
59167,1
59168,1
59169,1
59170,1
59171,0
59172,0
59173,1
59174,1
59175,1
59176,1
59177,1
59178,0
59179,1
59180,0
59181,0
59182,1
59183,1
59184,1
59185,1
59186,1
59187,1
59188,0
59189,0
59190,0
59191,1
59192,1
59193,0
59194,1
59195,1
59196,1
59197,1
59198,1
59199,0
59200,0
59201,1
59202,1
59203,1
59204,1
59205,0
59206,0
59207,1
59208,1
59209,0
59210,1
59211,1
59212,1
59213,1
59214,0
59215,1
59216,1
59217,1
59218,0
59219,0
59220,1
59221,1
59222,1
59223,1
59224,1
59225,1
59226,1
59227,0
59228,1
59229,1
59230,1
59231,1
59232,1
59233,1
59234,1
59235,1
59236,1
59237,1
59238,0
59239,1
59240,1
59241,1
59242,0
59243,1
59244,0
59245,1
59246,1
59247,0
59248,1
59249,1
59250,0
59251,1
59252,1
59253,1
59254,1
59255,1
59256,1
59257,1
59258,1
59259,1
59260,1
59261,1
59262,1
59263,0
59264,1
59265,1
59266,0
59267,1
59268,0
59269,1
59270,1
59271,1
59272,1
59273,1
59274,1
59275,1
59276,0
59277,0
59278,1
59279,1
59280,1
59281,1
59282,0
59283,0
59284,0
59285,1
59286,1
59287,1
59288,0
59289,0
59290,0
59291,1
59292,1
59293,1
59294,0
59295,0
59296,1
59297,0
59298,1
59299,1
59300,1
59301,1
59302,1
59303,1
59304,1
59305,1
59306,1
59307,1
59308,1
59309,1
59310,1
59311,1
59312,1
59313,1
59314,1
59315,1
59316,1
59317,1
59318,1
59319,1
59320,0
59321,1
59322,0
59323,1
59324,1
59325,0
59326,1
59327,1
59328,1
59329,1
59330,1
59331,1
59332,1
59333,1
59334,0
59335,1
59336,0
59337,1
59338,1
59339,0
59340,0
59341,1
59342,1
59343,0
59344,1
59345,1
59346,0
59347,1
59348,1
59349,1
59350,1
59351,1
59352,1
59353,1
59354,1
59355,0
59356,1
59357,1
59358,1
59359,1
59360,1
59361,1
59362,0
59363,1
59364,0
59365,1
59366,1
59367,1
59368,0
59369,1
59370,1
59371,1
59372,1
59373,1
59374,1
59375,1
59376,1
59377,0
59378,0
59379,1
59380,1
59381,1
59382,1
59383,1
59384,1
59385,1
59386,0
59387,0
59388,0
59389,1
59390,1
59391,1
59392,1
59393,0
59394,1
59395,1
59396,1
59397,0
59398,1
59399,0
59400,0
59401,1
59402,1
59403,1
59404,1
59405,1
59406,0
59407,1
59408,1
59409,1
59410,0
59411,0
59412,1
59413,1
59414,1
59415,1
59416,0
59417,1
59418,0
59419,1
59420,1
59421,1
59422,1
59423,1
59424,0
59425,0
59426,1
59427,0
59428,1
59429,0
59430,1
59431,1
59432,0
59433,1
59434,1
59435,0
59436,1
59437,0
59438,0
59439,0
59440,1
59441,1
59442,1
59443,1
59444,0
59445,0
59446,1
59447,1
59448,1
59449,0
59450,1
59451,1
59452,0
59453,1
59454,0
59455,1
59456,0
59457,1
59458,1
59459,1
59460,1
59461,0
59462,1
59463,1
59464,1
59465,0
59466,1
59467,1
59468,1
59469,1
59470,1
59471,0
59472,1
59473,0
59474,0
59475,1
59476,1
59477,1
59478,1
59479,1
59480,1
59481,0
59482,1
59483,0
59484,1
59485,1
59486,1
59487,0
59488,1
59489,1
59490,1
59491,1
59492,0
59493,1
59494,1
59495,0
59496,0
59497,0
59498,0
59499,1
59500,0
59501,1
59502,1
59503,1
59504,0
59505,1
59506,1
59507,1
59508,1
59509,1
59510,1
59511,1
59512,1
59513,1
59514,1
59515,0
59516,1
59517,1
59518,0
59519,0
59520,1
59521,0
59522,1
59523,1
59524,1
59525,1
59526,1
59527,1
59528,0
59529,1
59530,1
59531,0
59532,1
59533,1
59534,1
59535,1
59536,1
59537,0
59538,0
59539,1
59540,1
59541,1
59542,1
59543,1
59544,1
59545,1
59546,1
59547,0
59548,1
59549,1
59550,1
59551,1
59552,1
59553,1
59554,1
59555,1
59556,0
59557,0
59558,0
59559,1
59560,1
59561,1
59562,0
59563,1
59564,1
59565,1
59566,1
59567,1
59568,1
59569,1
59570,1
59571,0
59572,1
59573,0
59574,1
59575,1
59576,1
59577,1
59578,0
59579,1
59580,1
59581,1
59582,1
59583,1
59584,1
59585,0
59586,1
59587,1
59588,1
59589,1
59590,0
59591,0
59592,0
59593,0
59594,1
59595,1
59596,1
59597,0
59598,0
59599,0
59600,1
59601,1
59602,1
59603,1
59604,1
59605,1
59606,1
59607,1
59608,0
59609,1
59610,0
59611,1
59612,1
59613,1
59614,0
59615,1
59616,0
59617,1
59618,0
59619,0
59620,1
59621,1
59622,1
59623,1
59624,0
59625,1
59626,1
59627,1
59628,1
59629,1
59630,1
59631,1
59632,1
59633,0
59634,0
59635,0
59636,1
59637,0
59638,1
59639,1
59640,1
59641,1
59642,1
59643,0
59644,1
59645,1
59646,1
59647,0
59648,1
59649,0
59650,0
59651,1
59652,0
59653,0
59654,0
59655,1
59656,0
59657,1
59658,1
59659,1
59660,0
59661,1
59662,1
59663,0
59664,0
59665,1
59666,0
59667,1
59668,1
59669,0
59670,1
59671,1
59672,1
59673,0
59674,0
59675,1
59676,1
59677,0
59678,1
59679,1
59680,1
59681,0
59682,0
59683,0
59684,1
59685,0
59686,1
59687,0
59688,1
59689,0
59690,1
59691,1
59692,0
59693,1
59694,0
59695,1
59696,1
59697,1
59698,1
59699,0
59700,1
59701,1
59702,1
59703,1
59704,1
59705,1
59706,1
59707,1
59708,1
59709,1
59710,1
59711,1
59712,1
59713,1
59714,0
59715,1
59716,1
59717,1
59718,1
59719,1
59720,1
59721,1
59722,1
59723,1
59724,0
59725,1
59726,1
59727,1
59728,1
59729,0
59730,0
59731,0
59732,1
59733,1
59734,1
59735,1
59736,1
59737,1
59738,0
59739,0
59740,1
59741,1
59742,1
59743,1
59744,1
59745,1
59746,1
59747,0
59748,1
59749,1
59750,1
59751,0
59752,1
59753,1
59754,1
59755,0
59756,1
59757,1
59758,1
59759,1
59760,1
59761,1
59762,1
59763,1
59764,1
59765,1
59766,1
59767,1
59768,1
59769,1
59770,1
59771,1
59772,1
59773,1
59774,1
59775,1
59776,1
59777,1
59778,1
59779,0
59780,1
59781,0
59782,1
59783,0
59784,0
59785,1
59786,0
59787,0
59788,0
59789,1
59790,0
59791,0
59792,0
59793,1
59794,1
59795,1
59796,1
59797,1
59798,1
59799,1
59800,1
59801,0
59802,1
59803,1
59804,1
59805,1
59806,0
59807,1
59808,1
59809,1
59810,0
59811,0
59812,1
59813,1
59814,1
59815,1
59816,0
59817,1
59818,1
59819,1
59820,0
59821,1
59822,1
59823,0
59824,1
59825,1
59826,1
59827,0
59828,0
59829,1
59830,1
59831,0
59832,1
59833,1
59834,1
59835,0
59836,1
59837,1
59838,1
59839,1
59840,0
59841,1
59842,0
59843,1
59844,1
59845,0
59846,1
59847,0
59848,0
59849,1
59850,1
59851,0
59852,1
59853,0
59854,1
59855,1
59856,0
59857,1
59858,1
59859,1
59860,1
59861,0
59862,1
59863,1
59864,1
59865,0
59866,1
59867,1
59868,0
59869,0
59870,1
59871,0
59872,1
59873,1
59874,1
59875,1
59876,0
59877,1
59878,0
59879,1
59880,1
59881,0
59882,1
59883,0
59884,1
59885,0
59886,1
59887,1
59888,1
59889,1
59890,1
59891,1
59892,1
59893,1
59894,1
59895,1
59896,0
59897,1
59898,0
59899,1
59900,1
59901,1
59902,1
59903,1
59904,1
59905,1
59906,1
59907,1
59908,1
59909,1
59910,1
59911,1
59912,1
59913,1
59914,1
59915,1
59916,0
59917,1
59918,1
59919,1
59920,1
59921,1
59922,1
59923,0
59924,0
59925,1
59926,0
59927,1
59928,1
59929,1
59930,1
59931,1
59932,0
59933,1
59934,1
59935,1
59936,1
59937,1
59938,1
59939,1
59940,1
59941,1
59942,1
59943,1
59944,1
59945,1
59946,1
59947,0
59948,0
59949,1
59950,1
59951,1
59952,1
59953,0
59954,1
59955,1
59956,1
59957,0
59958,1
59959,0
59960,0
59961,1
59962,1
59963,1
59964,1
59965,1
59966,0
59967,0
59968,1
59969,1
59970,0
59971,0
59972,0
59973,0
59974,1
59975,0
59976,1
59977,0
59978,1
59979,1
59980,1
59981,1
59982,1
59983,1
59984,1
59985,1
59986,1
59987,1
59988,0
59989,0
59990,1
59991,1
59992,0
59993,1
59994,1
59995,0
59996,1
59997,0
59998,1
59999,0
60000,1
60001,1
60002,1
60003,1
60004,1
60005,0
60006,1
60007,0
60008,1
60009,1
60010,1
60011,1
60012,1
60013,1
60014,0
60015,1
60016,1
60017,1
60018,1
60019,0
60020,1
60021,0
60022,0
60023,1
60024,1
60025,0
60026,0
60027,1
60028,1
60029,1
60030,1
60031,1
60032,1
60033,1
60034,1
60035,1
60036,1
60037,0
60038,0
60039,1
60040,1
60041,0
60042,0
60043,0
60044,1
60045,1
60046,1
60047,0
60048,0
60049,1
60050,1
60051,1
60052,1
60053,1
60054,1
60055,1
60056,1
60057,1
60058,0
60059,0
60060,1
60061,0
60062,1
60063,1
60064,1
60065,0
60066,1
60067,1
60068,1
60069,1
60070,0
60071,1
60072,1
60073,1
60074,0
60075,0
60076,0
60077,1
60078,1
60079,1
60080,1
60081,1
60082,1
60083,1
60084,1
60085,0
60086,1
60087,0
60088,1
60089,1
60090,0
60091,1
60092,0
60093,1
60094,1
60095,1
60096,1
60097,1
60098,1
60099,1
60100,1
60101,1
60102,1
60103,1
60104,0
60105,1
60106,0
60107,0
60108,0
60109,0
60110,1
60111,0
60112,0
60113,1
60114,0
60115,1
60116,1
60117,0
60118,1
60119,0
60120,1
60121,1
60122,1
60123,1
60124,1
60125,1
60126,1
60127,0
60128,0
60129,1
60130,1
60131,0
60132,0
60133,1
60134,1
60135,1
60136,0
60137,1
60138,1
60139,0
60140,1
60141,1
60142,1
60143,1
60144,0
60145,1
60146,0
60147,0
60148,1
60149,1
60150,1
60151,1
60152,1
60153,1
60154,1
60155,1
60156,1
60157,0
60158,0
60159,0
60160,1
60161,0
60162,0
60163,0
60164,1
60165,0
60166,1
60167,0
60168,1
60169,1
60170,1
60171,1
60172,1
60173,1
60174,1
60175,0
60176,0
60177,1
60178,0
60179,1
60180,0
60181,1
60182,1
60183,1
60184,1
60185,1
60186,1
60187,1
60188,1
60189,1
60190,1
60191,1
60192,1
60193,1
60194,1
60195,1
60196,1
60197,1
60198,1
60199,1
60200,1
60201,0
60202,0
60203,1
60204,1
60205,0
60206,1
60207,1
60208,1
60209,1
60210,1
60211,1
60212,1
60213,1
60214,0
60215,1
60216,0
60217,0
60218,0
60219,1
60220,1
60221,0
60222,0
60223,1
60224,0
60225,0
60226,1
60227,1
60228,1
60229,1
60230,0
60231,0
60232,1
60233,0
60234,1
60235,0
60236,1
60237,1
60238,0
60239,1
60240,1
60241,1
60242,1
60243,1
60244,1
60245,1
60246,0
60247,0
60248,1
60249,1
60250,1
60251,1
60252,1
60253,0
60254,1
60255,0
60256,1
60257,1
60258,1
60259,0
60260,1
60261,1
60262,1
60263,1
60264,0
60265,1
60266,0
60267,1
60268,1
60269,1
60270,1
60271,1
60272,1
60273,1
60274,0
60275,1
60276,0
60277,1
60278,0
60279,1
60280,1
60281,0
60282,1
60283,1
60284,0
60285,1
60286,1
60287,1
60288,0
60289,1
60290,1
60291,0
60292,0
60293,1
60294,0
60295,0
60296,1
60297,0
60298,1
60299,0
60300,0
60301,1
60302,1
60303,1
60304,1
60305,1
60306,1
60307,1
60308,0
60309,1
60310,1
60311,0
60312,1
60313,1
60314,1
60315,1
60316,1
60317,1
60318,1
60319,1
60320,0
60321,1
60322,1
60323,1
60324,1
60325,0
60326,0
60327,0
60328,1
60329,1
60330,1
60331,0
60332,0
60333,0
60334,0
60335,1
60336,1
60337,0
60338,0
60339,1
60340,1
60341,1
60342,0
60343,0
60344,1
60345,1
60346,1
60347,1
60348,1
60349,1
60350,0
60351,1
60352,1
60353,1
60354,1
60355,1
60356,1
60357,0
60358,0
60359,1
60360,1
60361,1
60362,1
60363,1
60364,1
60365,0
60366,1
60367,0
60368,1
60369,1
60370,1
60371,1
60372,1
60373,1
60374,1
60375,1
60376,0
60377,1
60378,1
60379,1
60380,0
60381,0
60382,1
60383,0
60384,1
60385,1
60386,1
60387,1
60388,1
60389,1
60390,1
60391,1
60392,1
60393,1
60394,1
60395,1
60396,1
60397,0
60398,1
60399,0
60400,1
60401,0
60402,0
60403,0
60404,1
60405,0
60406,1
60407,0
60408,0
60409,1
60410,1
60411,1
60412,1
60413,0
60414,1
60415,1
60416,1
60417,0
60418,1
60419,1
60420,1
60421,1
60422,1
60423,1
60424,1
60425,1
60426,0
60427,1
60428,1
60429,0
60430,0
60431,1
60432,0
60433,1
60434,0
60435,0
60436,1
60437,1
60438,1
60439,1
60440,1
60441,1
60442,1
60443,0
60444,1
60445,1
60446,0
60447,1
60448,1
60449,0
60450,1
60451,1
60452,1
60453,1
60454,1
60455,1
60456,1
60457,1
60458,0
60459,0
60460,1
60461,0
60462,0
60463,0
60464,1
60465,1
60466,0
60467,1
60468,1
60469,1
60470,1
60471,1
60472,0
60473,1
60474,0
60475,0
60476,1
60477,0
60478,1
60479,1
60480,1
60481,1
60482,1
60483,1
60484,0
60485,0
60486,1
60487,1
60488,1
60489,1
60490,0
60491,0
60492,0
60493,1
60494,1
60495,1
60496,0
60497,0
60498,0
60499,1
60500,1
60501,1
60502,1
60503,1
60504,1
60505,0
60506,0
60507,1
60508,1
60509,0
60510,0
60511,1
60512,0
60513,1
60514,0
60515,0
60516,1
60517,1
60518,0
60519,0
60520,1
60521,0
60522,0
60523,0
60524,1
60525,0
60526,1
60527,1
60528,0
60529,1
60530,0
60531,1
60532,1
60533,0
60534,1
60535,1
60536,1
60537,1
60538,0
60539,1
60540,1
60541,0
60542,0
60543,1
60544,1
60545,1
60546,0
60547,1
60548,0
60549,0
60550,1
60551,1
60552,1
60553,1
60554,1
60555,0
60556,1
60557,1
60558,1
60559,0
60560,1
60561,1
60562,1
60563,0
60564,1
60565,1
60566,1
60567,1
60568,0
60569,0
60570,1
60571,1
60572,1
60573,0
60574,1
60575,1
60576,0
60577,1
60578,1
60579,1
60580,0
60581,1
60582,0
60583,1
60584,1
60585,1
60586,0
60587,0
60588,1
60589,1
60590,1
60591,1
60592,1
60593,1
60594,1
60595,1
60596,0
60597,0
60598,1
60599,1
60600,1
60601,1
60602,1
60603,1
60604,1
60605,0
60606,1
60607,0
60608,0
60609,1
60610,1
60611,1
60612,1
60613,1
60614,1
60615,1
60616,1
60617,1
60618,1
60619,1
60620,1
60621,1
60622,0
60623,1
60624,1
60625,1
60626,1
60627,1
60628,0
60629,1
60630,0
60631,1
60632,0
60633,1
60634,1
60635,1
60636,1
60637,1
60638,1
60639,1
60640,1
60641,0
60642,0
60643,1
60644,1
60645,1
60646,0
60647,1
60648,1
60649,1
60650,1
60651,1
60652,0
60653,1
60654,0
60655,1
60656,1
60657,1
60658,1
60659,1
60660,1
60661,0
60662,0
60663,1
60664,1
60665,0
60666,1
60667,0
60668,1
60669,0
60670,0
60671,1
60672,1
60673,1
60674,0
60675,1
60676,0
60677,0
60678,1
60679,1
60680,0
60681,1
60682,1
60683,1
60684,0
60685,1
60686,0
60687,1
60688,0
60689,0
60690,0
60691,1
60692,0
60693,0
60694,1
60695,0
60696,1
60697,0
60698,1
60699,0
60700,1
60701,0
60702,1
60703,0
60704,1
60705,0
60706,0
60707,1
60708,1
60709,0
60710,0
60711,0
60712,1
60713,0
60714,0
60715,1
60716,1
60717,1
60718,1
60719,0
60720,1
60721,1
60722,1
60723,0
60724,1
60725,1
60726,0
60727,0
60728,1
60729,1
60730,1
60731,0
60732,1
60733,1
60734,1
60735,1
60736,0
60737,0
60738,1
60739,0
60740,0
60741,0
60742,0
60743,1
60744,1
60745,1
60746,1
60747,0
60748,0
60749,1
60750,1
60751,0
60752,1
60753,1
60754,0
60755,1
60756,1
60757,0
60758,1
60759,1
60760,1
60761,0
60762,1
60763,0
60764,1
60765,0
60766,1
60767,1
60768,0
60769,0
60770,0
60771,1
60772,1
60773,1
60774,0
60775,0
60776,1
60777,0
60778,1
60779,1
60780,1
60781,1
60782,1
60783,1
60784,1
60785,0
60786,1
60787,1
60788,1
60789,1
60790,1
60791,1
60792,1
60793,1
60794,1
60795,1
60796,1
60797,0
60798,1
60799,1
60800,0
60801,0
60802,1
60803,1
60804,1
60805,0
60806,1
60807,0
60808,0
60809,1
60810,1
60811,1
60812,0
60813,1
60814,1
60815,1
60816,1
60817,1
60818,1
60819,1
60820,1
60821,0
60822,1
60823,1
60824,1
60825,1
60826,0
60827,1
60828,1
60829,0
60830,1
60831,1
60832,1
60833,1
60834,0
60835,1
60836,1
60837,1
60838,0
60839,1
60840,1
60841,1
60842,1
60843,1
60844,0
60845,1
60846,1
60847,1
60848,0
60849,1
60850,1
60851,1
60852,1
60853,1
60854,1
60855,1
60856,0
60857,1
60858,1
60859,1
60860,1
60861,0
60862,1
60863,0
60864,0
60865,1
60866,1
60867,1
60868,1
60869,1
60870,0
60871,0
60872,0
60873,1
60874,0
60875,1
60876,0
60877,1
60878,0
60879,1
60880,0
60881,1
60882,1
60883,1
60884,1
60885,0
60886,1
60887,1
60888,0
60889,0
60890,1
60891,1
60892,1
60893,1
60894,1
60895,1
60896,1
60897,0
60898,1
60899,1
60900,1
60901,1
60902,1
60903,1
60904,1
60905,0
60906,0
60907,1
60908,1
60909,0
60910,1
60911,1
60912,0
60913,1
60914,1
60915,1
60916,0
60917,0
60918,1
60919,1
60920,1
60921,1
60922,1
60923,1
60924,0
60925,1
60926,0
60927,1
60928,0
60929,1
60930,1
60931,1
60932,0
60933,1
60934,0
60935,0
60936,0
60937,1
60938,1
60939,1
60940,1
60941,1
60942,1
60943,1
60944,1
60945,1
60946,1
60947,1
60948,1
60949,0
60950,1
60951,0
60952,1
60953,0
60954,1
60955,0
60956,1
60957,1
60958,1
60959,0
60960,0
60961,1
60962,0
60963,1
60964,1
60965,1
60966,1
60967,1
60968,1
60969,1
60970,1
60971,1
60972,0
60973,0
60974,1
60975,1
60976,1
60977,0
60978,1
60979,1
60980,1
60981,1
60982,1
60983,0
60984,0
60985,0
60986,1
60987,1
60988,1
60989,1
60990,1
60991,1
60992,1
60993,0
60994,1
60995,0
60996,1
60997,0
60998,0
60999,0
61000,0
61001,1
61002,0
61003,1
61004,1
61005,1
61006,1
61007,0
61008,0
61009,0
61010,0
61011,1
61012,1
61013,0
61014,1
61015,0
61016,0
61017,0
61018,0
61019,1
61020,1
61021,0
61022,0
61023,1
61024,1
61025,0
61026,0
61027,0
61028,1
61029,0
61030,1
61031,1
61032,1
61033,1
61034,1
61035,0
61036,1
61037,0
61038,1
61039,1
61040,1
61041,1
61042,1
61043,0
61044,0
61045,0
61046,1
61047,0
61048,1
61049,1
61050,1
61051,0
61052,1
61053,1
61054,1
61055,0
61056,0
61057,1
61058,1
61059,1
61060,1
61061,0
61062,1
61063,1
61064,1
61065,1
61066,1
61067,0
61068,0
61069,0
61070,1
61071,1
61072,1
61073,1
61074,1
61075,1
61076,1
61077,1
61078,1
61079,1
61080,1
61081,1
61082,1
61083,1
61084,1
61085,0
61086,0
61087,1
61088,0
61089,0
61090,1
61091,1
61092,1
61093,1
61094,0
61095,1
61096,1
61097,0
61098,1
61099,1
61100,0
61101,0
61102,1
61103,0
61104,0
61105,0
61106,1
61107,0
61108,0
61109,1
61110,1
61111,1
61112,0
61113,0
61114,0
61115,0
61116,1
61117,0
61118,0
61119,0
61120,1
61121,1
61122,1
61123,1
61124,1
61125,1
61126,0
61127,1
61128,1
61129,1
61130,0
61131,1
61132,1
61133,1
61134,1
61135,1
61136,1
61137,1
61138,1
61139,1
61140,1
61141,0
61142,1
61143,1
61144,0
61145,1
61146,1
61147,0
61148,1
61149,0
61150,0
61151,0
61152,0
61153,1
61154,0
61155,1
61156,1
61157,1
61158,1
61159,0
61160,0
61161,0
61162,1
61163,1
61164,0
61165,1
61166,1
61167,1
61168,0
61169,1
61170,0
61171,0
61172,1
61173,1
61174,1
61175,1
61176,0
61177,1
61178,1
61179,1
61180,1
61181,1
61182,1
61183,0
61184,1
61185,1
61186,1
61187,1
61188,0
61189,1
61190,1
61191,1
61192,1
61193,1
61194,1
61195,0
61196,1
61197,1
61198,1
61199,0
61200,1
61201,0
61202,1
61203,0
61204,1
61205,0
61206,1
61207,1
61208,1
61209,0
61210,1
61211,0
61212,1
61213,1
61214,1
61215,1
61216,1
61217,0
61218,1
61219,1
61220,1
61221,1
61222,1
61223,0
61224,1
61225,1
61226,1
61227,1
61228,1
61229,1
61230,1
61231,1
61232,1
61233,1
61234,1
61235,1
61236,0
61237,1
61238,1
61239,0
61240,1
61241,1
61242,0
61243,1
61244,1
61245,1
61246,0
61247,1
61248,0
61249,1
61250,0
61251,1
61252,0
61253,1
61254,0
61255,0
61256,1
61257,0
61258,0
61259,1
61260,1
61261,1
61262,0
61263,0
61264,0
61265,1
61266,1
61267,1
61268,1
61269,1
61270,1
61271,1
61272,0
61273,1
61274,1
61275,0
61276,0
61277,1
61278,1
61279,1
61280,1
61281,1
61282,1
61283,1
61284,1
61285,0
61286,1
61287,1
61288,1
61289,0
61290,1
61291,1
61292,1
61293,1
61294,1
61295,1
61296,1
61297,1
61298,1
61299,1
61300,1
61301,1
61302,0
61303,1
61304,0
61305,1
61306,1
61307,1
61308,0
61309,0
61310,1
61311,1
61312,1
61313,0
61314,0
61315,0
61316,0
61317,1
61318,0
61319,1
61320,0
61321,1
61322,0
61323,1
61324,0
61325,1
61326,0
61327,0
61328,1
61329,0
61330,1
61331,1
61332,1
61333,1
61334,1
61335,1
61336,0
61337,1
61338,1
61339,1
61340,1
61341,0
61342,1
61343,0
61344,0
61345,1
61346,0
61347,1
61348,0
61349,0
61350,1
61351,1
61352,1
61353,1
61354,1
61355,0
61356,0
61357,1
61358,1
61359,1
61360,1
61361,1
61362,0
61363,0
61364,1
61365,1
61366,0
61367,1
61368,0
61369,1
61370,0
61371,1
61372,1
61373,1
61374,0
61375,1
61376,1
61377,1
61378,1
61379,0
61380,1
61381,1
61382,1
61383,1
61384,0
61385,1
61386,0
61387,0
61388,1
61389,1
61390,1
61391,1
61392,1
61393,0
61394,1
61395,1
61396,1
61397,1
61398,0
61399,1
61400,1
61401,1
61402,0
61403,1
61404,1
61405,1
61406,1
61407,0
61408,1
61409,1
61410,1
61411,1
61412,1
61413,1
61414,1
61415,0
61416,1
61417,1
61418,1
61419,1
61420,1
61421,1
61422,0
61423,1
61424,1
61425,1
61426,0
61427,0
61428,1
61429,0
61430,1
61431,1
61432,0
61433,1
61434,1
61435,1
61436,1
61437,0
61438,1
61439,0
61440,1
61441,0
61442,1
61443,0
61444,0
61445,1
61446,0
61447,1
61448,1
61449,1
61450,1
61451,1
61452,1
61453,0
61454,1
61455,1
61456,0
61457,1
61458,1
61459,1
61460,1
61461,1
61462,0
61463,0
61464,1
61465,0
61466,1
61467,1
61468,0
61469,1
61470,1
61471,0
61472,1
61473,1
61474,1
61475,0
61476,0
61477,1
61478,0
61479,1
61480,1
61481,1
61482,0
61483,0
61484,1
61485,1
61486,1
61487,1
61488,1
61489,1
61490,1
61491,1
61492,1
61493,0
61494,1
61495,0
61496,0
61497,1
61498,1
61499,1
61500,1
61501,1
61502,1
61503,1
61504,0
61505,1
61506,0
61507,1
61508,1
61509,0
61510,0
61511,0
61512,0
61513,0
61514,0
61515,1
61516,1
61517,1
61518,0
61519,1
61520,1
61521,1
61522,1
61523,1
61524,0
61525,1
61526,0
61527,1
61528,0
61529,1
61530,1
61531,1
61532,1
61533,0
61534,0
61535,1
61536,1
61537,1
61538,1
61539,1
61540,0
61541,1
61542,0
61543,0
61544,0
61545,0
61546,1
61547,0
61548,1
61549,1
61550,1
61551,1
61552,1
61553,1
61554,0
61555,1
61556,1
61557,0
61558,1
61559,1
61560,0
61561,1
61562,1
61563,1
61564,1
61565,0
61566,1
61567,1
61568,0
61569,0
61570,1
61571,1
61572,1
61573,0
61574,1
61575,1
61576,1
61577,0
61578,1
61579,1
61580,1
61581,1
61582,1
61583,1
61584,1
61585,1
61586,1
61587,1
61588,0
61589,1
61590,1
61591,1
61592,1
61593,1
61594,0
61595,1
61596,1
61597,1
61598,1
61599,1
61600,1
61601,1
61602,0
61603,1
61604,1
61605,1
61606,1
61607,0
61608,1
61609,1
61610,0
61611,1
61612,1
61613,1
61614,1
61615,1
61616,0
61617,0
61618,0
61619,1
61620,1
61621,1
61622,1
61623,1
61624,0
61625,1
61626,1
61627,1
61628,0
61629,0
61630,1
61631,1
61632,1
61633,1
61634,1
61635,0
61636,1
61637,1
61638,0
61639,1
61640,0
61641,0
61642,0
61643,1
61644,0
61645,1
61646,1
61647,1
61648,0
61649,0
61650,1
61651,1
61652,1
61653,0
61654,0
61655,1
61656,1
61657,1
61658,1
61659,1
61660,0
61661,1
61662,1
61663,0
61664,1
61665,0
61666,1
61667,1
61668,1
61669,1
61670,1
61671,1
61672,1
61673,1
61674,1
61675,1
61676,0
61677,1
61678,1
61679,1
61680,1
61681,0
61682,1
61683,1
61684,1
61685,0
61686,1
61687,1
61688,1
61689,0
61690,1
61691,1
61692,0
61693,1
61694,1
61695,1
61696,1
61697,1
61698,1
61699,1
61700,1
61701,1
61702,0
61703,0
61704,0
61705,0
61706,0
61707,0
61708,0
61709,1
61710,1
61711,0
61712,1
61713,1
61714,1
61715,1
61716,1
61717,1
61718,0
61719,1
61720,0
61721,1
61722,1
61723,1
61724,1
61725,1
61726,1
61727,1
61728,1
61729,1
61730,1
61731,1
61732,1
61733,0
61734,1
61735,1
61736,0
61737,1
61738,1
61739,1
61740,1
61741,0
61742,1
61743,1
61744,1
61745,1
61746,0
61747,1
61748,1
61749,1
61750,0
61751,1
61752,1
61753,1
61754,1
61755,1
61756,0
61757,1
61758,1
61759,0
61760,1
61761,0
61762,1
61763,0
61764,1
61765,1
61766,1
61767,0
61768,0
61769,1
61770,1
61771,0
61772,0
61773,1
61774,1
61775,1
61776,1
61777,0
61778,1
61779,1
61780,1
61781,1
61782,0
61783,1
61784,1
61785,1
61786,0
61787,1
61788,0
61789,1
61790,0
61791,0
61792,0
61793,0
61794,0
61795,1
61796,1
61797,1
61798,1
61799,1
61800,0
61801,1
61802,1
61803,1
61804,1
61805,1
61806,0
61807,1
61808,1
61809,0
61810,1
61811,1
61812,1
61813,1
61814,1
61815,0
61816,1
61817,0
61818,1
61819,1
61820,1
61821,1
61822,1
61823,1
61824,0
61825,1
61826,1
61827,1
61828,1
61829,1
61830,1
61831,1
61832,0
61833,0
61834,1
61835,1
61836,1
61837,1
61838,1
61839,0
61840,1
61841,0
61842,1
61843,1
61844,1
61845,1
61846,0
61847,0
61848,1
61849,0
61850,1
61851,0
61852,1
61853,1
61854,1
61855,1
61856,0
61857,1
61858,1
61859,0
61860,0
61861,1
61862,1
61863,1
61864,1
61865,1
61866,1
61867,1
61868,1
61869,1
61870,1
61871,1
61872,1
61873,0
61874,1
61875,1
61876,0
61877,1
61878,1
61879,0
61880,1
61881,1
61882,1
61883,1
61884,1
61885,1
61886,1
61887,1
61888,0
61889,1
61890,1
61891,0
61892,1
61893,0
61894,1
61895,1
61896,0
61897,1
61898,1
61899,0
61900,0
61901,1
61902,1
61903,0
61904,1
61905,0
61906,1
61907,0
61908,1
61909,1
61910,1
61911,1
61912,0
61913,1
61914,1
61915,0
61916,0
61917,1
61918,1
61919,1
61920,1
61921,1
61922,0
61923,1
61924,1
61925,0
61926,1
61927,0
61928,1
61929,0
61930,0
61931,0
61932,1
61933,1
61934,0
61935,1
61936,1
61937,1
61938,1
61939,1
61940,1
61941,1
61942,1
61943,1
61944,1
61945,1
61946,1
61947,1
61948,1
61949,0
61950,1
61951,1
61952,0
61953,0
61954,1
61955,1
61956,1
61957,1
61958,1
61959,1
61960,1
61961,1
61962,0
61963,1
61964,1
61965,0
61966,1
61967,1
61968,1
61969,1
61970,0
61971,1
61972,1
61973,0
61974,0
61975,1
61976,0
61977,0
61978,1
61979,1
61980,1
61981,0
61982,0
61983,1
61984,1
61985,1
61986,0
61987,1
61988,1
61989,1
61990,1
61991,1
61992,1
61993,0
61994,1
61995,1
61996,1
61997,0
61998,0
61999,1
62000,0
62001,1
62002,0
62003,1
62004,1
62005,0
62006,1
62007,1
62008,0
62009,0
62010,0
62011,0
62012,1
62013,1
62014,0
62015,1
62016,0
62017,1
62018,1
62019,0
62020,1
62021,0
62022,1
62023,1
62024,0
62025,1
62026,1
62027,1
62028,1
62029,1
62030,1
62031,1
62032,1
62033,1
62034,1
62035,0
62036,0
62037,1
62038,1
62039,0
62040,1
62041,1
62042,0
62043,1
62044,0
62045,1
62046,0
62047,0
62048,0
62049,1
62050,1
62051,1
62052,1
62053,1
62054,1
62055,1
62056,1
62057,1
62058,1
62059,0
62060,1
62061,0
62062,1
62063,1
62064,1
62065,1
62066,0
62067,0
62068,1
62069,1
62070,1
62071,1
62072,0
62073,0
62074,1
62075,1
62076,1
62077,1
62078,1
62079,0
62080,1
62081,1
62082,0
62083,0
62084,1
62085,0
62086,1
62087,1
62088,1
62089,0
62090,1
62091,1
62092,1
62093,0
62094,0
62095,1
62096,0
62097,1
62098,1
62099,1
62100,1
62101,1
62102,0
62103,1
62104,0
62105,1
62106,1
62107,0
62108,1
62109,1
62110,1
62111,1
62112,1
62113,1
62114,1
62115,1
62116,1
62117,1
62118,1
62119,1
62120,1
62121,0
62122,1
62123,0
62124,1
62125,0
62126,0
62127,1
62128,1
62129,1
62130,0
62131,0
62132,0
62133,1
62134,0
62135,1
62136,0
62137,1
62138,0
62139,1
62140,1
62141,0
62142,0
62143,1
62144,1
62145,1
62146,0
62147,0
62148,1
62149,0
62150,0
62151,1
62152,1
62153,1
62154,1
62155,0
62156,0
62157,1
62158,1
62159,1
62160,1
62161,0
62162,1
62163,0
62164,1
62165,0
62166,1
62167,1
62168,0
62169,1
62170,1
62171,0
62172,0
62173,1
62174,1
62175,1
62176,1
62177,0
62178,1
62179,1
62180,0
62181,1
62182,0
62183,0
62184,0
62185,1
62186,0
62187,1
62188,1
62189,1
62190,1
62191,1
62192,1
62193,1
62194,0
62195,0
62196,1
62197,1
62198,0
62199,1
62200,1
62201,1
62202,1
62203,1
62204,1
62205,0
62206,0
62207,0
62208,1
62209,1
62210,1
62211,1
62212,0
62213,1
62214,1
62215,1
62216,0
62217,1
62218,1
62219,0
62220,1
62221,1
62222,1
62223,0
62224,0
62225,1
62226,1
62227,1
62228,0
62229,0
62230,1
62231,1
62232,0
62233,0
62234,0
62235,0
62236,0
62237,0
62238,1
62239,1
62240,1
62241,1
62242,1
62243,1
62244,1
62245,1
62246,1
62247,1
62248,1
62249,1
62250,1
62251,1
62252,0
62253,0
62254,0
62255,1
62256,0
62257,1
62258,1
62259,1
62260,0
62261,0
62262,1
62263,0
62264,1
62265,0
62266,1
62267,1
62268,1
62269,0
62270,1
62271,0
62272,0
62273,1
62274,1
62275,1
62276,0
62277,0
62278,0
62279,1
62280,1
62281,1
62282,1
62283,0
62284,1
62285,1
62286,1
62287,0
62288,1
62289,1
62290,1
62291,0
62292,1
62293,1
62294,0
62295,0
62296,1
62297,1
62298,1
62299,1
62300,1
62301,1
62302,1
62303,0
62304,0
62305,0
62306,1
62307,1
62308,1
62309,1
62310,1
62311,0
62312,0
62313,1
62314,0
62315,1
62316,0
62317,0
62318,0
62319,1
62320,1
62321,0
62322,1
62323,1
62324,1
62325,0
62326,1
62327,1
62328,1
62329,1
62330,1
62331,0
62332,0
62333,0
62334,1
62335,0
62336,1
62337,0
62338,1
62339,1
62340,1
62341,0
62342,1
62343,1
62344,1
62345,1
62346,0
62347,1
62348,1
62349,1
62350,0
62351,1
62352,1
62353,1
62354,1
62355,1
62356,1
62357,1
62358,0
62359,0
62360,1
62361,1
62362,0
62363,1
62364,1
62365,1
62366,1
62367,0
62368,1
62369,1
62370,1
62371,0
62372,0
62373,1
62374,1
62375,1
62376,1
62377,1
62378,1
62379,1
62380,1
62381,1
62382,1
62383,1
62384,1
62385,0
62386,1
62387,0
62388,1
62389,1
62390,1
62391,1
62392,1
62393,1
62394,1
62395,1
62396,0
62397,1
62398,0
62399,1
62400,1
62401,0
62402,1
62403,1
62404,1
62405,1
62406,0
62407,0
62408,0
62409,1
62410,0
62411,1
62412,1
62413,1
62414,1
62415,1
62416,0
62417,1
62418,1
62419,1
62420,1
62421,1
62422,1
62423,0
62424,0
62425,1
62426,0
62427,0
62428,0
62429,1
62430,1
62431,1
62432,0
62433,0
62434,0
62435,0
62436,1
62437,0
62438,0
62439,1
62440,1
62441,0
62442,1
62443,1
62444,1
62445,1
62446,1
62447,1
62448,1
62449,1
62450,1
62451,1
62452,1
62453,0
62454,1
62455,0
62456,0
62457,1
62458,0
62459,1
62460,1
62461,1
62462,0
62463,0
62464,1
62465,1
62466,1
62467,1
62468,0
62469,1
62470,1
62471,1
62472,1
62473,0
62474,1
62475,1
62476,1
62477,1
62478,1
62479,0
62480,0
62481,1
62482,1
62483,1
62484,1
62485,1
62486,1
62487,1
62488,0
62489,1
62490,1
62491,0
62492,1
62493,1
62494,1
62495,1
62496,1
62497,1
62498,1
62499,1
62500,1
62501,1
62502,1
62503,0
62504,1
62505,1
62506,1
62507,1
62508,1
62509,0
62510,1
62511,1
62512,1
62513,0
62514,1
62515,0
62516,1
62517,0
62518,1
62519,0
62520,1
62521,0
62522,1
62523,0
62524,0
62525,0
62526,1
62527,1
62528,1
62529,0
62530,1
62531,1
62532,1
62533,1
62534,1
62535,1
62536,1
62537,1
62538,0
62539,0
62540,1
62541,0
62542,1
62543,0
62544,1
62545,1
62546,1
62547,1
62548,0
62549,0
62550,1
62551,1
62552,1
62553,1
62554,1
62555,1
62556,0
62557,1
62558,1
62559,1
62560,0
62561,1
62562,1
62563,0
62564,0
62565,1
62566,1
62567,1
62568,0
62569,1
62570,1
62571,0
62572,1
62573,1
62574,1
62575,1
62576,0
62577,1
62578,0
62579,0
62580,0
62581,1
62582,1
62583,1
62584,0
62585,1
62586,0
62587,1
62588,1
62589,1
62590,1
62591,1
62592,1
62593,1
62594,0
62595,0
62596,1
62597,1
62598,1
62599,1
62600,0
62601,1
62602,1
62603,0
62604,1
62605,1
62606,1
62607,1
62608,0
62609,1
62610,1
62611,1
62612,1
62613,0
62614,1
62615,0
62616,0
62617,0
62618,0
62619,1
62620,1
62621,1
62622,1
62623,1
62624,1
62625,1
62626,1
62627,1
62628,1
62629,1
62630,1
62631,0
62632,0
62633,1
62634,1
62635,1
62636,1
62637,1
62638,1
62639,1
62640,1
62641,1
62642,1
62643,0
62644,1
62645,1
62646,1
62647,1
62648,0
62649,1
62650,1
62651,0
62652,1
62653,1
62654,1
62655,1
62656,0
62657,0
62658,1
62659,0
62660,1
62661,1
62662,1
62663,1
62664,1
62665,1
62666,1
62667,1
62668,1
62669,1
62670,0
62671,0
62672,1
62673,1
62674,1
62675,1
62676,1
62677,1
62678,0
62679,0
62680,0
62681,0
62682,1
62683,0
62684,1
62685,1
62686,1
62687,0
62688,0
62689,0
62690,1
62691,0
62692,0
62693,0
62694,1
62695,1
62696,1
62697,0
62698,1
62699,1
62700,1
62701,0
62702,1
62703,1
62704,1
62705,1
62706,1
62707,1
62708,1
62709,1
62710,1
62711,0
62712,0
62713,0
62714,1
62715,1
62716,1
62717,1
62718,1
62719,0
62720,0
62721,1
62722,1
62723,1
62724,1
62725,0
62726,1
62727,1
62728,0
62729,1
62730,1
62731,0
62732,0
62733,1
62734,1
62735,1
62736,1
62737,1
62738,1
62739,1
62740,1
62741,1
62742,0
62743,1
62744,0
62745,1
62746,0
62747,1
62748,1
62749,0
62750,1
62751,1
62752,1
62753,1
62754,0
62755,1
62756,1
62757,1
62758,1
62759,1
62760,0
62761,0
62762,0
62763,1
62764,0
62765,1
62766,1
62767,1
62768,1
62769,1
62770,0
62771,1
62772,1
62773,1
62774,1
62775,1
62776,1
62777,0
62778,1
62779,1
62780,1
62781,1
62782,1
62783,1
62784,1
62785,1
62786,0
62787,1
62788,1
62789,0
62790,1
62791,0
62792,1
62793,1
62794,0
62795,1
62796,1
62797,0
62798,1
62799,1
62800,1
62801,0
62802,1
62803,1
62804,1
62805,1
62806,1
62807,1
62808,0
62809,1
62810,1
62811,1
62812,0
62813,1
62814,1
62815,0
62816,1
62817,1
62818,1
62819,1
62820,1
62821,0
62822,1
62823,1
62824,1
62825,1
62826,1
62827,0
62828,0
62829,1
62830,1
62831,1
62832,1
62833,1
62834,1
62835,1
62836,0
62837,1
62838,0
62839,1
62840,1
62841,1
62842,1
62843,1
62844,1
62845,1
62846,1
62847,1
62848,1
62849,1
62850,1
62851,1
62852,0
62853,0
62854,1
62855,0
62856,1
62857,1
62858,1
62859,1
62860,1
62861,0
62862,1
62863,0
62864,1
62865,0
62866,1
62867,0
62868,0
62869,1
62870,1
62871,1
62872,0
62873,0
62874,1
62875,0
62876,0
62877,0
62878,1
62879,0
62880,0
62881,1
62882,1
62883,0
62884,1
62885,1
62886,1
62887,1
62888,1
62889,1
62890,1
62891,1
62892,1
62893,1
62894,0
62895,0
62896,1
62897,0
62898,0
62899,1
62900,1
62901,1
62902,1
62903,0
62904,1
62905,0
62906,1
62907,1
62908,1
62909,1
62910,1
62911,1
62912,1
62913,1
62914,0
62915,1
62916,1
62917,0
62918,1
62919,1
62920,1
62921,1
62922,1
62923,0
62924,1
62925,1
62926,1
62927,1
62928,0
62929,0
62930,1
62931,1
62932,1
62933,1
62934,1
62935,1
62936,0
62937,0
62938,1
62939,1
62940,1
62941,1
62942,1
62943,1
62944,0
62945,0
62946,0
62947,1
62948,1
62949,1
62950,1
62951,1
62952,1
62953,0
62954,1
62955,1
62956,0
62957,1
62958,0
62959,1
62960,0
62961,1
62962,0
62963,0
62964,1
62965,0
62966,1
62967,1
62968,0
62969,1
62970,1
62971,1
62972,1
62973,1
62974,0
62975,1
62976,0
62977,1
62978,1
62979,1
62980,1
62981,1
62982,1
62983,1
62984,1
62985,1
62986,1
62987,1
62988,1
62989,0
62990,1
62991,0
62992,0
62993,1
62994,1
62995,0
62996,1
62997,0
62998,1
62999,1
63000,1
63001,0
63002,1
63003,0
63004,1
63005,1
63006,0
63007,1
63008,0
63009,1
63010,1
63011,0
63012,1
63013,1
63014,1
63015,1
63016,0
63017,1
63018,1
63019,0
63020,1
63021,1
63022,1
63023,1
63024,1
63025,1
63026,1
63027,1
63028,1
63029,1
63030,1
63031,0
63032,1
63033,1
63034,1
63035,1
63036,0
63037,1
63038,1
63039,0
63040,0
63041,1
63042,1
63043,1
63044,1
63045,1
63046,1
63047,1
63048,1
63049,1
63050,1
63051,1
63052,1
63053,0
63054,1
63055,1
63056,1
63057,0
63058,0
63059,1
63060,1
63061,1
63062,0
63063,1
63064,1
63065,1
63066,1
63067,0
63068,0
63069,1
63070,1
63071,1
63072,0
63073,1
63074,0
63075,1
63076,0
63077,1
63078,1
63079,0
63080,1
63081,0
63082,1
63083,1
63084,1
63085,1
63086,1
63087,1
63088,1
63089,1
63090,1
63091,0
63092,1
63093,0
63094,1
63095,0
63096,1
63097,1
63098,1
63099,1
63100,0
63101,1
63102,0
63103,1
63104,1
63105,1
63106,1
63107,1
63108,1
63109,0
63110,0
63111,1
63112,1
63113,1
63114,0
63115,1
63116,0
63117,1
63118,1
63119,0
63120,1
63121,0
63122,1
63123,0
63124,1
63125,1
63126,0
63127,1
63128,0
63129,1
63130,1
63131,1
63132,1
63133,1
63134,1
63135,1
63136,1
63137,1
63138,1
63139,0
63140,1
63141,0
63142,1
63143,0
63144,1
63145,0
63146,1
63147,0
63148,1
63149,0
63150,1
63151,1
63152,1
63153,0
63154,1
63155,1
63156,1
63157,1
63158,1
63159,1
63160,1
63161,1
63162,0
63163,1
63164,1
63165,1
63166,1
63167,1
63168,1
63169,1
63170,1
63171,1
63172,1
63173,1
63174,1
63175,1
63176,0
63177,1
63178,1
63179,1
63180,1
63181,1
63182,1
63183,0
63184,1
63185,1
63186,0
63187,1
63188,0
63189,1
63190,1
63191,1
63192,1
63193,0
63194,0
63195,0
63196,1
63197,1
63198,1
63199,1
63200,1
63201,1
63202,1
63203,1
63204,1
63205,1
63206,1
63207,1
63208,1
63209,1
63210,1
63211,1
63212,1
63213,0
63214,1
63215,1
63216,1
63217,1
63218,0
63219,1
63220,0
63221,1
63222,1
63223,1
63224,0
63225,0
63226,1
63227,1
63228,1
63229,1
63230,1
63231,1
63232,1
63233,0
63234,1
63235,0
63236,1
63237,1
63238,0
63239,0
63240,1
63241,1
63242,0
63243,1
63244,1
63245,1
63246,1
63247,1
63248,1
63249,1
63250,1
63251,0
63252,1
63253,0
63254,1
63255,1
63256,1
63257,1
63258,1
63259,1
63260,0
63261,1
63262,1
63263,1
63264,1
63265,1
63266,1
63267,1
63268,1
63269,1
63270,1
63271,1
63272,1
63273,0
63274,1
63275,1
63276,1
63277,0
63278,1
63279,1
63280,1
63281,1
63282,0
63283,0
63284,1
63285,1
63286,1
63287,1
63288,1
63289,0
63290,1
63291,1
63292,1
63293,1
63294,1
63295,0
63296,1
63297,0
63298,0
63299,0
63300,0
63301,1
63302,1
63303,0
63304,1
63305,1
63306,0
63307,1
63308,1
63309,0
63310,1
63311,1
63312,1
63313,1
63314,0
63315,0
63316,0
63317,1
63318,1
63319,0
63320,1
63321,1
63322,1
63323,1
63324,1
63325,1
63326,1
63327,0
63328,1
63329,0
63330,1
63331,1
63332,1
63333,1
63334,0
63335,1
63336,1
63337,1
63338,1
63339,1
63340,1
63341,1
63342,1
63343,0
63344,1
63345,1
63346,1
63347,0
63348,1
63349,1
63350,1
63351,1
63352,1
63353,1
63354,1
63355,0
63356,1
63357,0
63358,1
63359,1
63360,1
63361,1
63362,1
63363,0
63364,1
63365,1
63366,1
63367,1
63368,0
63369,1
63370,0
63371,1
63372,1
63373,1
63374,0
63375,0
63376,1
63377,1
63378,1
63379,1
63380,1
63381,0
63382,1
63383,0
63384,0
63385,1
63386,1
63387,1
63388,1
63389,0
63390,0
63391,1
63392,1
63393,0
63394,1
63395,1
63396,1
63397,1
63398,1
63399,0
63400,1
63401,0
63402,1
63403,0
63404,0
63405,1
63406,1
63407,1
63408,1
63409,0
63410,1
63411,0
63412,1
63413,1
63414,0
63415,1
63416,1
63417,1
63418,1
63419,0
63420,1
63421,1
63422,1
63423,1
63424,1
63425,1
63426,1
63427,1
63428,1
63429,1
63430,1
63431,1
63432,1
63433,1
63434,1
63435,0
63436,1
63437,0
63438,0
63439,1
63440,1
63441,0
63442,1
63443,0
63444,0
63445,1
63446,1
63447,1
63448,1
63449,0
63450,0
63451,1
63452,1
63453,0
63454,1
63455,0
63456,1
63457,0
63458,0
63459,1
63460,1
63461,1
63462,1
63463,1
63464,1
63465,1
63466,0
63467,1
63468,1
63469,1
63470,1
63471,1
63472,1
63473,0
63474,1
63475,1
63476,1
63477,0
63478,0
63479,1
63480,0
63481,0
63482,1
63483,1
63484,1
63485,1
63486,1
63487,1
63488,1
63489,1
63490,0
63491,1
63492,1
63493,1
63494,0
63495,0
63496,1
63497,1
63498,1
63499,0
63500,1
63501,1
63502,0
63503,0
63504,1
63505,1
63506,1
63507,1
63508,0
63509,0
63510,1
63511,1
63512,0
63513,1
63514,1
63515,1
63516,0
63517,1
63518,0
63519,1
63520,1
63521,1
63522,1
63523,1
63524,1
63525,1
63526,0
63527,0
63528,1
63529,1
63530,1
63531,0
63532,0
63533,1
63534,0
63535,0
63536,1
63537,0
63538,0
63539,0
63540,1
63541,0
63542,1
63543,1
63544,1
63545,0
63546,1
63547,1
63548,1
63549,0
63550,0
63551,1
63552,1
63553,0
63554,0
63555,1
63556,1
63557,1
63558,0
63559,0
63560,1
63561,0
63562,1
63563,1
63564,0
63565,1
63566,1
63567,0
63568,1
63569,1
63570,0
63571,1
63572,1
63573,1
63574,0
63575,1
63576,0
63577,1
63578,0
63579,1
63580,0
63581,1
63582,1
63583,0
63584,1
63585,0
63586,1
63587,0
63588,1
63589,1
63590,1
63591,0
63592,0
63593,1
63594,0
63595,1
63596,1
63597,0
63598,1
63599,1
63600,1
63601,1
63602,1
63603,1
63604,1
63605,1
63606,0
63607,1
63608,0
63609,0
63610,0
63611,1
63612,1
63613,1
63614,1
63615,0
63616,1
63617,1
63618,1
63619,1
63620,1
63621,1
63622,1
63623,1
63624,1
63625,1
63626,1
63627,0
63628,1
63629,1
63630,0
63631,1
63632,0
63633,1
63634,1
63635,1
63636,1
63637,1
63638,1
63639,0
63640,1
63641,1
63642,1
63643,1
63644,1
63645,1
63646,1
63647,0
63648,1
63649,1
63650,1
63651,0
63652,1
63653,1
63654,1
63655,1
63656,1
63657,1
63658,0
63659,1
63660,1
63661,1
63662,1
63663,0
63664,1
63665,0
63666,1
63667,0
63668,1
63669,0
63670,1
63671,1
63672,0
63673,1
63674,1
63675,0
63676,0
63677,1
63678,0
63679,0
63680,0
63681,1
63682,1
63683,0
63684,0
63685,0
63686,1
63687,0
63688,1
63689,1
63690,1
63691,1
63692,1
63693,1
63694,1
63695,1
63696,1
63697,1
63698,0
63699,1
63700,0
63701,1
63702,0
63703,1
63704,0
63705,1
63706,1
63707,1
63708,0
63709,1
63710,0
63711,1
63712,1
63713,1
63714,1
63715,0
63716,1
63717,0
63718,0
63719,1
63720,0
63721,0
63722,0
63723,1
63724,0
63725,1
63726,1
63727,1
63728,1
63729,1
63730,0
63731,1
63732,1
63733,1
63734,0
63735,1
63736,0
63737,0
63738,0
63739,1
63740,0
63741,1
63742,1
63743,1
63744,0
63745,0
63746,1
63747,1
63748,1
63749,1
63750,1
63751,1
63752,0
63753,1
63754,1
63755,1
63756,0
63757,1
63758,1
63759,1
63760,1
63761,0
63762,1
63763,1
63764,0
63765,0
63766,0
63767,1
63768,0
63769,1
63770,0
63771,1
63772,1
63773,1
63774,1
63775,1
63776,0
63777,0
63778,1
63779,1
63780,1
63781,1
63782,0
63783,1
63784,0
63785,0
63786,1
63787,1
63788,1
63789,1
63790,0
63791,0
63792,1
63793,0
63794,1
63795,1
63796,0
63797,1
63798,0
63799,1
63800,0
63801,1
63802,1
63803,1
63804,1
63805,1
63806,1
63807,0
63808,1
63809,1
63810,0
63811,1
63812,1
63813,1
63814,1
63815,1
63816,1
63817,1
63818,0
63819,1
63820,1
63821,1
63822,1
63823,1
63824,0
63825,1
63826,1
63827,1
63828,0
63829,1
63830,1
63831,1
63832,0
63833,1
63834,1
63835,1
63836,1
63837,0
63838,1
63839,1
63840,1
63841,1
63842,1
63843,1
63844,0
63845,0
63846,1
63847,1
63848,1
63849,1
63850,1
63851,1
63852,1
63853,1
63854,1
63855,1
63856,1
63857,1
63858,0
63859,0
63860,0
63861,1
63862,1
63863,1
63864,1
63865,1
63866,1
63867,1
63868,1
63869,1
63870,1
63871,1
63872,1
63873,1
63874,1
63875,1
63876,1
63877,1
63878,1
63879,1
63880,1
63881,0
63882,0
63883,1
63884,0
63885,0
63886,1
63887,0
63888,1
63889,1
63890,1
63891,1
63892,0
63893,0
63894,0
63895,1
63896,1
63897,1
63898,1
63899,0
63900,1
63901,0
63902,1
63903,1
63904,1
63905,1
63906,1
63907,1
63908,1
63909,0
63910,1
63911,1
63912,1
63913,1
63914,1
63915,1
63916,0
63917,1
63918,1
63919,0
63920,1
63921,0
63922,1
63923,0
63924,0
63925,1
63926,0
63927,0
63928,1
63929,1
63930,0
63931,0
63932,0
63933,0
63934,1
63935,0
63936,1
63937,1
63938,0
63939,1
63940,1
63941,1
63942,0
63943,1
63944,0
63945,0
63946,1
63947,1
63948,1
63949,1
63950,1
63951,1
63952,1
63953,1
63954,1
63955,1
63956,1
63957,1
63958,0
63959,1
63960,1
63961,0
63962,1
63963,0
63964,1
63965,0
63966,1
63967,0
63968,1
63969,1
63970,0
63971,1
63972,1
63973,0
63974,1
63975,0
63976,1
63977,0
63978,1
63979,0
63980,1
63981,1
63982,1
63983,1
63984,1
63985,0
63986,0
63987,1
63988,0
63989,0
63990,1
63991,0
63992,1
63993,1
63994,1
63995,1
63996,1
63997,0
63998,1
63999,1
64000,1
64001,1
64002,1
64003,1
64004,1
64005,0
64006,1
64007,1
64008,0
64009,1
64010,1
64011,1
64012,1
64013,0
64014,1
64015,0
64016,0
64017,1
64018,1
64019,1
64020,0
64021,0
64022,1
64023,1
64024,1
64025,0
64026,1
64027,0
64028,0
64029,1
64030,1
64031,1
64032,1
64033,0
64034,0
64035,1
64036,0
64037,0
64038,1
64039,1
64040,1
64041,0
64042,1
64043,1
64044,1
64045,1
64046,1
64047,1
64048,0
64049,1
64050,1
64051,1
64052,1
64053,0
64054,1
64055,0
64056,0
64057,1
64058,1
64059,1
64060,0
64061,1
64062,1
64063,1
64064,0
64065,0
64066,1
64067,1
64068,0
64069,1
64070,0
64071,1
64072,1
64073,1
64074,0
64075,1
64076,1
64077,1
64078,0
64079,1
64080,1
64081,1
64082,1
64083,1
64084,1
64085,1
64086,0
64087,1
64088,1
64089,0
64090,1
64091,1
64092,1
64093,1
64094,0
64095,1
64096,1
64097,1
64098,1
64099,1
64100,0
64101,1
64102,0
64103,1
64104,1
64105,1
64106,0
64107,1
64108,1
64109,1
64110,1
64111,0
64112,0
64113,1
64114,1
64115,1
64116,0
64117,1
64118,1
64119,0
64120,1
64121,1
64122,0
64123,0
64124,1
64125,0
64126,1
64127,1
64128,0
64129,1
64130,0
64131,1
64132,0
64133,1
64134,1
64135,1
64136,0
64137,0
64138,1
64139,1
64140,1
64141,0
64142,1
64143,1
64144,1
64145,1
64146,0
64147,1
64148,1
64149,1
64150,1
64151,1
64152,1
64153,1
64154,1
64155,1
64156,0
64157,1
64158,0
64159,0
64160,0
64161,0
64162,1
64163,1
64164,1
64165,1
64166,0
64167,1
64168,1
64169,1
64170,1
64171,1
64172,1
64173,0
64174,1
64175,1
64176,1
64177,1
64178,0
64179,1
64180,1
64181,1
64182,0
64183,0
64184,1
64185,1
64186,1
64187,1
64188,1
64189,1
64190,0
64191,1
64192,1
64193,0
64194,0
64195,1
64196,1
64197,1
64198,0
64199,1
64200,1
64201,0
64202,1
64203,0
64204,0
64205,0
64206,0
64207,0
64208,0
64209,0
64210,0
64211,1
64212,0
64213,0
64214,1
64215,1
64216,1
64217,0
64218,1
64219,1
64220,1
64221,0
64222,0
64223,0
64224,1
64225,1
64226,1
64227,1
64228,1
64229,1
64230,1
64231,0
64232,1
64233,1
64234,1
64235,0
64236,1
64237,0
64238,1
64239,0
64240,1
64241,1
64242,1
64243,1
64244,1
64245,1
64246,0
64247,1
64248,1
64249,1
64250,1
64251,1
64252,1
64253,0
64254,1
64255,0
64256,0
64257,1
64258,1
64259,0
64260,1
64261,1
64262,1
64263,1
64264,0
64265,1
64266,1
64267,1
64268,1
64269,1
64270,1
64271,1
64272,1
64273,1
64274,0
64275,0
64276,1
64277,0
64278,0
64279,1
64280,0
64281,1
64282,1
64283,1
64284,1
64285,0
64286,0
64287,1
64288,1
64289,1
64290,1
64291,1
64292,1
64293,1
64294,1
64295,1
64296,1
64297,0
64298,0
64299,1
64300,1
64301,1
64302,0
64303,0
64304,0
64305,1
64306,1
64307,1
64308,1
64309,1
64310,1
64311,1
64312,1
64313,1
64314,0
64315,0
64316,1
64317,1
64318,0
64319,0
64320,1
64321,1
64322,0
64323,0
64324,0
64325,1
64326,1
64327,0
64328,1
64329,0
64330,1
64331,1
64332,0
64333,1
64334,1
64335,0
64336,1
64337,0
64338,1
64339,0
64340,0
64341,1
64342,1
64343,1
64344,1
64345,1
64346,1
64347,1
64348,0
64349,1
64350,1
64351,0
64352,0
64353,1
64354,1
64355,1
64356,1
64357,1
64358,1
64359,1
64360,1
64361,0
64362,0
64363,1
64364,0
64365,1
64366,0
64367,0
64368,1
64369,0
64370,1
64371,1
64372,1
64373,1
64374,1
64375,1
64376,0
64377,1
64378,1
64379,1
64380,1
64381,1
64382,1
64383,1
64384,0
64385,0
64386,1
64387,1
64388,0
64389,1
64390,1
64391,0
64392,1
64393,1
64394,1
64395,1
64396,1
64397,1
64398,1
64399,1
64400,0
64401,1
64402,0
64403,0
64404,1
64405,1
64406,1
64407,0
64408,0
64409,0
64410,1
64411,1
64412,0
64413,1
64414,1
64415,0
64416,1
64417,1
64418,1
64419,1
64420,1
64421,1
64422,1
64423,1
64424,1
64425,1
64426,0
64427,1
64428,1
64429,1
64430,0
64431,1
64432,1
64433,1
64434,1
64435,1
64436,1
64437,0
64438,1
64439,0
64440,1
64441,1
64442,1
64443,0
64444,1
64445,1
64446,1
64447,0
64448,0
64449,1
64450,1
64451,1
64452,0
64453,0
64454,1
64455,0
64456,1
64457,0
64458,1
64459,1
64460,1
64461,1
64462,1
64463,1
64464,0
64465,0
64466,1
64467,1
64468,0
64469,1
64470,1
64471,0
64472,1
64473,1
64474,1
64475,1
64476,0
64477,0
64478,1
64479,0
64480,1
64481,0
64482,0
64483,1
64484,1
64485,1
64486,1
64487,1
64488,1
64489,0
64490,0
64491,1
64492,1
64493,1
64494,1
64495,1
64496,1
64497,1
64498,0
64499,0
64500,1
64501,1
64502,1
64503,1
64504,0
64505,0
64506,1
64507,0
64508,1
64509,1
64510,0
64511,1
64512,1
64513,0
64514,1
64515,1
64516,1
64517,1
64518,0
64519,1
64520,1
64521,1
64522,0
64523,1
64524,1
64525,0
64526,1
64527,1
64528,1
64529,1
64530,0
64531,0
64532,1
64533,0
64534,1
64535,0
64536,1
64537,0
64538,0
64539,1
64540,1
64541,0
64542,1
64543,1
64544,1
64545,1
64546,1
64547,1
64548,1
64549,0
64550,1
64551,0
64552,1
64553,1
64554,0
64555,1
64556,1
64557,0
64558,1
64559,1
64560,1
64561,1
64562,1
64563,1
64564,0
64565,1
64566,1
64567,1
64568,1
64569,1
64570,1
64571,0
64572,1
64573,1
64574,1
64575,1
64576,1
64577,1
64578,1
64579,1
64580,1
64581,0
64582,1
64583,1
64584,1
64585,0
64586,1
64587,1
64588,0
64589,1
64590,1
64591,1
64592,1
64593,1
64594,1
64595,1
64596,1
64597,0
64598,0
64599,1
64600,0
64601,1
64602,1
64603,1
64604,0
64605,1
64606,1
64607,1
64608,1
64609,1
64610,1
64611,0
64612,1
64613,1
64614,1
64615,1
64616,0
64617,1
64618,1
64619,1
64620,1
64621,1
64622,1
64623,0
64624,0
64625,1
64626,1
64627,1
64628,0
64629,1
64630,1
64631,0
64632,0
64633,1
64634,1
64635,1
64636,1
64637,0
64638,1
64639,1
64640,0
64641,0
64642,1
64643,1
64644,1
64645,1
64646,0
64647,1
64648,1
64649,1
64650,1
64651,0
64652,1
64653,0
64654,1
64655,1
64656,0
64657,0
64658,1
64659,1
64660,1
64661,0
64662,1
64663,0
64664,0
64665,1
64666,1
64667,0
64668,1
64669,1
64670,1
64671,1
64672,0
64673,1
64674,0
64675,1
64676,1
64677,1
64678,1
64679,1
64680,1
64681,0
64682,1
64683,0
64684,0
64685,1
64686,1
64687,1
64688,1
64689,0
64690,1
64691,1
64692,1
64693,0
64694,0
64695,1
64696,1
64697,0
64698,1
64699,1
64700,1
64701,1
64702,1
64703,1
64704,1
64705,1
64706,1
64707,1
64708,0
64709,0
64710,1
64711,1
64712,0
64713,0
64714,1
64715,1
64716,0
64717,1
64718,1
64719,1
64720,1
64721,1
64722,0
64723,1
64724,0
64725,0
64726,0
64727,1
64728,1
64729,1
64730,1
64731,1
64732,0
64733,1
64734,1
64735,1
64736,1
64737,0
64738,1
64739,1
64740,1
64741,1
64742,1
64743,1
64744,1
64745,0
64746,1
64747,1
64748,1
64749,1
64750,1
64751,1
64752,1
64753,1
64754,0
64755,1
64756,0
64757,0
64758,1
64759,1
64760,1
64761,1
64762,1
64763,1
64764,1
64765,1
64766,0
64767,1
64768,1
64769,0
64770,1
64771,1
64772,1
64773,0
64774,1
64775,1
64776,1
64777,0
64778,1
64779,1
64780,1
64781,1
64782,1
64783,1
64784,1
64785,1
64786,1
64787,1
64788,1
64789,1
64790,1
64791,1
64792,0
64793,0
64794,0
64795,0
64796,1
64797,0
64798,1
64799,1
64800,1
64801,1
64802,0
64803,1
64804,1
64805,1
64806,1
64807,1
64808,1
64809,1
64810,1
64811,1
64812,1
64813,1
64814,1
64815,1
64816,0
64817,1
64818,1
64819,0
64820,1
64821,0
64822,1
64823,1
64824,1
64825,1
64826,1
64827,1
64828,0
64829,1
64830,1
64831,1
64832,1
64833,1
64834,0
64835,0
64836,0
64837,1
64838,1
64839,1
64840,1
64841,1
64842,1
64843,0
64844,0
64845,1
64846,1
64847,0
64848,1
64849,1
64850,0
64851,0
64852,1
64853,1
64854,1
64855,1
64856,1
64857,1
64858,1
64859,1
64860,1
64861,1
64862,1
64863,1
64864,1
64865,1
64866,1
64867,1
64868,0
64869,1
64870,0
64871,1
64872,1
64873,1
64874,1
64875,1
64876,0
64877,1
64878,0
64879,1
64880,1
64881,0
64882,1
64883,1
64884,1
64885,0
64886,0
64887,1
64888,1
64889,1
64890,0
64891,1
64892,1
64893,0
64894,1
64895,1
64896,1
64897,1
64898,1
64899,1
64900,1
64901,1
64902,0
64903,1
64904,0
64905,1
64906,1
64907,0
64908,1
64909,1
64910,1
64911,0
64912,1
64913,0
64914,0
64915,0
64916,1
64917,1
64918,1
64919,0
64920,0
64921,1
64922,0
64923,1
64924,1
64925,0
64926,0
64927,1
64928,1
64929,0
64930,1
64931,0
64932,0
64933,1
64934,0
64935,0
64936,0
64937,1
64938,1
64939,1
64940,1
64941,1
64942,0
64943,1
64944,1
64945,1
64946,1
64947,1
64948,1
64949,1
64950,1
64951,1
64952,1
64953,0
64954,1
64955,0
64956,1
64957,1
64958,1
64959,1
64960,1
64961,1
64962,0
64963,1
64964,1
64965,1
64966,1
64967,0
64968,1
64969,1
64970,1
64971,1
64972,1
64973,1
64974,1
64975,1
64976,0
64977,0
64978,1
64979,1
64980,1
64981,1
64982,1
64983,0
64984,1
64985,1
64986,1
64987,0
64988,1
64989,0
64990,1
64991,1
64992,1
64993,0
64994,1
64995,0
64996,1
64997,1
64998,0
64999,0
65000,1
65001,1
65002,1
65003,1
65004,1
65005,1
65006,1
65007,1
65008,1
65009,1
65010,1
65011,0
65012,1
65013,1
65014,1
65015,1
65016,1
65017,0
65018,1
65019,1
65020,1
65021,1
65022,0
65023,1
65024,1
65025,0
65026,1
65027,1
65028,0
65029,1
65030,1
65031,1
65032,0
65033,1
65034,1
65035,1
65036,1
65037,0
65038,1
65039,1
65040,1
65041,1
65042,0
65043,0
65044,1
65045,1
65046,1
65047,0
65048,1
65049,1
65050,1
65051,1
65052,0
65053,1
65054,0
65055,0
65056,1
65057,1
65058,1
65059,1
65060,1
65061,1
65062,0
65063,0
65064,1
65065,1
65066,1
65067,1
65068,1
65069,1
65070,1
65071,0
65072,0
65073,0
65074,0
65075,1
65076,1
65077,1
65078,1
65079,1
65080,0
65081,0
65082,1
65083,1
65084,1
65085,0
65086,1
65087,1
65088,1
65089,1
65090,0
65091,1
65092,0
65093,1
65094,1
65095,1
65096,1
65097,0
65098,1
65099,0
65100,1
65101,1
65102,0
65103,1
65104,1
65105,0
65106,0
65107,1
65108,0
65109,1
65110,1
65111,1
65112,1
65113,1
65114,1
65115,0
65116,0
65117,0
65118,1
65119,0
65120,1
65121,1
65122,1
65123,1
65124,0
65125,0
65126,0
65127,0
65128,1
65129,1
65130,1
65131,0
65132,1
65133,1
65134,1
65135,1
65136,1
65137,1
65138,0
65139,1
65140,0
65141,1
65142,1
65143,1
65144,1
65145,1
65146,0
65147,0
65148,1
65149,0
65150,0
65151,1
65152,0
65153,1
65154,1
65155,1
65156,1
65157,1
65158,0
65159,1
65160,0
65161,1
65162,1
65163,0
65164,0
65165,0
65166,0
65167,0
65168,1
65169,0
65170,1
65171,1
65172,1
65173,1
65174,0
65175,1
65176,0
65177,0
65178,0
65179,1
65180,1
65181,1
65182,0
65183,0
65184,1
65185,1
65186,1
65187,1
65188,0
65189,1
65190,1
65191,1
65192,1
65193,1
65194,1
65195,1
65196,1
65197,1
65198,0
65199,1
65200,1
65201,0
65202,1
65203,1
65204,0
65205,0
65206,1
65207,1
65208,1
65209,0
65210,0
65211,1
65212,1
65213,1
65214,0
65215,1
65216,1
65217,1
65218,0
65219,1
65220,1
65221,1
65222,1
65223,1
65224,1
65225,1
65226,1
65227,1
65228,1
65229,1
65230,0
65231,1
65232,1
65233,0
65234,1
65235,1
65236,1
65237,1
65238,1
65239,1
65240,1
65241,1
65242,1
65243,1
65244,0
65245,0
65246,1
65247,0
65248,1
65249,0
65250,1
65251,0
65252,1
65253,0
65254,0
65255,1
65256,1
65257,1
65258,1
65259,1
65260,1
65261,1
65262,1
65263,1
65264,1
65265,1
65266,1
65267,1
65268,1
65269,0
65270,1
65271,1
65272,0
65273,0
65274,1
65275,1
65276,0
65277,1
65278,0
65279,1
65280,0
65281,1
65282,0
65283,0
65284,0
65285,1
65286,0
65287,1
65288,1
65289,1
65290,0
65291,1
65292,0
65293,1
65294,1
65295,1
65296,1
65297,0
65298,1
65299,1
65300,1
65301,1
65302,1
65303,1
65304,1
65305,1
65306,1
65307,1
65308,1
65309,0
65310,1
65311,1
65312,1
65313,1
65314,1
65315,1
65316,0
65317,1
65318,1
65319,1
65320,1
65321,1
65322,1
65323,1
65324,1
65325,1
65326,1
65327,0
65328,1
65329,1
65330,1
65331,1
65332,1
65333,1
65334,0
65335,0
65336,1
65337,0
65338,1
65339,1
65340,1
65341,1
65342,1
65343,0
65344,0
65345,1
65346,1
65347,1
65348,1
65349,1
65350,0
65351,1
65352,1
65353,0
65354,0
65355,1
65356,0
65357,1
65358,1
65359,1
65360,0
65361,1
65362,0
65363,1
65364,0
65365,1
65366,1
65367,1
65368,1
65369,1
65370,1
65371,0
65372,1
65373,1
65374,0
65375,0
65376,0
65377,1
65378,0
65379,1
65380,0
65381,1
65382,1
65383,0
65384,1
65385,0
65386,1
65387,0
65388,0
65389,1
65390,1
65391,0
65392,0
65393,1
65394,1
65395,1
65396,1
65397,1
65398,1
65399,1
65400,1
65401,0
65402,1
65403,1
65404,1
65405,1
65406,0
65407,1
65408,1
65409,1
65410,1
65411,1
65412,1
65413,1
65414,0
65415,1
65416,0
65417,1
65418,1
65419,1
65420,1
65421,1
65422,0
65423,0
65424,1
65425,0
65426,1
65427,1
65428,1
65429,0
65430,0
65431,1
65432,1
65433,1
65434,1
65435,1
65436,1
65437,1
65438,1
65439,0
65440,1
65441,1
65442,1
65443,1
65444,1
65445,1
65446,1
65447,0
65448,0
65449,0
65450,1
65451,1
65452,1
65453,1
65454,0
65455,0
65456,1
65457,1
65458,1
65459,1
65460,0
65461,1
65462,1
65463,1
65464,0
65465,1
65466,1
65467,1
65468,0
65469,1
65470,0
65471,1
65472,0
65473,0
65474,1
65475,1
65476,1
65477,1
65478,1
65479,1
65480,1
65481,1
65482,0
65483,0
65484,1
65485,1
65486,1
65487,1
65488,0
65489,1
65490,0
65491,1
65492,0
65493,1
65494,0
65495,1
65496,1
65497,0
65498,1
65499,1
65500,1
65501,1
65502,1
65503,1
65504,1
65505,1
65506,1
65507,1
65508,1
65509,0
65510,1
65511,1
65512,1
65513,0
65514,1
65515,0
65516,1
65517,1
65518,1
65519,1
65520,1
65521,0
65522,1
65523,0
65524,0
65525,1
65526,1
65527,0
65528,0
65529,1
65530,1
65531,0
65532,1
65533,0
65534,0
65535,1
65536,0
65537,0
65538,1
65539,1
65540,1
65541,1
65542,1
65543,1
65544,1
65545,1
65546,1
65547,0
65548,1
65549,1
65550,1
65551,1
65552,0
65553,0
65554,1
65555,0
65556,1
65557,1
65558,0
65559,0
65560,1
65561,1
65562,1
65563,1
65564,1
65565,1
65566,1
65567,1
65568,1
65569,1
65570,1
65571,1
65572,1
65573,1
65574,1
65575,1
65576,1
65577,0
65578,1
65579,1
65580,1
65581,1
65582,1
65583,1
65584,1
65585,1
65586,0
65587,1
65588,1
65589,1
65590,1
65591,0
65592,0
65593,1
65594,1
65595,0
65596,0
65597,0
65598,1
65599,1
65600,0
65601,0
65602,1
65603,0
65604,1
65605,1
65606,1
65607,0
65608,0
65609,1
65610,1
65611,1
65612,1
65613,0
65614,0
65615,1
65616,1
65617,1
65618,1
65619,1
65620,0
65621,1
65622,1
65623,1
65624,0
65625,0
65626,1
65627,1
65628,0
65629,1
65630,1
65631,1
65632,1
65633,1
65634,1
65635,1
65636,1
65637,1
65638,0
65639,0
65640,0
65641,0
65642,1
65643,1
65644,1
65645,1
65646,1
65647,1
65648,0
65649,1
65650,0
65651,1
65652,0
65653,1
65654,1
65655,0
65656,1
65657,0
65658,1
65659,1
65660,0
65661,1
65662,0
65663,1
65664,0
65665,1
65666,0
65667,1
65668,1
65669,0
65670,1
65671,1
65672,0
65673,1
65674,1
65675,1
65676,1
65677,1
65678,0
65679,1
65680,1
65681,0
65682,0
65683,1
65684,1
65685,0
65686,0
65687,0
65688,1
65689,0
65690,1
65691,0
65692,1
65693,1
65694,1
65695,1
65696,1
65697,1
65698,1
65699,1
65700,1
65701,0
65702,1
65703,1
65704,1
65705,1
65706,1
65707,1
65708,1
65709,1
65710,1
65711,0
65712,1
65713,1
65714,1
65715,1
65716,1
65717,0
65718,1
65719,0
65720,1
65721,1
65722,1
65723,1
65724,1
65725,0
65726,1
65727,1
65728,0
65729,0
65730,1
65731,1
65732,1
65733,1
65734,0
65735,1
65736,1
65737,1
65738,0
65739,1
65740,0
65741,1
65742,1
65743,1
65744,0
65745,0
65746,1
65747,1
65748,1
65749,0
65750,1
65751,0
65752,0
65753,1
65754,0
65755,1
65756,0
65757,1
65758,1
65759,0
65760,0
65761,1
65762,0
65763,1
65764,1
65765,1
65766,1
65767,1
65768,1
65769,0
65770,1
65771,1
65772,1
65773,0
65774,1
65775,1
65776,1
65777,1
65778,1
65779,1
65780,1
65781,0
65782,0
65783,1
65784,1
65785,1
65786,1
65787,1
65788,1
65789,0
65790,1
65791,1
65792,1
65793,1
65794,1
65795,1
65796,1
65797,1
65798,1
65799,0
65800,0
65801,0
65802,1
65803,1
65804,1
65805,1
65806,1
65807,1
65808,1
65809,1
65810,0
65811,1
65812,0
65813,1
65814,1
65815,1
65816,0
65817,0
65818,0
65819,1
65820,1
65821,1
65822,0
65823,0
65824,1
65825,1
65826,1
65827,0
65828,1
65829,1
65830,1
65831,0
65832,1
65833,1
65834,0
65835,1
65836,1
65837,1
65838,1
65839,1
65840,0
65841,1
65842,1
65843,1
65844,0
65845,1
65846,1
65847,1
65848,1
65849,1
65850,0
65851,0
65852,1
65853,0
65854,0
65855,1
65856,0
65857,0
65858,1
65859,1
65860,1
65861,1
65862,0
65863,1
65864,1
65865,1
65866,1
65867,1
65868,1
65869,1
65870,1
65871,1
65872,1
65873,1
65874,1
65875,1
65876,0
65877,0
65878,0
65879,1
65880,0
65881,0
65882,0
65883,1
65884,1
65885,0
65886,1
65887,1
65888,1
65889,1
65890,1
65891,0
65892,1
65893,0
65894,0
65895,0
65896,1
65897,1
65898,1
65899,1
65900,1
65901,0
65902,0
65903,1
65904,0
65905,1
65906,0
65907,0
65908,0
65909,1
65910,0
65911,0
65912,1
65913,1
65914,1
65915,0
65916,1
65917,0
65918,1
65919,1
65920,0
65921,1
65922,0
65923,1
65924,1
65925,1
65926,1
65927,1
65928,1
65929,1
65930,0
65931,1
65932,1
65933,0
65934,0
65935,1
65936,1
65937,1
65938,0
65939,1
65940,1
65941,1
65942,1
65943,1
65944,1
65945,1
65946,0
65947,0
65948,0
65949,1
65950,0
65951,0
65952,1
65953,0
65954,1
65955,1
65956,1
65957,1
65958,1
65959,1
65960,0
65961,1
65962,0
65963,1
65964,1
65965,0
65966,1
65967,1
65968,1
65969,1
65970,1
65971,0
65972,1
65973,1
65974,1
65975,1
65976,0
65977,1
65978,1
65979,1
65980,1
65981,0
65982,1
65983,1
65984,0
65985,1
65986,0
65987,1
65988,1
65989,1
65990,1
65991,1
65992,1
65993,1
65994,1
65995,1
65996,1
65997,0
65998,1
65999,1
66000,1
66001,1
66002,1
66003,1
66004,0
66005,1
66006,0
66007,0
66008,1
66009,1
66010,0
66011,1
66012,0
66013,0
66014,1
66015,1
66016,1
66017,0
66018,1
66019,1
66020,0
66021,1
66022,1
66023,1
66024,1
66025,1
66026,1
66027,0
66028,0
66029,1
66030,1
66031,0
66032,0
66033,1
66034,1
66035,1
66036,1
66037,0
66038,0
66039,1
66040,0
66041,1
66042,1
66043,1
66044,0
66045,1
66046,0
66047,0
66048,1
66049,0
66050,1
66051,1
66052,0
66053,1
66054,0
66055,1
66056,1
66057,1
66058,0
66059,0
66060,1
66061,0
66062,1
66063,0
66064,1
66065,0
66066,0
66067,1
66068,0
66069,1
66070,1
66071,1
66072,1
66073,1
66074,1
66075,0
66076,1
66077,1
66078,1
66079,1
66080,1
66081,1
66082,0
66083,0
66084,0
66085,1
66086,1
66087,1
66088,1
66089,1
66090,0
66091,1
66092,1
66093,1
66094,1
66095,0
66096,1
66097,1
66098,0
66099,1
66100,0
66101,1
66102,1
66103,1
66104,1
66105,1
66106,1
66107,1
66108,1
66109,1
66110,0
66111,1
66112,0
66113,1
66114,1
66115,1
66116,1
66117,1
66118,1
66119,0
66120,1
66121,1
66122,1
66123,1
66124,1
66125,1
66126,1
66127,0
66128,1
66129,0
66130,0
66131,1
66132,0
66133,1
66134,1
66135,0
66136,0
66137,1
66138,1
66139,0
66140,0
66141,1
66142,1
66143,0
66144,1
66145,0
66146,1
66147,1
66148,0
66149,0
66150,1
66151,0
66152,1
66153,1
66154,0
66155,1
66156,1
66157,0
66158,1
66159,0
66160,1
66161,0
66162,1
66163,1
66164,1
66165,1
66166,1
66167,0
66168,1
66169,1
66170,1
66171,1
66172,1
66173,0
66174,1
66175,1
66176,1
66177,1
66178,1
66179,1
66180,1
66181,1
66182,1
66183,0
66184,1
66185,0
66186,0
66187,1
66188,1
66189,1
66190,1
66191,1
66192,1
66193,1
66194,1
66195,1
66196,1
66197,1
66198,1
66199,1
66200,1
66201,1
66202,1
66203,1
66204,1
66205,1
66206,1
66207,1
66208,1
66209,1
66210,1
66211,0
66212,1
66213,1
66214,1
66215,0
66216,1
66217,0
66218,1
66219,1
66220,1
66221,0
66222,1
66223,1
66224,0
66225,1
66226,1
66227,1
66228,1
66229,0
66230,0
66231,1
66232,1
66233,1
66234,0
66235,1
66236,1
66237,1
66238,1
66239,1
66240,0
66241,1
66242,0
66243,1
66244,1
66245,1
66246,1
66247,0
66248,1
66249,1
66250,1
66251,0
66252,0
66253,0
66254,1
66255,1
66256,0
66257,1
66258,1
66259,1
66260,1
66261,0
66262,1
66263,1
66264,0
66265,0
66266,1
66267,1
66268,1
66269,1
66270,0
66271,1
66272,1
66273,1
66274,1
66275,1
66276,1
66277,0
66278,1
66279,1
66280,0
66281,0
66282,1
66283,1
66284,1
66285,1
66286,0
66287,1
66288,1
66289,0
66290,1
66291,1
66292,1
66293,0
66294,1
66295,1
66296,1
66297,1
66298,1
66299,0
66300,1
66301,0
66302,1
66303,1
66304,1
66305,0
66306,1
66307,1
66308,1
66309,1
66310,1
66311,1
66312,1
66313,0
66314,1
66315,1
66316,1
66317,1
66318,1
66319,0
66320,0
66321,0
66322,0
66323,0
66324,1
66325,1
66326,1
66327,1
66328,1
66329,1
66330,1
66331,0
66332,0
66333,1
66334,1
66335,1
66336,1
66337,0
66338,0
66339,1
66340,1
66341,0
66342,1
66343,1
66344,0
66345,0
66346,1
66347,1
66348,1
66349,1
66350,1
66351,1
66352,1
66353,1
66354,1
66355,1
66356,1
66357,0
66358,0
66359,1
66360,1
66361,1
66362,1
66363,0
66364,1
66365,1
66366,1
66367,1
66368,1
66369,1
66370,0
66371,1
66372,1
66373,1
66374,1
66375,0
66376,0
66377,0
66378,0
66379,0
66380,1
66381,1
66382,1
66383,0
66384,1
66385,1
66386,1
66387,0
66388,0
66389,1
66390,1
66391,0
66392,1
66393,1
66394,1
66395,1
66396,1
66397,1
66398,0
66399,0
66400,1
66401,1
66402,1
66403,1
66404,1
66405,1
66406,1
66407,1
66408,0
66409,1
66410,1
66411,1
66412,0
66413,0
66414,1
66415,1
66416,1
66417,1
66418,1
66419,1
66420,1
66421,1
66422,1
66423,1
66424,1
66425,1
66426,1
66427,1
66428,1
66429,0
66430,1
66431,1
66432,1
66433,1
66434,1
66435,1
66436,1
66437,1
66438,1
66439,0
66440,0
66441,1
66442,1
66443,1
66444,0
66445,0
66446,0
66447,1
66448,0
66449,1
66450,1
66451,0
66452,1
66453,0
66454,1
66455,1
66456,1
66457,0
66458,1
66459,1
66460,1
66461,1
66462,0
66463,0
66464,1
66465,0
66466,1
66467,1
66468,0
66469,1
66470,1
66471,0
66472,0
66473,1
66474,1
66475,1
66476,0
66477,1
66478,1
66479,1
66480,0
66481,1
66482,1
66483,1
66484,1
66485,1
66486,1
66487,1
66488,1
66489,0
66490,1
66491,0
66492,0
66493,1
66494,1
66495,1
66496,1
66497,1
66498,1
66499,1
66500,0
66501,1
66502,1
66503,1
66504,0
66505,1
66506,1
66507,1
66508,1
66509,1
66510,1
66511,1
66512,1
66513,1
66514,1
66515,1
66516,1
66517,1
66518,1
66519,1
66520,0
66521,1
66522,1
66523,1
66524,1
66525,1
66526,1
66527,1
66528,1
66529,1
66530,1
66531,0
66532,1
66533,1
66534,1
66535,1
66536,1
66537,1
66538,1
66539,0
66540,1
66541,0
66542,1
66543,1
66544,0
66545,0
66546,1
66547,1
66548,1
66549,0
66550,0
66551,0
66552,1
66553,1
66554,1
66555,1
66556,1
66557,1
66558,0
66559,1
66560,1
66561,0
66562,0
66563,1
66564,1
66565,1
66566,1
66567,0
66568,1
66569,1
66570,1
66571,1
66572,1
66573,1
66574,1
66575,1
66576,1
66577,1
66578,1
66579,1
66580,1
66581,1
66582,1
66583,1
66584,0
66585,1
66586,1
66587,1
66588,1
66589,1
66590,1
66591,1
66592,0
66593,1
66594,1
66595,1
66596,1
66597,1
66598,1
66599,1
66600,1
66601,0
66602,0
66603,1
66604,1
66605,0
66606,0
66607,1
66608,0
66609,1
66610,1
66611,1
66612,1
66613,1
66614,1
66615,1
66616,0
66617,1
66618,1
66619,0
66620,0
66621,1
66622,1
66623,1
66624,1
66625,0
66626,0
66627,1
66628,0
66629,1
66630,1
66631,0
66632,0
66633,1
66634,0
66635,1
66636,0
66637,1
66638,1
66639,1
66640,1
66641,1
66642,1
66643,1
66644,0
66645,1
66646,1
66647,1
66648,1
66649,0
66650,1
66651,1
66652,1
66653,1
66654,1
66655,1
66656,1
66657,1
66658,0
66659,1
66660,1
66661,1
66662,0
66663,1
66664,0
66665,1
66666,1
66667,0
66668,0
66669,1
66670,0
66671,0
66672,1
66673,1
66674,0
66675,1
66676,1
66677,1
66678,1
66679,1
66680,1
66681,1
66682,0
66683,1
66684,1
66685,1
66686,1
66687,0
66688,1
66689,1
66690,1
66691,0
66692,1
66693,1
66694,0
66695,1
66696,1
66697,1
66698,1
66699,1
66700,1
66701,1
66702,1
66703,1
66704,0
66705,1
66706,1
66707,0
66708,1
66709,1
66710,1
66711,1
66712,0
66713,0
66714,1
66715,0
66716,1
66717,1
66718,0
66719,1
66720,1
66721,1
66722,1
66723,0
66724,1
66725,1
66726,1
66727,0
66728,1
66729,1
66730,1
66731,0
66732,1
66733,1
66734,1
66735,1
66736,1
66737,1
66738,1
66739,0
66740,1
66741,1
66742,0
66743,1
66744,0
66745,1
66746,1
66747,0
66748,0
66749,0
66750,0
66751,0
66752,0
66753,1
66754,1
66755,1
66756,1
66757,1
66758,1
66759,1
66760,1
66761,1
66762,0
66763,1
66764,1
66765,1
66766,1
66767,1
66768,0
66769,1
66770,1
66771,0
66772,1
66773,1
66774,0
66775,1
66776,1
66777,1
66778,1
66779,1
66780,0
66781,1
66782,1
66783,1
66784,1
66785,1
66786,1
66787,0
66788,1
66789,1
66790,1
66791,0
66792,1
66793,1
66794,0
66795,1
66796,0
66797,1
66798,1
66799,1
66800,1
66801,1
66802,1
66803,1
66804,0
66805,0
66806,1
66807,1
66808,0
66809,0
66810,1
66811,1
66812,0
66813,1
66814,1
66815,0
66816,1
66817,1
66818,1
66819,1
66820,0
66821,1
66822,0
66823,0
66824,1
66825,0
66826,0
66827,1
66828,0
66829,1
66830,0
66831,0
66832,1
66833,1
66834,1
66835,0
66836,1
66837,1
66838,1
66839,1
66840,1
66841,0
66842,1
66843,1
66844,1
66845,0
66846,1
66847,0
66848,1
66849,1
66850,0
66851,1
66852,0
66853,1
66854,1
66855,1
66856,1
66857,1
66858,1
66859,0
66860,1
66861,1
66862,1
66863,1
66864,1
66865,1
66866,0
66867,1
66868,1
66869,1
66870,0
66871,0
66872,0
66873,1
66874,1
66875,1
66876,1
66877,1
66878,1
66879,1
66880,1
66881,0
66882,0
66883,0
66884,1
66885,0
66886,1
66887,1
66888,1
66889,1
66890,1
66891,1
66892,1
66893,1
66894,1
66895,1
66896,1
66897,1
66898,1
66899,1
66900,1
66901,0
66902,1
66903,1
66904,0
66905,1
66906,1
66907,1
66908,1
66909,1
66910,0
66911,0
66912,0
66913,1
66914,0
66915,1
66916,1
66917,1
66918,1
66919,1
66920,1
66921,0
66922,1
66923,0
66924,0
66925,0
66926,1
66927,1
66928,1
66929,1
66930,1
66931,1
66932,1
66933,1
66934,1
66935,1
66936,1
66937,1
66938,1
66939,1
66940,1
66941,1
66942,1
66943,1
66944,1
66945,0
66946,1
66947,1
66948,1
66949,1
66950,1
66951,1
66952,1
66953,0
66954,1
66955,0
66956,0
66957,0
66958,0
66959,1
66960,1
66961,0
66962,1
66963,1
66964,1
66965,1
66966,1
66967,1
66968,0
66969,0
66970,1
66971,1
66972,1
66973,1
66974,1
66975,1
66976,0
66977,0
66978,1
66979,0
66980,0
66981,1
66982,1
66983,1
66984,1
66985,1
66986,0
66987,1
66988,1
66989,0
66990,1
66991,0
66992,1
66993,0
66994,1
66995,1
66996,1
66997,1
66998,1
66999,1
67000,1
67001,0
67002,1
67003,1
67004,1
67005,1
67006,1
67007,1
67008,1
67009,1
67010,1
67011,1
67012,1
67013,1
67014,1
67015,1
67016,1
67017,1
67018,1
67019,1
67020,1
67021,1
67022,1
67023,0
67024,0
67025,1
67026,1
67027,1
67028,0
67029,0
67030,1
67031,1
67032,0
67033,1
67034,1
67035,1
67036,1
67037,0
67038,1
67039,1
67040,1
67041,1
67042,1
67043,0
67044,1
67045,1
67046,0
67047,1
67048,1
67049,1
67050,1
67051,1
67052,1
67053,1
67054,0
67055,1
67056,1
67057,0
67058,1
67059,1
67060,1
67061,1
67062,0
67063,1
67064,0
67065,0
67066,0
67067,0
67068,1
67069,0
67070,0
67071,0
67072,0
67073,0
67074,0
67075,1
67076,1
67077,0
67078,1
67079,1
67080,0
67081,1
67082,1
67083,0
67084,1
67085,1
67086,0
67087,0
67088,1
67089,1
67090,1
67091,0
67092,1
67093,1
67094,1
67095,1
67096,1
67097,1
67098,1
67099,1
67100,1
67101,1
67102,1
67103,0
67104,1
67105,1
67106,1
67107,0
67108,1
67109,1
67110,1
67111,1
67112,1
67113,0
67114,1
67115,0
67116,0
67117,1
67118,0
67119,1
67120,0
67121,0
67122,1
67123,1
67124,1
67125,1
67126,0
67127,1
67128,1
67129,1
67130,0
67131,0
67132,1
67133,1
67134,0
67135,1
67136,0
67137,1
67138,1
67139,1
67140,1
67141,0
67142,1
67143,1
67144,1
67145,0
67146,1
67147,0
67148,0
67149,1
67150,0
67151,1
67152,1
67153,1
67154,1
67155,0
67156,1
67157,1
67158,1
67159,0
67160,1
67161,1
67162,0
67163,1
67164,1
67165,1
67166,0
67167,0
67168,0
67169,0
67170,0
67171,0
67172,0
67173,1
67174,0
67175,1
67176,1
67177,1
67178,1
67179,1
67180,1
67181,1
67182,1
67183,1
67184,1
67185,1
67186,1
67187,1
67188,1
67189,1
67190,1
67191,1
67192,1
67193,1
67194,1
67195,1
67196,1
67197,1
67198,1
67199,1
67200,1
67201,1
67202,0
67203,1
67204,0
67205,0
67206,0
67207,1
67208,1
67209,1
67210,0
67211,1
67212,1
67213,0
67214,1
67215,1
67216,1
67217,1
67218,0
67219,0
67220,0
67221,1
67222,1
67223,1
67224,1
67225,1
67226,1
67227,1
67228,1
67229,0
67230,0
67231,1
67232,0
67233,1
67234,1
67235,0
67236,1
67237,1
67238,0
67239,1
67240,1
67241,1
67242,0
67243,1
67244,1
67245,1
67246,1
67247,0
67248,0
67249,1
67250,0
67251,1
67252,1
67253,0
67254,1
67255,0
67256,1
67257,1
67258,0
67259,1
67260,0
67261,1
67262,1
67263,0
67264,1
67265,1
67266,1
67267,0
67268,1
67269,1
67270,1
67271,1
67272,1
67273,1
67274,1
67275,1
67276,1
67277,0
67278,1
67279,1
67280,1
67281,1
67282,1
67283,0
67284,0
67285,1
67286,1
67287,1
67288,0
67289,1
67290,0
67291,1
67292,1
67293,1
67294,1
67295,1
67296,1
67297,1
67298,1
67299,1
67300,0
67301,1
67302,0
67303,1
67304,0
67305,1
67306,1
67307,1
67308,1
67309,1
67310,1
67311,1
67312,1
67313,1
67314,1
67315,1
67316,1
67317,0
67318,0
67319,0
67320,1
67321,0
67322,0
67323,1
67324,1
67325,1
67326,0
67327,1
67328,1
67329,0
67330,0
67331,0
67332,1
67333,0
67334,0
67335,0
67336,1
67337,1
67338,0
67339,1
67340,1
67341,1
67342,0
67343,1
67344,1
67345,1
67346,1
67347,1
67348,1
67349,0
67350,0
67351,1
67352,1
67353,0
67354,0
67355,1
67356,0
67357,1
67358,1
67359,1
67360,0
67361,1
67362,0
67363,1
67364,1
67365,1
67366,1
67367,0
67368,1
67369,1
67370,1
67371,0
67372,1
67373,1
67374,1
67375,0
67376,1
67377,0
67378,1
67379,0
67380,1
67381,0
67382,0
67383,1
67384,0
67385,1
67386,1
67387,1
67388,1
67389,0
67390,0
67391,0
67392,0
67393,0
67394,1
67395,0
67396,1
67397,1
67398,1
67399,1
67400,1
67401,1
67402,0
67403,1
67404,1
67405,1
67406,0
67407,0
67408,1
67409,1
67410,1
67411,0
67412,1
67413,0
67414,1
67415,0
67416,1
67417,1
67418,0
67419,0
67420,0
67421,0
67422,1
67423,0
67424,0
67425,1
67426,0
67427,1
67428,1
67429,1
67430,1
67431,1
67432,1
67433,1
67434,0
67435,0
67436,1
67437,1
67438,1
67439,0
67440,1
67441,0
67442,0
67443,0
67444,1
67445,1
67446,1
67447,1
67448,1
67449,0
67450,1
67451,1
67452,1
67453,1
67454,1
67455,1
67456,0
67457,1
67458,1
67459,1
67460,1
67461,1
67462,1
67463,1
67464,1
67465,1
67466,0
67467,1
67468,1
67469,1
67470,1
67471,1
67472,1
67473,0
67474,0
67475,1
67476,0
67477,1
67478,0
67479,1
67480,1
67481,1
67482,0
67483,1
67484,1
67485,1
67486,1
67487,0
67488,0
67489,1
67490,0
67491,1
67492,0
67493,0
67494,0
67495,1
67496,1
67497,1
67498,0
67499,1
67500,0
67501,1
67502,1
67503,1
67504,1
67505,1
67506,1
67507,0
67508,0
67509,1
67510,1
67511,1
67512,1
67513,1
67514,0
67515,1
67516,1
67517,1
67518,1
67519,1
67520,0
67521,1
67522,0
67523,1
67524,1
67525,0
67526,1
67527,0
67528,1
67529,1
67530,1
67531,1
67532,0
67533,0
67534,1
67535,1
67536,1
67537,1
67538,0
67539,1
67540,0
67541,0
67542,1
67543,1
67544,1
67545,1
67546,1
67547,0
67548,1
67549,1
67550,0
67551,1
67552,0
67553,0
67554,1
67555,1
67556,1
67557,0
67558,0
67559,0
67560,0
67561,1
67562,1
67563,0
67564,1
67565,0
67566,1
67567,1
67568,1
67569,1
67570,1
67571,1
67572,1
67573,1
67574,1
67575,1
67576,1
67577,1
67578,0
67579,0
67580,1
67581,0
67582,0
67583,0
67584,1
67585,1
67586,0
67587,0
67588,0
67589,0
67590,1
67591,1
67592,1
67593,1
67594,0
67595,1
67596,0
67597,1
67598,1
67599,1
67600,1
67601,1
67602,1
67603,1
67604,1
67605,0
67606,0
67607,1
67608,0
67609,1
67610,1
67611,0
67612,1
67613,1
67614,1
67615,1
67616,1
67617,0
67618,0
67619,1
67620,1
67621,0
67622,0
67623,0
67624,1
67625,1
67626,1
67627,1
67628,0
67629,0
67630,1
67631,0
67632,0
67633,1
67634,1
67635,0
67636,1
67637,1
67638,0
67639,1
67640,1
67641,1
67642,1
67643,0
67644,1
67645,1
67646,1
67647,0
67648,0
67649,1
67650,0
67651,1
67652,0
67653,1
67654,1
67655,1
67656,1
67657,0
67658,1
67659,1
67660,1
67661,1
67662,1
67663,0
67664,0
67665,0
67666,1
67667,1
67668,0
67669,1
67670,1
67671,1
67672,0
67673,1
67674,0
67675,1
67676,1
67677,1
67678,0
67679,0
67680,1
67681,1
67682,0
67683,1
67684,1
67685,1
67686,1
67687,1
67688,0
67689,1
67690,1
67691,1
67692,1
67693,1
67694,1
67695,0
67696,0
67697,1
67698,0
67699,0
67700,1
67701,0
67702,1
67703,1
67704,1
67705,1
67706,0
67707,0
67708,0
67709,0
67710,1
67711,1
67712,1
67713,0
67714,1
67715,1
67716,1
67717,1
67718,1
67719,0
67720,1
67721,1
67722,0
67723,0
67724,1
67725,0
67726,1
67727,1
67728,1
67729,1
67730,1
67731,1
67732,0
67733,1
67734,0
67735,1
67736,1
67737,0
67738,1
67739,1
67740,1
67741,1
67742,1
67743,0
67744,0
67745,1
67746,1
67747,0
67748,1
67749,1
67750,1
67751,1
67752,1
67753,1
67754,0
67755,0
67756,1
67757,0
67758,1
67759,0
67760,1
67761,1
67762,1
67763,1
67764,0
67765,1
67766,1
67767,1
67768,1
67769,0
67770,1
67771,0
67772,1
67773,1
67774,1
67775,1
67776,1
67777,1
67778,1
67779,1
67780,1
67781,0
67782,1
67783,0
67784,0
67785,1
67786,1
67787,0
67788,0
67789,1
67790,0
67791,1
67792,0
67793,0
67794,0
67795,1
67796,1
67797,1
67798,1
67799,1
67800,0
67801,0
67802,1
67803,1
67804,0
67805,1
67806,1
67807,1
67808,0
67809,0
67810,0
67811,0
67812,1
67813,1
67814,1
67815,1
67816,1
67817,0
67818,0
67819,1
67820,1
67821,0
67822,0
67823,1
67824,1
67825,1
67826,1
67827,0
67828,1
67829,1
67830,0
67831,0
67832,1
67833,1
67834,0
67835,0
67836,1
67837,1
67838,1
67839,0
67840,1
67841,1
67842,1
67843,1
67844,1
67845,1
67846,0
67847,1
67848,1
67849,1
67850,1
67851,0
67852,0
67853,0
67854,0
67855,1
67856,0
67857,0
67858,0
67859,1
67860,1
67861,0
67862,0
67863,1
67864,0
67865,1
67866,1
67867,1
67868,0
67869,1
67870,1
67871,1
67872,1
67873,1
67874,1
67875,1
67876,1
67877,1
67878,1
67879,1
67880,1
67881,1
67882,0
67883,1
67884,1
67885,0
67886,0
67887,0
67888,1
67889,1
67890,0
67891,1
67892,1
67893,1
67894,0
67895,1
67896,1
67897,0
67898,1
67899,1
67900,1
67901,1
67902,0
67903,1
67904,1
67905,1
67906,1
67907,0
67908,0
67909,1
67910,0
67911,1
67912,1
67913,1
67914,1
67915,1
67916,0
67917,1
67918,1
67919,0
67920,1
67921,0
67922,1
67923,1
67924,1
67925,1
67926,1
67927,1
67928,1
67929,0
67930,1
67931,1
67932,1
67933,1
67934,1
67935,0
67936,1
67937,1
67938,1
67939,1
67940,1
67941,1
67942,1
67943,1
67944,1
67945,1
67946,1
67947,1
67948,1
67949,1
67950,1
67951,0
67952,1
67953,1
67954,1
67955,1
67956,1
67957,1
67958,0
67959,1
67960,1
67961,0
67962,0
67963,1
67964,0
67965,0
67966,1
67967,1
67968,1
67969,1
67970,1
67971,1
67972,0
67973,0
67974,1
67975,1
67976,1
67977,0
67978,0
67979,0
67980,1
67981,0
67982,1
67983,1
67984,1
67985,1
67986,1
67987,0
67988,1
67989,1
67990,1
67991,1
67992,1
67993,1
67994,1
67995,1
67996,0
67997,1
67998,0
67999,1
68000,1
68001,1
68002,1
68003,0
68004,1
68005,0
68006,0
68007,0
68008,1
68009,1
68010,1
68011,1
68012,1
68013,1
68014,0
68015,0
68016,1
68017,0
68018,1
68019,0
68020,0
68021,1
68022,0
68023,0
68024,1
68025,1
68026,0
68027,1
68028,1
68029,1
68030,1
68031,1
68032,0
68033,1
68034,1
68035,1
68036,1
68037,0
68038,0
68039,1
68040,1
68041,1
68042,1
68043,1
68044,1
68045,0
68046,1
68047,1
68048,1
68049,1
68050,1
68051,1
68052,1
68053,0
68054,1
68055,1
68056,1
68057,1
68058,0
68059,1
68060,1
68061,1
68062,0
68063,1
68064,0
68065,1
68066,1
68067,1
68068,1
68069,1
68070,1
68071,0
68072,1
68073,0
68074,1
68075,1
68076,1
68077,1
68078,1
68079,1
68080,1
68081,1
68082,0
68083,1
68084,1
68085,1
68086,0
68087,1
68088,0
68089,0
68090,1
68091,1
68092,0
68093,0
68094,1
68095,1
68096,1
68097,1
68098,0
68099,0
68100,1
68101,1
68102,0
68103,1
68104,0
68105,1
68106,1
68107,1
68108,1
68109,1
68110,1
68111,1
68112,0
68113,0
68114,1
68115,1
68116,1
68117,0
68118,1
68119,1
68120,1
68121,1
68122,1
68123,1
68124,1
68125,1
68126,1
68127,1
68128,1
68129,1
68130,1
68131,0
68132,1
68133,0
68134,1
68135,1
68136,1
68137,1
68138,1
68139,1
68140,1
68141,1
68142,0
68143,0
68144,0
68145,1
68146,1
68147,0
68148,0
68149,0
68150,1
68151,0
68152,0
68153,1
68154,1
68155,0
68156,1
68157,1
68158,0
68159,1
68160,1
68161,1
68162,1
68163,0
68164,1
68165,0
68166,0
68167,1
68168,1
68169,1
68170,1
68171,1
68172,0
68173,0
68174,0
68175,1
68176,1
68177,1
68178,0
68179,1
68180,0
68181,1
68182,1
68183,0
68184,0
68185,0
68186,1
68187,1
68188,0
68189,1
68190,0
68191,1
68192,0
68193,1
68194,1
68195,1
68196,1
68197,1
68198,1
68199,1
68200,1
68201,0
68202,1
68203,0
68204,0
68205,1
68206,1
68207,1
68208,1
68209,0
68210,1
68211,1
68212,1
68213,1
68214,0
68215,0
68216,1
68217,0
68218,1
68219,1
68220,0
68221,0
68222,1
68223,1
68224,1
68225,1
68226,1
68227,0
68228,1
68229,1
68230,1
68231,1
68232,0
68233,0
68234,1
68235,1
68236,1
68237,1
68238,1
68239,0
68240,0
68241,0
68242,1
68243,1
68244,0
68245,1
68246,1
68247,0
68248,1
68249,0
68250,1
68251,1
68252,0
68253,1
68254,1
68255,0
68256,1
68257,1
68258,1
68259,0
68260,1
68261,0
68262,1
68263,1
68264,1
68265,0
68266,1
68267,1
68268,1
68269,1
68270,1
68271,0
68272,0
68273,0
68274,1
68275,1
68276,1
68277,1
68278,0
68279,0
68280,1
68281,1
68282,1
68283,0
68284,1
68285,1
68286,1
68287,1
68288,1
68289,0
68290,1
68291,0
68292,1
68293,0
68294,1
68295,1
68296,0
68297,1
68298,1
68299,1
68300,1
68301,0
68302,0
68303,1
68304,1
68305,0
68306,0
68307,1
68308,1
68309,1
68310,1
68311,1
68312,1
68313,1
68314,1
68315,0
68316,1
68317,0
68318,1
68319,1
68320,1
68321,0
68322,1
68323,1
68324,1
68325,1
68326,1
68327,1
68328,1
68329,1
68330,1
68331,0
68332,1
68333,1
68334,1
68335,0
68336,1
68337,1
68338,1
68339,1
68340,1
68341,1
68342,1
68343,0
68344,0
68345,0
68346,1
68347,1
68348,0
68349,1
68350,1
68351,1
68352,1
68353,0
68354,1
68355,1
68356,0
68357,1
68358,1
68359,1
68360,1
68361,1
68362,0
68363,1
68364,0
68365,1
68366,0
68367,1
68368,1
68369,0
68370,1
68371,1
68372,0
68373,1
68374,1
68375,0
68376,1
68377,1
68378,0
68379,1
68380,1
68381,1
68382,0
68383,1
68384,0
68385,0
68386,0
68387,0
68388,0
68389,1
68390,0
68391,0
68392,1
68393,1
68394,1
68395,0
68396,1
68397,0
68398,1
68399,1
68400,0
68401,0
68402,1
68403,1
68404,1
68405,1
68406,1
68407,1
68408,1
68409,0
68410,0
68411,0
68412,1
68413,1
68414,1
68415,0
68416,0
68417,1
68418,1
68419,1
68420,1
68421,1
68422,1
68423,1
68424,0
68425,1
68426,0
68427,0
68428,0
68429,1
68430,0
68431,0
68432,0
68433,1
68434,1
68435,1
68436,1
68437,1
68438,1
68439,1
68440,1
68441,1
68442,1
68443,1
68444,1
68445,1
68446,0
68447,1
68448,0
68449,1
68450,1
68451,1
68452,1
68453,1
68454,1
68455,1
68456,1
68457,1
68458,1
68459,0
68460,1
68461,0
68462,0
68463,0
68464,1
68465,1
68466,0
68467,1
68468,0
68469,0
68470,1
68471,1
68472,1
68473,1
68474,1
68475,0
68476,1
68477,0
68478,1
68479,1
68480,1
68481,0
68482,0
68483,1
68484,1
68485,0
68486,0
68487,1
68488,0
68489,1
68490,0
68491,1
68492,0
68493,1
68494,1
68495,0
68496,0
68497,1
68498,0
68499,1
68500,1
68501,1
68502,1
68503,1
68504,0
68505,1
68506,0
68507,1
68508,1
68509,1
68510,0
68511,1
68512,1
68513,0
68514,1
68515,1
68516,0
68517,1
68518,0
68519,1
68520,0
68521,1
68522,1
68523,1
68524,0
68525,1
68526,1
68527,1
68528,0
68529,0
68530,1
68531,1
68532,1
68533,0
68534,1
68535,1
68536,1
68537,0
68538,1
68539,1
68540,1
68541,1
68542,1
68543,1
68544,1
68545,1
68546,1
68547,1
68548,1
68549,1
68550,1
68551,1
68552,1
68553,1
68554,0
68555,1
68556,1
68557,1
68558,0
68559,1
68560,1
68561,0
68562,1
68563,0
68564,1
68565,1
68566,1
68567,1
68568,1
68569,1
68570,1
68571,1
68572,0
68573,1
68574,0
68575,1
68576,1
68577,1
68578,1
68579,1
68580,1
68581,1
68582,1
68583,1
68584,1
68585,0
68586,1
68587,1
68588,1
68589,0
68590,0
68591,1
68592,0
68593,1
68594,1
68595,1
68596,1
68597,0
68598,1
68599,1
68600,1
68601,1
68602,1
68603,1
68604,1
68605,1
68606,1
68607,0
68608,1
68609,0
68610,1
68611,1
68612,1
68613,1
68614,1
68615,1
68616,1
68617,0
68618,0
68619,1
68620,1
68621,1
68622,1
68623,1
68624,0
68625,1
68626,1
68627,1
68628,0
68629,1
68630,1
68631,1
68632,1
68633,1
68634,1
68635,1
68636,1
68637,0
68638,1
68639,0
68640,1
68641,0
68642,1
68643,0
68644,0
68645,0
68646,1
68647,1
68648,1
68649,1
68650,1
68651,1
68652,1
68653,1
68654,0
68655,1
68656,0
68657,0
68658,1
68659,0
68660,1
68661,1
68662,0
68663,1
68664,0
68665,0
68666,1
68667,1
68668,1
68669,1
68670,1
68671,0
68672,1
68673,0
68674,1
68675,0
68676,1
68677,1
68678,1
68679,1
68680,1
68681,1
68682,1
68683,0
68684,0
68685,1
68686,0
68687,1
68688,1
68689,1
68690,1
68691,0
68692,1
68693,0
68694,1
68695,1
68696,1
68697,1
68698,1
68699,1
68700,1
68701,0
68702,1
68703,1
68704,0
68705,1
68706,1
68707,0
68708,1
68709,1
68710,1
68711,1
68712,0
68713,1
68714,0
68715,0
68716,1
68717,0
68718,1
68719,1
68720,1
68721,1
68722,0
68723,1
68724,0
68725,0
68726,0
68727,1
68728,1
68729,1
68730,1
68731,1
68732,0
68733,1
68734,0
68735,1
68736,1
68737,1
68738,1
68739,1
68740,0
68741,0
68742,0
68743,0
68744,0
68745,0
68746,1
68747,0
68748,0
68749,1
68750,1
68751,1
68752,0
68753,1
68754,0
68755,0
68756,0
68757,1
68758,1
68759,1
68760,1
68761,1
68762,1
68763,0
68764,1
68765,1
68766,1
68767,1
68768,1
68769,1
68770,1
68771,0
68772,1
68773,1
68774,0
68775,1
68776,1
68777,1
68778,0
68779,0
68780,1
68781,1
68782,1
68783,1
68784,1
68785,1
68786,1
68787,0
68788,1
68789,1
68790,1
68791,1
68792,0
68793,0
68794,1
68795,1
68796,1
68797,1
68798,1
68799,0
68800,0
68801,1
68802,0
68803,1
68804,0
68805,1
68806,1
68807,1
68808,0
68809,1
68810,0
68811,1
68812,1
68813,1
68814,1
68815,1
68816,0
68817,0
68818,1
68819,0
68820,1
68821,1
68822,0
68823,0
68824,1
68825,1
68826,1
68827,0
68828,0
68829,1
68830,1
68831,1
68832,1
68833,1
68834,1
68835,1
68836,1
68837,0
68838,1
68839,1
68840,0
68841,0
68842,1
68843,0
68844,1
68845,0
68846,1
68847,0
68848,1
68849,1
68850,0
68851,1
68852,0
68853,1
68854,1
68855,1
68856,1
68857,1
68858,0
68859,1
68860,1
68861,1
68862,0
68863,0
68864,0
68865,0
68866,0
68867,1
68868,1
68869,1
68870,1
68871,1
68872,1
68873,0
68874,1
68875,1
68876,0
68877,0
68878,1
68879,1
68880,1
68881,1
68882,0
68883,0
68884,1
68885,0
68886,1
68887,1
68888,1
68889,0
68890,1
68891,1
68892,1
68893,1
68894,1
68895,1
68896,0
68897,0
68898,1
68899,0
68900,1
68901,0
68902,0
68903,1
68904,0
68905,1
68906,1
68907,1
68908,1
68909,0
68910,1
68911,1
68912,0
68913,1
68914,1
68915,1
68916,1
68917,1
68918,1
68919,1
68920,1
68921,1
68922,1
68923,1
68924,0
68925,1
68926,1
68927,1
68928,1
68929,1
68930,1
68931,1
68932,1
68933,1
68934,1
68935,1
68936,1
68937,1
68938,1
68939,0
68940,1
68941,1
68942,0
68943,0
68944,1
68945,1
68946,1
68947,1
68948,1
68949,1
68950,1
68951,1
68952,1
68953,0
68954,1
68955,0
68956,0
68957,1
68958,0
68959,1
68960,1
68961,0
68962,1
68963,1
68964,1
68965,0
68966,1
68967,1
68968,1
68969,1
68970,1
68971,0
68972,1
68973,1
68974,0
68975,1
68976,1
68977,0
68978,1
68979,0
68980,1
68981,1
68982,0
68983,1
68984,0
68985,1
68986,1
68987,0
68988,1
68989,1
68990,1
68991,1
68992,1
68993,1
68994,1
68995,1
68996,1
68997,0
68998,1
68999,0
69000,1
69001,0
69002,1
69003,0
69004,1
69005,1
69006,1
69007,0
69008,1
69009,1
69010,1
69011,1
69012,0
69013,0
69014,1
69015,1
69016,0
69017,1
69018,1
69019,0
69020,0
69021,1
69022,1
69023,1
69024,1
69025,1
69026,1
69027,1
69028,1
69029,1
69030,0
69031,1
69032,0
69033,0
69034,1
69035,0
69036,0
69037,0
69038,1
69039,1
69040,1
69041,0
69042,1
69043,1
69044,0
69045,1
69046,1
69047,1
69048,1
69049,0
69050,0
69051,1
69052,1
69053,1
69054,1
69055,1
69056,1
69057,1
69058,1
69059,0
69060,1
69061,1
69062,1
69063,1
69064,1
69065,0
69066,1
69067,1
69068,1
69069,1
69070,0
69071,1
69072,1
69073,1
69074,1
69075,1
69076,1
69077,1
69078,0
69079,1
69080,1
69081,1
69082,0
69083,1
69084,1
69085,1
69086,0
69087,0
69088,1
69089,1
69090,1
69091,0
69092,1
69093,1
69094,1
69095,0
69096,0
69097,1
69098,0
69099,1
69100,1
69101,0
69102,1
69103,0
69104,1
69105,0
69106,1
69107,1
69108,0
69109,1
69110,1
69111,1
69112,0
69113,1
69114,0
69115,1
69116,0
69117,0
69118,0
69119,1
69120,1
69121,1
69122,1
69123,1
69124,1
69125,1
69126,1
69127,1
69128,1
69129,1
69130,1
69131,1
69132,0
69133,1
69134,1
69135,0
69136,1
69137,0
69138,1
69139,1
69140,1
69141,1
69142,1
69143,1
69144,1
69145,1
69146,1
69147,1
69148,1
69149,1
69150,1
69151,1
69152,1
69153,1
69154,1
69155,0
69156,0
69157,1
69158,1
69159,1
69160,0
69161,1
69162,1
69163,0
69164,1
69165,1
69166,1
69167,0
69168,1
69169,1
69170,1
69171,0
69172,1
69173,1
69174,1
69175,0
69176,1
69177,1
69178,0
69179,1
69180,0
69181,1
69182,1
69183,1
69184,1
69185,1
69186,1
69187,0
69188,0
69189,0
69190,0
69191,1
69192,1
69193,1
69194,1
69195,1
69196,0
69197,0
69198,1
69199,1
69200,1
69201,1
69202,0
69203,1
69204,0
69205,1
69206,1
69207,1
69208,0
69209,1
69210,0
69211,0
69212,0
69213,0
69214,1
69215,0
69216,1
69217,1
69218,1
69219,1
69220,0
69221,1
69222,1
69223,0
69224,0
69225,1
69226,1
69227,1
69228,1
69229,1
69230,1
69231,1
69232,0
69233,0
69234,1
69235,1
69236,1
69237,1
69238,1
69239,1
69240,0
69241,1
69242,1
69243,1
69244,0
69245,1
69246,1
69247,1
69248,1
69249,1
69250,1
69251,1
69252,0
69253,1
69254,0
69255,1
69256,1
69257,1
69258,1
69259,0
69260,1
69261,0
69262,1
69263,1
69264,1
69265,1
69266,1
69267,1
69268,0
69269,0
69270,1
69271,1
69272,1
69273,0
69274,0
69275,1
69276,1
69277,1
69278,1
69279,1
69280,1
69281,0
69282,0
69283,0
69284,0
69285,1
69286,1
69287,1
69288,1
69289,1
69290,1
69291,1
69292,1
69293,1
69294,1
69295,1
69296,1
69297,1
69298,1
69299,1
69300,1
69301,1
69302,1
69303,0
69304,1
69305,1
69306,1
69307,1
69308,1
69309,0
69310,1
69311,0
69312,1
69313,0
69314,1
69315,1
69316,1
69317,0
69318,1
69319,1
69320,0
69321,1
69322,1
69323,0
69324,1
69325,1
69326,0
69327,1
69328,1
69329,1
69330,0
69331,1
69332,1
69333,1
69334,0
69335,1
69336,1
69337,0
69338,1
69339,0
69340,1
69341,1
69342,0
69343,1
69344,1
69345,1
69346,1
69347,0
69348,1
69349,1
69350,1
69351,1
69352,1
69353,0
69354,0
69355,1
69356,1
69357,1
69358,0
69359,0
69360,1
69361,1
69362,1
69363,1
69364,1
69365,1
69366,1
69367,0
69368,1
69369,1
69370,0
69371,1
69372,0
69373,1
69374,1
69375,1
69376,1
69377,0
69378,1
69379,1
69380,0
69381,1
69382,0
69383,1
69384,0
69385,1
69386,1
69387,1
69388,1
69389,1
69390,0
69391,1
69392,0
69393,1
69394,1
69395,1
69396,1
69397,1
69398,1
69399,1
69400,0
69401,1
69402,0
69403,1
69404,1
69405,1
69406,1
69407,1
69408,1
69409,1
69410,1
69411,1
69412,0
69413,0
69414,1
69415,1
69416,0
69417,1
69418,1
69419,1
69420,0
69421,1
69422,1
69423,0
69424,1
69425,0
69426,1
69427,1
69428,0
69429,0
69430,1
69431,0
69432,1
69433,1
69434,1
69435,1
69436,0
69437,1
69438,0
69439,1
69440,0
69441,1
69442,0
69443,0
69444,0
69445,0
69446,1
69447,1
69448,0
69449,1
69450,1
69451,1
69452,0
69453,1
69454,1
69455,1
69456,0
69457,0
69458,1
69459,1
69460,1
69461,0
69462,1
69463,0
69464,1
69465,1
69466,1
69467,0
69468,0
69469,1
69470,0
69471,0
69472,1
69473,1
69474,1
69475,0
69476,1
69477,1
69478,1
69479,0
69480,1
69481,0
69482,1
69483,1
69484,0
69485,1
69486,1
69487,1
69488,1
69489,1
69490,1
69491,1
69492,1
69493,0
69494,1
69495,1
69496,1
69497,0
69498,0
69499,1
69500,1
69501,1
69502,1
69503,1
69504,1
69505,1
69506,0
69507,1
69508,1
69509,1
69510,1
69511,0
69512,1
69513,0
69514,1
69515,0
69516,0
69517,1
69518,1
69519,1
69520,1
69521,1
69522,0
69523,0
69524,0
69525,1
69526,1
69527,0
69528,1
69529,1
69530,1
69531,1
69532,0
69533,1
69534,0
69535,1
69536,1
69537,1
69538,0
69539,0
69540,1
69541,1
69542,1
69543,0
69544,0
69545,1
69546,1
69547,0
69548,1
69549,1
69550,1
69551,0
69552,1
69553,1
69554,0
69555,1
69556,0
69557,1
69558,1
69559,1
69560,1
69561,1
69562,1
69563,1
69564,1
69565,1
69566,1
69567,0
69568,1
69569,0
69570,0
69571,0
69572,1
69573,1
69574,1
69575,0
69576,1
69577,1
69578,1
69579,1
69580,1
69581,1
69582,1
69583,1
69584,1
69585,1
69586,1
69587,0
69588,1
69589,0
69590,1
69591,0
69592,1
69593,1
69594,0
69595,0
69596,1
69597,1
69598,1
69599,0
69600,1
69601,1
69602,1
69603,0
69604,1
69605,1
69606,1
69607,0
69608,1
69609,1
69610,1
69611,1
69612,0
69613,1
69614,1
69615,1
69616,1
69617,0
69618,1
69619,1
69620,1
69621,0
69622,0
69623,0
69624,1
69625,1
69626,1
69627,0
69628,0
69629,0
69630,1
69631,1
69632,1
69633,0
69634,1
69635,0
69636,1
69637,0
69638,1
69639,1
69640,1
69641,0
69642,1
69643,1
69644,1
69645,0
69646,1
69647,1
69648,1
69649,1
69650,1
69651,1
69652,1
69653,1
69654,1
69655,1
69656,1
69657,1
69658,1
69659,0
69660,0
69661,1
69662,0
69663,1
69664,1
69665,0
69666,0
69667,1
69668,1
69669,1
69670,0
69671,0
69672,1
69673,0
69674,1
69675,1
69676,0
69677,0
69678,0
69679,0
69680,1
69681,1
69682,0
69683,1
69684,1
69685,1
69686,1
69687,1
69688,0
69689,0
69690,1
69691,1
69692,1
69693,1
69694,1
69695,1
69696,1
69697,0
69698,1
69699,1
69700,1
69701,1
69702,1
69703,0
69704,1
69705,0
69706,0
69707,1
69708,1
69709,1
69710,1
69711,1
69712,1
69713,1
69714,0
69715,1
69716,1
69717,1
69718,0
69719,0
69720,1
69721,1
69722,1
69723,1
69724,1
69725,1
69726,1
69727,1
69728,1
69729,0
69730,1
69731,1
69732,0
69733,1
69734,1
69735,1
69736,0
69737,1
69738,1
69739,0
69740,0
69741,1
69742,1
69743,0
69744,0
69745,1
69746,1
69747,0
69748,1
69749,1
69750,1
69751,0
69752,1
69753,1
69754,0
69755,1
69756,1
69757,0
69758,0
69759,1
69760,1
69761,1
69762,1
69763,1
69764,1
69765,1
69766,1
69767,0
69768,1
69769,0
69770,1
69771,1
69772,1
69773,1
69774,1
69775,1
69776,1
69777,1
69778,1
69779,1
69780,1
69781,1
69782,0
69783,1
69784,1
69785,0
69786,1
69787,0
69788,0
69789,1
69790,1
69791,0
69792,1
69793,1
69794,1
69795,1
69796,1
69797,0
69798,0
69799,1
69800,0
69801,1
69802,1
69803,1
69804,1
69805,1
69806,0
69807,1
69808,0
69809,0
69810,1
69811,1
69812,1
69813,1
69814,1
69815,0
69816,0
69817,1
69818,1
69819,1
69820,0
69821,1
69822,1
69823,0
69824,1
69825,0
69826,1
69827,0
69828,1
69829,1
69830,0
69831,1
69832,1
69833,1
69834,1
69835,1
69836,1
69837,1
69838,1
69839,0
69840,0
69841,0
69842,1
69843,1
69844,0
69845,0
69846,1
69847,0
69848,1
69849,1
69850,1
69851,1
69852,0
69853,0
69854,1
69855,0
69856,1
69857,1
69858,1
69859,1
69860,1
69861,0
69862,0
69863,1
69864,1
69865,0
69866,0
69867,0
69868,1
69869,1
69870,0
69871,1
69872,0
69873,0
69874,1
69875,0
69876,0
69877,0
69878,1
69879,1
69880,0
69881,0
69882,1
69883,1
69884,1
69885,0
69886,0
69887,0
69888,0
69889,1
69890,1
69891,1
69892,1
69893,0
69894,1
69895,1
69896,0
69897,1
69898,1
69899,1
69900,1
69901,1
69902,1
69903,1
69904,1
69905,0
69906,0
69907,1
69908,1
69909,1
69910,1
69911,0
69912,0
69913,1
69914,0
69915,1
69916,0
69917,0
69918,0
69919,1
69920,1
69921,1
69922,1
69923,1
69924,0
69925,1
69926,1
69927,0
69928,1
69929,1
69930,1
69931,0
69932,0
69933,0
69934,1
69935,1
69936,1
69937,1
69938,0
69939,1
69940,1
69941,0
69942,1
69943,0
69944,0
69945,1
69946,1
69947,0
69948,0
69949,1
69950,1
69951,1
69952,0
69953,1
69954,1
69955,1
69956,0
69957,1
69958,0
69959,1
69960,1
69961,1
69962,0
69963,1
69964,1
69965,1
69966,1
69967,1
69968,1
69969,1
69970,1
69971,1
69972,1
69973,1
69974,0
69975,0
69976,0
69977,0
69978,1
69979,1
69980,1
69981,1
69982,0
69983,1
69984,1
69985,1
69986,0
69987,0
69988,1
69989,0
69990,0
69991,1
69992,1
69993,1
69994,1
69995,1
69996,1
69997,1
69998,1
69999,1
70000,1
70001,1
70002,1
70003,1
70004,1
70005,1
70006,0
70007,1
70008,1
70009,1
70010,0
70011,1
70012,1
70013,1
70014,1
70015,1
70016,1
70017,1
70018,1
70019,1
70020,0
70021,1
70022,0
70023,1
70024,1
70025,1
70026,1
70027,1
70028,1
70029,1
70030,1
70031,1
70032,1
70033,1
70034,1
70035,1
70036,1
70037,1
70038,1
70039,1
70040,1
70041,0
70042,1
70043,0
70044,1
70045,1
70046,1
70047,1
70048,1
70049,1
70050,0
70051,1
70052,1
70053,0
70054,0
70055,0
70056,0
70057,1
70058,0
70059,0
70060,1
70061,0
70062,0
70063,1
70064,1
70065,1
70066,0
70067,0
70068,1
70069,1
70070,0
70071,0
70072,0
70073,1
70074,1
70075,0
70076,1
70077,1
70078,1
70079,0
70080,1
70081,0
70082,0
70083,0
70084,1
70085,0
70086,1
70087,1
70088,1
70089,1
70090,1
70091,1
70092,1
70093,1
70094,0
70095,1
70096,1
70097,1
70098,0
70099,1
70100,0
70101,1
70102,1
70103,1
70104,0
70105,1
70106,1
70107,0
70108,1
70109,1
70110,1
70111,1
70112,1
70113,1
70114,0
70115,1
70116,1
70117,0
70118,1
70119,1
70120,1
70121,1
70122,0
70123,0
70124,1
70125,0
70126,1
70127,0
70128,0
70129,1
70130,0
70131,0
70132,1
70133,1
70134,0
70135,1
70136,1
70137,1
70138,0
70139,1
70140,0
70141,1
70142,0
70143,0
70144,0
70145,1
70146,1
70147,1
70148,1
70149,0
70150,0
70151,1
70152,1
70153,0
70154,1
70155,0
70156,1
70157,0
70158,1
70159,1
70160,1
70161,0
70162,0
70163,1
70164,1
70165,1
70166,0
70167,1
70168,1
70169,1
70170,0
70171,1
70172,0
70173,0
70174,1
70175,0
70176,1
70177,1
70178,0
70179,1
70180,1
70181,1
70182,0
70183,1
70184,0
70185,0
70186,0
70187,1
70188,0
70189,0
70190,1
70191,1
70192,0
70193,1
70194,0
70195,1
70196,0
70197,0
70198,1
70199,1
70200,1
70201,1
70202,1
70203,1
70204,1
70205,1
70206,1
70207,1
70208,1
70209,0
70210,1
70211,1
70212,1
70213,1
70214,1
70215,1
70216,1
70217,0
70218,0
70219,1
70220,1
70221,0
70222,1
70223,1
70224,1
70225,1
70226,1
70227,1
70228,1
70229,0
70230,1
70231,0
70232,1
70233,1
70234,1
70235,1
70236,1
70237,1
70238,1
70239,0
70240,0
70241,0
70242,1
70243,1
70244,1
70245,0
70246,1
70247,1
70248,1
70249,1
70250,1
70251,1
70252,1
70253,1
70254,1
70255,0
70256,1
70257,0
70258,1
70259,1
70260,0
70261,1
70262,1
70263,0
70264,1
70265,1
70266,1
70267,1
70268,1
70269,0
70270,1
70271,1
70272,1
70273,1
70274,1
70275,1
70276,1
70277,0
70278,1
70279,0
70280,1
70281,1
70282,0
70283,1
70284,1
70285,0
70286,1
70287,1
70288,1
70289,1
70290,0
70291,0
70292,1
70293,1
70294,1
70295,1
70296,1
70297,0
70298,1
70299,1
70300,1
70301,0
70302,1
70303,1
70304,1
70305,1
70306,0
70307,1
70308,1
70309,1
70310,1
70311,1
70312,1
70313,1
70314,0
70315,1
70316,1
70317,1
70318,0
70319,1
70320,1
70321,1
70322,0
70323,1
70324,1
70325,0
70326,1
70327,1
70328,1
70329,1
70330,0
70331,0
70332,1
70333,1
70334,1
70335,1
70336,1
70337,1
70338,1
70339,1
70340,0
70341,1
70342,0
70343,1
70344,1
70345,1
70346,0
70347,1
70348,1
70349,1
70350,1
70351,1
70352,1
70353,1
70354,1
70355,1
70356,1
70357,1
70358,0
70359,1
70360,1
70361,0
70362,1
70363,1
70364,1
70365,0
70366,0
70367,1
70368,1
70369,1
70370,1
70371,0
70372,1
70373,1
70374,0
70375,1
70376,0
70377,1
70378,1
70379,1
70380,1
70381,1
70382,1
70383,1
70384,1
70385,1
70386,1
70387,1
70388,0
70389,1
70390,0
70391,1
70392,1
70393,1
70394,1
70395,1
70396,1
70397,1
70398,1
70399,1
70400,1
70401,1
70402,1
70403,0
70404,1
70405,1
70406,1
70407,0
70408,0
70409,1
70410,1
70411,0
70412,0
70413,0
70414,1
70415,1
70416,0
70417,1
70418,1
70419,0
70420,0
70421,1
70422,1
70423,1
70424,0
70425,1
70426,1
70427,1
70428,1
70429,1
70430,1
70431,1
70432,0
70433,1
70434,0
70435,1
70436,1
70437,0
70438,1
70439,1
70440,0
70441,1
70442,0
70443,0
70444,1
70445,1
70446,1
70447,1
70448,1
70449,1
70450,1
70451,0
70452,1
70453,1
70454,1
70455,1
70456,1
70457,1
70458,1
70459,0
70460,0
70461,1
70462,1
70463,1
70464,1
70465,0
70466,1
70467,1
70468,1
70469,1
70470,1
70471,1
70472,1
70473,1
70474,1
70475,0
70476,1
70477,0
70478,1
70479,0
70480,0
70481,1
70482,1
70483,1
70484,1
70485,0
70486,0
70487,1
70488,1
70489,1
70490,1
70491,1
70492,1
70493,1
70494,1
70495,1
70496,0
70497,1
70498,0
70499,1
70500,1
70501,1
70502,1
70503,0
70504,1
70505,1
70506,0
70507,0
70508,1
70509,0
70510,0
70511,1
70512,0
70513,1
70514,1
70515,0
70516,1
70517,1
70518,1
70519,1
70520,1
70521,0
70522,1
70523,1
70524,0
70525,0
70526,1
70527,1
70528,1
70529,0
70530,1
70531,1
70532,1
70533,1
70534,0
70535,1
70536,1
70537,1
70538,1
70539,1
70540,0
70541,0
70542,1
70543,0
70544,1
70545,1
70546,1
70547,0
70548,0
70549,0
70550,1
70551,1
70552,1
70553,1
70554,1
70555,0
70556,0
70557,0
70558,1
70559,1
70560,1
70561,0
70562,1
70563,0
70564,1
70565,0
70566,0
70567,1
70568,1
70569,1
70570,1
70571,1
70572,1
70573,1
70574,0
70575,1
70576,1
70577,0
70578,1
70579,1
70580,1
70581,1
70582,1
70583,1
70584,0
70585,0
70586,1
70587,1
70588,0
70589,0
70590,1
70591,1
70592,1
70593,0
70594,1
70595,1
70596,0
70597,0
70598,0
70599,1
70600,0
70601,0
70602,1
70603,1
70604,1
70605,1
70606,1
70607,1
70608,1
70609,1
70610,1
70611,1
70612,0
70613,1
70614,1
70615,1
70616,0
70617,0
70618,1
70619,1
70620,0
70621,1
70622,1
70623,0
70624,1
70625,0
70626,1
70627,0
70628,1
70629,0
70630,1
70631,1
70632,1
70633,1
70634,0
70635,1
70636,1
70637,0
70638,1
70639,1
70640,1
70641,1
70642,0
70643,1
70644,1
70645,0
70646,0
70647,1
70648,1
70649,1
70650,1
70651,1
70652,1
70653,1
70654,1
70655,1
70656,1
70657,1
70658,0
70659,1
70660,1
70661,1
70662,1
70663,1
70664,1
70665,1
70666,1
70667,0
70668,1
70669,1
70670,1
70671,0
70672,1
70673,1
70674,1
70675,1
70676,1
70677,1
70678,1
70679,0
70680,0
70681,0
70682,0
70683,1
70684,1
70685,1
70686,1
70687,1
70688,1
70689,1
70690,1
70691,1
70692,1
70693,1
70694,1
70695,0
70696,0
70697,1
70698,1
70699,1
70700,1
70701,1
70702,1
70703,0
70704,0
70705,1
70706,1
70707,1
70708,1
70709,1
70710,1
70711,1
70712,0
70713,0
70714,0
70715,1
70716,0
70717,1
70718,1
70719,0
70720,1
70721,1
70722,0
70723,0
70724,0
70725,1
70726,1
70727,1
70728,0
70729,1
70730,1
70731,0
70732,0
70733,0
70734,0
70735,1
70736,1
70737,1
70738,1
70739,0
70740,1
70741,1
70742,1
70743,1
70744,1
70745,1
70746,1
70747,0
70748,0
70749,1
70750,1
70751,1
70752,1
70753,1
70754,0
70755,1
70756,1
70757,1
70758,1
70759,1
70760,1
70761,1
70762,1
70763,1
70764,0
70765,1
70766,1
70767,0
70768,1
70769,1
70770,1
70771,1
70772,1
70773,1
70774,0
70775,1
70776,1
70777,1
70778,1
70779,1
70780,1
70781,1
70782,1
70783,1
70784,1
70785,0
70786,0
70787,0
70788,0
70789,0
70790,1
70791,1
70792,1
70793,0
70794,1
70795,1
70796,1
70797,1
70798,1
70799,1
70800,1
70801,1
70802,1
70803,1
70804,0
70805,1
70806,1
70807,1
70808,0
70809,0
70810,0
70811,1
70812,1
70813,1
70814,1
70815,0
70816,1
70817,1
70818,1
70819,1
70820,1
70821,1
70822,1
70823,1
70824,1
70825,1
70826,1
70827,1
70828,1
70829,1
70830,1
70831,1
70832,1
70833,1
70834,1
70835,1
70836,1
70837,0
70838,1
70839,1
70840,1
70841,1
70842,1
70843,0
70844,1
70845,1
70846,1
70847,1
70848,1
70849,1
70850,1
70851,0
70852,0
70853,1
70854,1
70855,1
70856,1
70857,1
70858,1
70859,1
70860,1
70861,1
70862,1
70863,1
70864,1
70865,1
70866,0
70867,1
70868,1
70869,0
70870,1
70871,1
70872,1
70873,1
70874,1
70875,1
70876,1
70877,0
70878,1
70879,1
70880,1
70881,1
70882,1
70883,1
70884,1
70885,1
70886,1
70887,1
70888,1
70889,1
70890,0
70891,1
70892,1
70893,1
70894,0
70895,0
70896,0
70897,1
70898,0
70899,0
70900,1
70901,1
70902,0
70903,1
70904,1
70905,1
70906,1
70907,1
70908,1
70909,1
70910,1
70911,0
70912,1
70913,1
70914,1
70915,1
70916,1
70917,1
70918,1
70919,1
70920,0
70921,0
70922,0
70923,1
70924,0
70925,1
70926,1
70927,1
70928,1
70929,0
70930,1
70931,1
70932,1
70933,1
70934,1
70935,1
70936,1
70937,1
70938,1
70939,1
70940,1
70941,1
70942,1
70943,1
70944,0
70945,1
70946,1
70947,0
70948,1
70949,1
70950,1
70951,1
70952,0
70953,1
70954,0
70955,1
70956,1
70957,0
70958,1
70959,1
70960,1
70961,1
70962,1
70963,1
70964,1
70965,1
70966,1
70967,1
70968,1
70969,1
70970,0
70971,0
70972,0
70973,0
70974,0
70975,0
70976,1
70977,1
70978,1
70979,1
70980,1
70981,1
70982,0
70983,1
70984,1
70985,1
70986,1
70987,1
70988,1
70989,1
70990,1
70991,0
70992,1
70993,1
70994,1
70995,1
70996,1
70997,1
70998,1
70999,1
71000,1
71001,1
71002,1
71003,1
71004,1
71005,1
71006,1
71007,0
71008,1
71009,1
71010,1
71011,0
71012,1
71013,1
71014,1
71015,1
71016,0
71017,1
71018,0
71019,1
71020,1
71021,1
71022,1
71023,1
71024,1
71025,1
71026,1
71027,0
71028,1
71029,1
71030,0
71031,1
71032,0
71033,0
71034,1
71035,1
71036,0
71037,1
71038,1
71039,1
71040,1
71041,0
71042,1
71043,0
71044,0
71045,0
71046,1
71047,1
71048,1
71049,1
71050,1
71051,1
71052,1
71053,1
71054,1
71055,1
71056,1
71057,1
71058,1
71059,1
71060,0
71061,0
71062,1
71063,1
71064,0
71065,0
71066,1
71067,1
71068,0
71069,1
71070,1
71071,1
71072,0
71073,1
71074,1
71075,1
71076,0
71077,0
71078,1
71079,1
71080,1
71081,1
71082,0
71083,1
71084,0
71085,1
71086,1
71087,0
71088,1
71089,0
71090,1
71091,0
71092,1
71093,1
71094,1
71095,1
71096,1
71097,1
71098,1
71099,0
71100,1
71101,1
71102,1
71103,1
71104,1
71105,0
71106,0
71107,1
71108,1
71109,1
71110,1
71111,0
71112,1
71113,0
71114,1
71115,1
71116,0
71117,1
71118,0
71119,1
71120,1
71121,1
71122,1
71123,1
71124,1
71125,0
71126,0
71127,1
71128,1
71129,0
71130,1
71131,1
71132,1
71133,1
71134,1
71135,0
71136,0
71137,1
71138,1
71139,1
71140,1
71141,1
71142,1
71143,1
71144,1
71145,1
71146,1
71147,0
71148,0
71149,1
71150,1
71151,1
71152,1
71153,1
71154,1
71155,1
71156,1
71157,1
71158,1
71159,0
71160,1
71161,0
71162,0
71163,0
71164,1
71165,1
71166,1
71167,1
71168,0
71169,1
71170,1
71171,1
71172,1
71173,1
71174,1
71175,1
71176,1
71177,0
71178,0
71179,0
71180,1
71181,1
71182,0
71183,1
71184,1
71185,1
71186,0
71187,1
71188,1
71189,1
71190,1
71191,1
71192,1
71193,1
71194,1
71195,0
71196,1
71197,1
71198,1
71199,0
71200,1
71201,1
71202,0
71203,0
71204,1
71205,1
71206,1
71207,1
71208,1
71209,1
71210,1
71211,0
71212,1
71213,1
71214,0
71215,0
71216,0
71217,1
71218,1
71219,1
71220,1
71221,1
71222,1
71223,1
71224,0
71225,1
71226,1
71227,1
71228,1
71229,0
71230,1
71231,1
71232,1
71233,0
71234,0
71235,1
71236,0
71237,1
71238,0
71239,0
71240,1
71241,1
71242,0
71243,1
71244,1
71245,1
71246,1
71247,1
71248,0
71249,0
71250,1
71251,1
71252,1
71253,0
71254,0
71255,0
71256,0
71257,1
71258,0
71259,0
71260,1
71261,0
71262,1
71263,0
71264,1
71265,0
71266,0
71267,0
71268,1
71269,1
71270,1
71271,0
71272,0
71273,1
71274,1
71275,1
71276,1
71277,0
71278,0
71279,1
71280,1
71281,0
71282,1
71283,1
71284,0
71285,1
71286,0
71287,1
71288,1
71289,1
71290,1
71291,1
71292,1
71293,1
71294,1
71295,1
71296,1
71297,0
71298,1
71299,1
71300,1
71301,0
71302,1
71303,1
71304,0
71305,1
71306,0
71307,1
71308,1
71309,1
71310,1
71311,0
71312,1
71313,1
71314,1
71315,0
71316,1
71317,1
71318,0
71319,1
71320,1
71321,1
71322,1
71323,1
71324,1
71325,1
71326,0
71327,1
71328,0
71329,1
71330,0
71331,1
71332,1
71333,1
71334,1
71335,1
71336,1
71337,1
71338,0
71339,0
71340,1
71341,1
71342,1
71343,0
71344,1
71345,1
71346,0
71347,0
71348,1
71349,1
71350,0
71351,1
71352,0
71353,1
71354,1
71355,1
71356,1
71357,1
71358,1
71359,1
71360,1
71361,0
71362,1
71363,1
71364,0
71365,1
71366,0
71367,0
71368,1
71369,1
71370,1
71371,1
71372,1
71373,0
71374,0
71375,0
71376,1
71377,1
71378,1
71379,1
71380,1
71381,1
71382,1
71383,1
71384,1
71385,1
71386,1
71387,0
71388,1
71389,0
71390,1
71391,1
71392,1
71393,0
71394,1
71395,1
71396,0
71397,1
71398,1
71399,1
71400,1
71401,1
71402,0
71403,1
71404,0
71405,0
71406,0
71407,1
71408,1
71409,1
71410,0
71411,1
71412,1
71413,0
71414,1
71415,1
71416,1
71417,1
71418,1
71419,1
71420,1
71421,0
71422,1
71423,1
71424,1
71425,1
71426,0
71427,0
71428,0
71429,1
71430,1
71431,1
71432,0
71433,0
71434,0
71435,0
71436,0
71437,0
71438,0
71439,1
71440,1
71441,1
71442,0
71443,1
71444,0
71445,0
71446,1
71447,1
71448,1
71449,0
71450,0
71451,0
71452,1
71453,1
71454,0
71455,0
71456,1
71457,0
71458,1
71459,1
71460,0
71461,0
71462,1
71463,1
71464,0
71465,1
71466,1
71467,1
71468,1
71469,1
71470,0
71471,1
71472,0
71473,1
71474,0
71475,0
71476,1
71477,1
71478,0
71479,1
71480,0
71481,1
71482,1
71483,1
71484,1
71485,1
71486,1
71487,0
71488,1
71489,1
71490,1
71491,0
71492,1
71493,1
71494,0
71495,0
71496,1
71497,1
71498,1
71499,1
71500,0
71501,1
71502,1
71503,0
71504,1
71505,1
71506,0
71507,1
71508,0
71509,1
71510,1
71511,1
71512,1
71513,1
71514,1
71515,1
71516,0
71517,0
71518,1
71519,0
71520,1
71521,0
71522,1
71523,1
71524,1
71525,1
71526,1
71527,1
71528,1
71529,1
71530,1
71531,1
71532,1
71533,1
71534,1
71535,0
71536,0
71537,0
71538,1
71539,1
71540,1
71541,1
71542,0
71543,1
71544,0
71545,1
71546,1
71547,1
71548,1
71549,0
71550,1
71551,1
71552,1
71553,0
71554,0
71555,1
71556,0
71557,1
71558,0
71559,1
71560,0
71561,1
71562,1
71563,0
71564,0
71565,1
71566,1
71567,1
71568,1
71569,0
71570,1
71571,0
71572,1
71573,1
71574,0
71575,0
71576,1
71577,1
71578,1
71579,0
71580,1
71581,1
71582,1
71583,1
71584,0
71585,1
71586,0
71587,1
71588,1
71589,1
71590,1
71591,0
71592,0
71593,1
71594,1
71595,1
71596,1
71597,1
71598,1
71599,1
71600,0
71601,1
71602,1
71603,0
71604,1
71605,1
71606,1
71607,1
71608,1
71609,1
71610,1
71611,1
71612,1
71613,1
71614,0
71615,1
71616,0
71617,1
71618,1
71619,0
71620,0
71621,1
71622,1
71623,1
71624,1
71625,1
71626,1
71627,1
71628,1
71629,1
71630,0
71631,1
71632,1
71633,1
71634,1
71635,1
71636,1
71637,1
71638,1
71639,1
71640,0
71641,1
71642,1
71643,1
71644,1
71645,1
71646,0
71647,0
71648,0
71649,1
71650,0
71651,0
71652,0
71653,1
71654,1
71655,1
71656,0
71657,0
71658,1
71659,1
71660,1
71661,1
71662,1
71663,0
71664,1
71665,0
71666,0
71667,1
71668,0
71669,1
71670,1
71671,1
71672,1
71673,1
71674,0
71675,0
71676,1
71677,0
71678,1
71679,1
71680,1
71681,0
71682,0
71683,0
71684,0
71685,1
71686,1
71687,0
71688,1
71689,1
71690,1
71691,0
71692,1
71693,0
71694,1
71695,0
71696,0
71697,0
71698,1
71699,0
71700,1
71701,0
71702,1
71703,0
71704,1
71705,1
71706,0
71707,1
71708,1
71709,0
71710,0
71711,0
71712,1
71713,0
71714,1
71715,1
71716,1
71717,1
71718,1
71719,1
71720,1
71721,1
71722,1
71723,1
71724,1
71725,1
71726,1
71727,1
71728,1
71729,1
71730,1
71731,1
71732,1
71733,1
71734,1
71735,1
71736,0
71737,1
71738,1
71739,1
71740,0
71741,1
71742,1
71743,0
71744,0
71745,1
71746,1
71747,1
71748,1
71749,1
71750,1
71751,1
71752,1
71753,0
71754,0
71755,1
71756,1
71757,1
71758,1
71759,1
71760,1
71761,1
71762,1
71763,1
71764,1
71765,1
71766,1
71767,1
71768,1
71769,1
71770,1
71771,1
71772,1
71773,1
71774,0
71775,0
71776,1
71777,0
71778,1
71779,0
71780,1
71781,1
71782,1
71783,1
71784,1
71785,0
71786,1
71787,1
71788,1
71789,1
71790,1
71791,0
71792,1
71793,1
71794,1
71795,1
71796,1
71797,1
71798,1
71799,1
71800,1
71801,1
71802,1
71803,1
71804,1
71805,1
71806,1
71807,1
71808,1
71809,0
71810,0
71811,1
71812,0
71813,0
71814,1
71815,1
71816,1
71817,0
71818,0
71819,1
71820,1
71821,0
71822,0
71823,1
71824,0
71825,0
71826,0
71827,1
71828,1
71829,1
71830,1
71831,0
71832,1
71833,1
71834,1
71835,0
71836,0
71837,1
71838,1
71839,0
71840,1
71841,0
71842,1
71843,1
71844,0
71845,1
71846,0
71847,1
71848,1
71849,0
71850,1
71851,0
71852,0
71853,1
71854,0
71855,1
71856,1
71857,0
71858,1
71859,1
71860,1
71861,1
71862,1
71863,1
71864,0
71865,1
71866,0
71867,1
71868,1
71869,0
71870,0
71871,0
71872,1
71873,0
71874,0
71875,1
71876,0
71877,1
71878,1
71879,1
71880,1
71881,1
71882,1
71883,0
71884,1
71885,0
71886,1
71887,1
71888,0
71889,0
71890,1
71891,1
71892,1
71893,1
71894,1
71895,1
71896,1
71897,1
71898,1
71899,0
71900,1
71901,1
71902,1
71903,1
71904,1
71905,1
71906,1
71907,1
71908,1
71909,1
71910,1
71911,1
71912,1
71913,1
71914,1
71915,1
71916,0
71917,0
71918,0
71919,1
71920,1
71921,1
71922,1
71923,1
71924,1
71925,1
71926,1
71927,1
71928,1
71929,0
71930,1
71931,1
71932,1
71933,0
71934,0
71935,1
71936,1
71937,0
71938,1
71939,1
71940,1
71941,1
71942,1
71943,0
71944,1
71945,0
71946,1
71947,0
71948,0
71949,1
71950,1
71951,1
71952,1
71953,0
71954,0
71955,1
71956,1
71957,1
71958,0
71959,0
71960,0
71961,1
71962,0
71963,1
71964,1
71965,1
71966,0
71967,0
71968,1
71969,0
71970,0
71971,1
71972,1
71973,0
71974,1
71975,0
71976,1
71977,0
71978,1
71979,1
71980,1
71981,1
71982,1
71983,0
71984,0
71985,0
71986,1
71987,0
71988,0
71989,0
71990,0
71991,0
71992,1
71993,0
71994,1
71995,1
71996,1
71997,1
71998,1
71999,1
72000,1
72001,1
72002,1
72003,1
72004,1
72005,1
72006,1
72007,0
72008,1
72009,1
72010,1
72011,1
72012,1
72013,1
72014,1
72015,0
72016,0
72017,1
72018,0
72019,1
72020,1
72021,1
72022,0
72023,1
72024,1
72025,1
72026,0
72027,1
72028,1
72029,0
72030,1
72031,0
72032,1
72033,1
72034,0
72035,0
72036,1
72037,1
72038,1
72039,1
72040,1
72041,1
72042,1
72043,1
72044,1
72045,1
72046,0
72047,1
72048,1
72049,1
72050,1
72051,1
72052,0
72053,1
72054,1
72055,1
72056,0
72057,0
72058,0
72059,1
72060,1
72061,1
72062,1
72063,1
72064,1
72065,1
72066,1
72067,1
72068,1
72069,1
72070,0
72071,1
72072,0
72073,1
72074,1
72075,0
72076,1
72077,0
72078,1
72079,1
72080,1
72081,1
72082,0
72083,1
72084,1
72085,1
72086,0
72087,1
72088,1
72089,1
72090,1
72091,1
72092,1
72093,1
72094,1
72095,0
72096,0
72097,1
72098,0
72099,0
72100,1
72101,0
72102,1
72103,1
72104,0
72105,1
72106,0
72107,1
72108,0
72109,1
72110,0
72111,1
72112,1
72113,0
72114,0
72115,1
72116,1
72117,1
72118,1
72119,1
72120,0
72121,1
72122,1
72123,1
72124,1
72125,1
72126,1
72127,1
72128,0
72129,0
72130,1
72131,0
72132,0
72133,0
72134,1
72135,1
72136,1
72137,1
72138,0
72139,0
72140,0
72141,1
72142,1
72143,1
72144,0
72145,1
72146,0
72147,1
72148,0
72149,1
72150,1
72151,0
72152,1
72153,0
72154,1
72155,1
72156,0
72157,1
72158,1
72159,1
72160,1
72161,0
72162,0
72163,1
72164,0
72165,0
72166,1
72167,1
72168,1
72169,1
72170,0
72171,1
72172,1
72173,0
72174,1
72175,1
72176,0
72177,1
72178,1
72179,0
72180,1
72181,1
72182,1
72183,1
72184,1
72185,1
72186,1
72187,1
72188,1
72189,1
72190,0
72191,1
72192,0
72193,1
72194,1
72195,0
72196,1
72197,1
72198,0
72199,1
72200,1
72201,0
72202,1
72203,1
72204,1
72205,1
72206,1
72207,1
72208,1
72209,1
72210,1
72211,0
72212,1
72213,1
72214,0
72215,1
72216,0
72217,0
72218,1
72219,1
72220,1
72221,1
72222,1
72223,1
72224,1
72225,0
72226,1
72227,1
72228,1
72229,0
72230,0
72231,0
72232,0
72233,1
72234,0
72235,1
72236,1
72237,0
72238,1
72239,1
72240,1
72241,1
72242,1
72243,0
72244,1
72245,1
72246,1
72247,1
72248,0
72249,0
72250,1
72251,1
72252,1
72253,1
72254,1
72255,0
72256,1
72257,1
72258,1
72259,0
72260,1
72261,0
72262,0
72263,1
72264,1
72265,1
72266,0
72267,1
72268,1
72269,1
72270,1
72271,1
72272,1
72273,0
72274,1
72275,1
72276,1
72277,0
72278,0
72279,0
72280,0
72281,1
72282,0
72283,1
72284,1
72285,1
72286,1
72287,1
72288,1
72289,1
72290,1
72291,1
72292,1
72293,1
72294,0
72295,0
72296,1
72297,1
72298,0
72299,1
72300,0
72301,1
72302,1
72303,1
72304,0
72305,1
72306,0
72307,1
72308,1
72309,1
72310,0
72311,0
72312,0
72313,0
72314,1
72315,1
72316,1
72317,0
72318,0
72319,1
72320,1
72321,1
72322,1
72323,1
72324,0
72325,1
72326,1
72327,1
72328,0
72329,0
72330,1
72331,1
72332,1
72333,1
72334,0
72335,0
72336,0
72337,1
72338,0
72339,1
72340,1
72341,1
72342,0
72343,0
72344,1
72345,0
72346,1
72347,0
72348,0
72349,1
72350,0
72351,1
72352,0
72353,0
72354,1
72355,1
72356,1
72357,0
72358,1
72359,1
72360,1
72361,1
72362,0
72363,1
72364,1
72365,1
72366,1
72367,0
72368,0
72369,1
72370,1
72371,0
72372,1
72373,0
72374,0
72375,1
72376,1
72377,1
72378,0
72379,1
72380,1
72381,1
72382,0
72383,0
72384,1
72385,1
72386,0
72387,1
72388,1
72389,1
72390,1
72391,1
72392,1
72393,1
72394,0
72395,0
72396,0
72397,1
72398,1
72399,1
72400,1
72401,1
72402,1
72403,1
72404,0
72405,1
72406,1
72407,1
72408,1
72409,0
72410,0
72411,0
72412,1
72413,1
72414,1
72415,1
72416,1
72417,0
72418,0
72419,1
72420,0
72421,1
72422,0
72423,0
72424,1
72425,0
72426,1
72427,0
72428,0
72429,1
72430,1
72431,1
72432,1
72433,1
72434,0
72435,1
72436,1
72437,1
72438,1
72439,1
72440,1
72441,0
72442,1
72443,0
72444,1
72445,1
72446,1
72447,1
72448,0
72449,1
72450,0
72451,0
72452,0
72453,1
72454,1
72455,1
72456,1
72457,0
72458,1
72459,0
72460,1
72461,1
72462,1
72463,0
72464,1
72465,1
72466,0
72467,0
72468,1
72469,1
72470,1
72471,1
72472,0
72473,1
72474,0
72475,1
72476,1
72477,0
72478,1
72479,1
72480,1
72481,0
72482,1
72483,1
72484,1
72485,1
72486,1
72487,1
72488,0
72489,1
72490,1
72491,1
72492,0
72493,1
72494,1
72495,1
72496,1
72497,1
72498,1
72499,1
72500,0
72501,1
72502,0
72503,0
72504,1
72505,1
72506,0
72507,0
72508,1
72509,1
72510,1
72511,1
72512,1
72513,0
72514,1
72515,1
72516,1
72517,0
72518,1
72519,0
72520,1
72521,1
72522,1
72523,1
72524,1
72525,1
72526,1
72527,0
72528,0
72529,1
72530,0
72531,0
72532,1
72533,0
72534,1
72535,1
72536,1
72537,1
72538,0
72539,1
72540,0
72541,1
72542,1
72543,0
72544,1
72545,1
72546,0
72547,1
72548,1
72549,0
72550,1
72551,1
72552,0
72553,1
72554,0
72555,1
72556,1
72557,0
72558,1
72559,1
72560,1
72561,1
72562,0
72563,1
72564,0
72565,1
72566,1
72567,1
72568,1
72569,1
72570,1
72571,0
72572,1
72573,1
72574,1
72575,1
72576,0
72577,0
72578,1
72579,0
72580,1
72581,0
72582,1
72583,1
72584,0
72585,1
72586,1
72587,1
72588,1
72589,1
72590,1
72591,1
72592,0
72593,1
72594,1
72595,1
72596,1
72597,0
72598,1
72599,1
72600,1
72601,1
72602,1
72603,1
72604,0
72605,1
72606,1
72607,1
72608,0
72609,1
72610,1
72611,0
72612,1
72613,1
72614,1
72615,1
72616,0
72617,1
72618,0
72619,1
72620,1
72621,1
72622,1
72623,1
72624,1
72625,1
72626,1
72627,1
72628,0
72629,0
72630,1
72631,1
72632,0
72633,1
72634,1
72635,0
72636,0
72637,1
72638,1
72639,1
72640,1
72641,1
72642,0
72643,1
72644,1
72645,1
72646,1
72647,1
72648,0
72649,1
72650,1
72651,1
72652,1
72653,1
72654,1
72655,0
72656,1
72657,1
72658,1
72659,1
72660,1
72661,1
72662,0
72663,1
72664,1
72665,1
72666,1
72667,1
72668,1
72669,0
72670,1
72671,1
72672,0
72673,1
72674,0
72675,1
72676,1
72677,0
72678,0
72679,1
72680,0
72681,0
72682,0
72683,1
72684,1
72685,1
72686,0
72687,1
72688,0
72689,0
72690,1
72691,1
72692,0
72693,1
72694,1
72695,1
72696,0
72697,1
72698,1
72699,0
72700,1
72701,1
72702,1
72703,0
72704,1
72705,0
72706,1
72707,1
72708,1
72709,0
72710,1
72711,1
72712,1
72713,0
72714,0
72715,1
72716,0
72717,0
72718,1
72719,1
72720,1
72721,1
72722,1
72723,0
72724,1
72725,0
72726,0
72727,1
72728,1
72729,1
72730,1
72731,0
72732,1
72733,1
72734,1
72735,1
72736,0
72737,1
72738,1
72739,1
72740,1
72741,1
72742,1
72743,1
72744,1
72745,1
72746,1
72747,0
72748,1
72749,0
72750,0
72751,1
72752,1
72753,1
72754,0
72755,1
72756,1
72757,0
72758,1
72759,1
72760,0
72761,1
72762,1
72763,0
72764,1
72765,1
72766,1
72767,1
72768,1
72769,0
72770,1
72771,0
72772,0
72773,1
72774,0
72775,1
72776,1
72777,1
72778,0
72779,0
72780,1
72781,1
72782,1
72783,0
72784,0
72785,1
72786,0
72787,1
72788,1
72789,1
72790,1
72791,0
72792,0
72793,0
72794,0
72795,1
72796,1
72797,1
72798,0
72799,0
72800,1
72801,0
72802,0
72803,0
72804,0
72805,1
72806,1
72807,1
72808,1
72809,1
72810,1
72811,1
72812,1
72813,1
72814,1
72815,1
72816,1
72817,1
72818,1
72819,1
72820,1
72821,1
72822,0
72823,1
72824,1
72825,1
72826,0
72827,0
72828,0
72829,1
72830,1
72831,1
72832,1
72833,0
72834,1
72835,1
72836,1
72837,1
72838,0
72839,1
72840,0
72841,1
72842,1
72843,1
72844,1
72845,1
72846,1
72847,1
72848,1
72849,1
72850,1
72851,0
72852,0
72853,1
72854,1
72855,1
72856,1
72857,0
72858,1
72859,1
72860,1
72861,1
72862,1
72863,0
72864,1
72865,1
72866,0
72867,1
72868,0
72869,1
72870,0
72871,1
72872,1
72873,0
72874,1
72875,0
72876,1
72877,1
72878,1
72879,1
72880,1
72881,1
72882,0
72883,0
72884,1
72885,1
72886,0
72887,0
72888,1
72889,1
72890,1
72891,0
72892,1
72893,1
72894,0
72895,0
72896,1
72897,0
72898,1
72899,1
72900,1
72901,0
72902,1
72903,1
72904,0
72905,1
72906,0
72907,1
72908,0
72909,1
72910,1
72911,1
72912,1
72913,1
72914,1
72915,1
72916,1
72917,1
72918,0
72919,1
72920,0
72921,1
72922,1
72923,0
72924,1
72925,1
72926,1
72927,1
72928,0
72929,0
72930,0
72931,0
72932,1
72933,1
72934,1
72935,0
72936,1
72937,1
72938,1
72939,0
72940,1
72941,0
72942,0
72943,1
72944,0
72945,0
72946,1
72947,1
72948,1
72949,1
72950,1
72951,1
72952,1
